{"type": "FeatureCollection", "name": "narino_boundary", "crs": {"type": "name", "properties": {"name": "EPSG:4326"}}, "features": [{"type": "Feature", "properties": {"ID_0": 51, "ISO": "COL", "NAME_0": "Colombia", "ID_1": 672, "NAME_1": "Nariño", "VARNAME_1": "", "NL_NAME_1": "", "HASC_1": "CO.NA", "CC_1": "", "TYPE_1": "Departamento", "ENGTYPE_1": "Department", "VALIDFR_1": "1935", "VALIDTO_1": "Present", "REMARKS_1": "", "Shape_Leng": 11.9479330267, "Shape_Area": 2.59686793753}, "geometry": {"type": "MultiPolygon", "coordinates": [[[[-78.958747, 1.600973], [-78.958747, 1.600695], [-78.957359, 1.600695], [-78.957359, 1.600417], [-78.956803, 1.600417], [-78.956803, 1.600139], [-78.956254, 1.600139], [-78.956254, 1.599861], [-78.957359, 1.599861], [-78.957359, 1.600139], [-78.957917, 1.600139], [-78.957917, 1.600417], [-78.959588, 1.600417], [-78.959588, 1.600139], [-78.959861, 1.600139], [-78.959861, 1.599861], [-78.96042, 1.599861], [-78.96042, 1.600139], [-78.961808, 1.600139], [-78.961808, 1.600417], [-78.962081, 1.600417], [-78.962081, 1.600695], [-78.962364, 1.600695], [-78.962364, 1.600973], [-78.958747, 1.600973]]], [[[-78.976251, 1.602917], [-78.976251, 1.602639], [-78.975975, 1.602639], [-78.975975, 1.602361], [-78.975692, 1.602361], [-78.975692, 1.601805], [-78.975419, 1.601805], [-78.975419, 1.601527], [-78.974587, 1.601527], [-78.974587, 1.601805], [-78.974029, 1.601805], [-78.974029, 1.601527], [-78.973199, 1.601529], [-78.973199, 1.601251], [-78.97097, 1.601251], [-78.97097, 1.600973], [-78.970414, 1.600973], [-78.970414, 1.600695], [-78.969582, 1.600695], [-78.969582, 1.600417], [-78.969024, 1.600417], [-78.969024, 1.600139], [-78.967086, 1.600139], [-78.967086, 1.600417], [-78.96653, 1.600417], [-78.96653, 1.600695], [-78.965972, 1.600695], [-78.965972, 1.600417], [-78.96486, 1.600417], [-78.96486, 1.600139], [-78.963752, 1.600139], [-78.963752, 1.599861], [-78.96264, 1.599861], [-78.96264, 1.598195], [-78.961808, 1.598195], [-78.961808, 1.598473], [-78.961525, 1.598473], [-78.961525, 1.598751], [-78.961249, 1.598749], [-78.961249, 1.599027], [-78.955695, 1.599027], [-78.955695, 1.598749], [-78.953193, 1.598751], [-78.953193, 1.598195], [-78.952919, 1.598195], [-78.952919, 1.597361], [-78.952637, 1.597361], [-78.952637, 1.595973], [-78.952363, 1.595973], [-78.952363, 1.594861], [-78.951805, 1.594861], [-78.951805, 1.594583], [-78.949861, 1.594583], [-78.949861, 1.594305], [-78.949585, 1.594305], [-78.949585, 1.594027], [-78.949302, 1.594027], [-78.949302, 1.593751], [-78.949029, 1.593751], [-78.949029, 1.593473], [-78.949302, 1.593473], [-78.949302, 1.593195], [-78.953475, 1.593195], [-78.953475, 1.592917], [-78.954025, 1.592917], [-78.954025, 1.59236], [-78.954307, 1.59236], [-78.954307, 1.592082], [-78.952919, 1.592082], [-78.952919, 1.591807], [-78.949302, 1.591807], [-78.949302, 1.591529], [-78.949585, 1.591529], [-78.949585, 1.590972], [-78.950417, 1.590972], [-78.950417, 1.590694], [-78.950141, 1.590694], [-78.950141, 1.590138], [-78.949861, 1.590138], [-78.949861, 1.589582], [-78.949585, 1.589582], [-78.949585, 1.589306], [-78.949302, 1.589306], [-78.949302, 1.589028], [-78.948753, 1.589028], [-78.948753, 1.58875], [-78.94847, 1.58875], [-78.94847, 1.588472], [-78.948197, 1.588472], [-78.948197, 1.588194], [-78.947914, 1.588194], [-78.947914, 1.587916], [-78.947638, 1.587916], [-78.947638, 1.587638], [-78.947365, 1.58764], [-78.947365, 1.587362], [-78.947082, 1.587362], [-78.947082, 1.587084], [-78.946809, 1.587084], [-78.946809, 1.586528], [-78.946526, 1.586528], [-78.946526, 1.585972], [-78.94625, 1.585972], [-78.94625, 1.585694], [-78.945968, 1.585694], [-78.945968, 1.585416], [-78.945694, 1.585416], [-78.945694, 1.585138], [-78.945419, 1.58514], [-78.945419, 1.584862], [-78.945136, 1.584862], [-78.945136, 1.584584], [-78.94458, 1.584584], [-78.94458, 1.584306], [-78.944306, 1.584306], [-78.944306, 1.584028], [-78.944031, 1.584028], [-78.944031, 1.58375], [-78.942643, 1.58375], [-78.942643, 1.583472], [-78.940972, 1.583472], [-78.940972, 1.583194], [-78.939584, 1.583194], [-78.939584, 1.583472], [-78.939026, 1.583472], [-78.939026, 1.58375], [-78.937638, 1.58375], [-78.937638, 1.583472], [-78.936806, 1.583472], [-78.936806, 1.583194], [-78.936532, 1.583194], [-78.936532, 1.582916], [-78.935691, 1.582916], [-78.935691, 1.58264], [-78.935418, 1.58264], [-78.935418, 1.582362], [-78.935142, 1.582362], [-78.935142, 1.581806], [-78.934586, 1.581806], [-78.934586, 1.581528], [-78.93403, 1.581528], [-78.93403, 1.58125], [-78.933471, 1.58125], [-78.933471, 1.580694], [-78.933198, 1.580694], [-78.933198, 1.580418], [-78.932639, 1.580418], [-78.932639, 1.58014], [-78.931527, 1.58014], [-78.931527, 1.579584], [-78.931251, 1.579584], [-78.931251, 1.579028], [-78.930969, 1.579028], [-78.930969, 1.57764], [-78.931251, 1.57764], [-78.931251, 1.575695], [-78.931527, 1.575695], [-78.931527, 1.575139], [-78.931808, 1.575139], [-78.931808, 1.574029], [-78.932083, 1.574029], [-78.932083, 1.572639], [-78.932357, 1.572639], [-78.932357, 1.570973], [-78.932639, 1.570973], [-78.932639, 1.569861], [-78.932357, 1.569861], [-78.932357, 1.569027], [-78.932639, 1.569027], [-78.932639, 1.568751], [-78.932357, 1.568751], [-78.932357, 1.568195], [-78.932083, 1.568195], [-78.932083, 1.567917], [-78.931527, 1.567917], [-78.931527, 1.567361], [-78.931251, 1.567361], [-78.931251, 1.566805], [-78.930695, 1.566807], [-78.930695, 1.566251], [-78.930137, 1.566251], [-78.930137, 1.565973], [-78.929863, 1.565973], [-78.929863, 1.565695], [-78.929581, 1.565695], [-78.929581, 1.565417], [-78.929305, 1.565417], [-78.929305, 1.565138], [-78.928475, 1.565138], [-78.928475, 1.56486], [-78.927361, 1.56486], [-78.927361, 1.564582], [-78.926246, 1.564582], [-78.926246, 1.564304], [-78.925141, 1.564304], [-78.925141, 1.56375], [-78.924462, 1.56375], [-78.924027, 1.56375], [-78.924027, 1.563472], [-78.923751, 1.563472], [-78.923751, 1.563194], [-78.923195, 1.563194], [-78.923195, 1.562916], [-78.922921, 1.562916], [-78.922921, 1.562638], [-78.922639, 1.562638], [-78.922639, 1.562347], [-78.922639, 1.562084], [-78.922363, 1.562084], [-78.922363, 1.561528], [-78.92208, 1.561528], [-78.92208, 1.560972], [-78.922363, 1.560972], [-78.922363, 1.56125], [-78.922921, 1.56125], [-78.922921, 1.561528], [-78.923195, 1.561528], [-78.923195, 1.561806], [-78.927085, 1.561806], [-78.927085, 1.562084], [-78.927917, 1.562084], [-78.927917, 1.562362], [-78.928475, 1.562362], [-78.928475, 1.562638], [-78.929305, 1.562638], [-78.929305, 1.562916], [-78.930137, 1.562916], [-78.930137, 1.563194], [-78.930695, 1.563194], [-78.930695, 1.563472], [-78.931527, 1.563472], [-78.931527, 1.56375], [-78.931808, 1.56375], [-78.931808, 1.564304], [-78.932083, 1.564304], [-78.932083, 1.56486], [-78.932357, 1.56486], [-78.932357, 1.565138], [-78.932639, 1.565138], [-78.932639, 1.565417], [-78.932915, 1.565417], [-78.932915, 1.565695], [-78.933198, 1.565695], [-78.933198, 1.565973], [-78.933471, 1.565973], [-78.933471, 1.566529], [-78.933747, 1.566529], [-78.933747, 1.566807], [-78.93403, 1.566807], [-78.93403, 1.567083], [-78.934303, 1.567083], [-78.934303, 1.567295], [-78.934303, 1.567639], [-78.934586, 1.567639], [-78.934586, 1.567917], [-78.934859, 1.567917], [-78.934859, 1.568195], [-78.935142, 1.568195], [-78.935142, 1.568751], [-78.935418, 1.568751], [-78.935418, 1.569027], [-78.935691, 1.569027], [-78.935691, 1.569305], [-78.935974, 1.569305], [-78.935974, 1.569861], [-78.93625, 1.569861], [-78.93625, 1.570139], [-78.936532, 1.570139], [-78.936532, 1.570417], [-78.936806, 1.570417], [-78.936806, 1.570973], [-78.937081, 1.570973], [-78.937081, 1.571251], [-78.937362, 1.571249], [-78.937362, 1.571805], [-78.937638, 1.571805], [-78.937638, 1.572083], [-78.93792, 1.572083], [-78.93792, 1.572639], [-78.938194, 1.572639], [-78.938194, 1.572917], [-78.938469, 1.572917], [-78.938469, 1.573195], [-78.938752, 1.573195], [-78.938752, 1.573749], [-78.939026, 1.573749], [-78.939026, 1.574029], [-78.939308, 1.574027], [-78.939308, 1.574305], [-78.939584, 1.574305], [-78.939584, 1.574583], [-78.939857, 1.574583], [-78.939857, 1.575139], [-78.94014, 1.575139], [-78.94014, 1.575417], [-78.940414, 1.575417], [-78.940414, 1.575695], [-78.940696, 1.575695], [-78.940696, 1.575971], [-78.940972, 1.575971], [-78.940972, 1.576252], [-78.941255, 1.576252], [-78.941255, 1.576527], [-78.941528, 1.576527], [-78.941528, 1.576805], [-78.941804, 1.576805], [-78.941804, 1.577361], [-78.942084, 1.577361], [-78.942084, 1.57764], [-78.94236, 1.57764], [-78.94236, 1.577918], [-78.942643, 1.577918], [-78.942643, 1.578193], [-78.942916, 1.578193], [-78.942916, 1.578471], [-78.943192, 1.578471], [-78.943192, 1.578749], [-78.943474, 1.578749], [-78.943474, 1.579028], [-78.943748, 1.579028], [-78.943748, 1.579584], [-78.944031, 1.579584], [-78.944031, 1.579862], [-78.944306, 1.579862], [-78.944306, 1.58014], [-78.94458, 1.58014], [-78.94458, 1.580418], [-78.944862, 1.580418], [-78.944862, 1.580694], [-78.945136, 1.580694], [-78.945136, 1.580972], [-78.945419, 1.580972], [-78.945419, 1.58125], [-78.945694, 1.58125], [-78.945694, 1.581528], [-78.945968, 1.581528], [-78.945968, 1.581806], [-78.94625, 1.581806], [-78.94625, 1.582362], [-78.946526, 1.582362], [-78.946526, 1.58264], [-78.946809, 1.58264], [-78.946809, 1.582916], [-78.947082, 1.582916], [-78.947082, 1.583194], [-78.947365, 1.583194], [-78.947365, 1.583472], [-78.947638, 1.583472], [-78.947638, 1.58375], [-78.947914, 1.58375], [-78.947914, 1.584028], [-78.94847, 1.584028], [-78.94847, 1.584306], [-78.948753, 1.584306], [-78.948753, 1.584584], [-78.949029, 1.584584], [-78.949029, 1.584862], [-78.949302, 1.584862], [-78.949302, 1.58514], [-78.949585, 1.585138], [-78.949585, 1.585416], [-78.950141, 1.585416], [-78.950141, 1.585694], [-78.950417, 1.585694], [-78.950417, 1.585972], [-78.95069, 1.585972], [-78.95069, 1.58625], [-78.950973, 1.58625], [-78.950973, 1.586528], [-78.951249, 1.586528], [-78.951249, 1.586806], [-78.951531, 1.586806], [-78.951531, 1.587084], [-78.95208, 1.587084], [-78.95208, 1.587362], [-78.952363, 1.587362], [-78.952363, 1.58764], [-78.952637, 1.587638], [-78.952637, 1.587916], [-78.952919, 1.587916], [-78.952919, 1.588194], [-78.953193, 1.588194], [-78.953193, 1.588472], [-78.953751, 1.588472], [-78.953751, 1.58875], [-78.954025, 1.58875], [-78.954025, 1.589028], [-78.954307, 1.589028], [-78.954307, 1.589306], [-78.954866, 1.589306], [-78.954866, 1.589582], [-78.955139, 1.589582], [-78.955139, 1.58986], [-78.955695, 1.58986], [-78.955695, 1.590138], [-78.955971, 1.590138], [-78.955971, 1.590416], [-78.956527, 1.590416], [-78.956527, 1.590694], [-78.956803, 1.590694], [-78.956803, 1.590972], [-78.957359, 1.590972], [-78.957359, 1.591529], [-78.958191, 1.591529], [-78.958191, 1.591807], [-78.958473, 1.591807], [-78.958473, 1.592082], [-78.95903, 1.592082], [-78.95903, 1.59236], [-78.959305, 1.59236], [-78.959305, 1.592639], [-78.959861, 1.592639], [-78.959861, 1.592917], [-78.960137, 1.592917], [-78.960137, 1.593195], [-78.960693, 1.593195], [-78.960693, 1.593473], [-78.960976, 1.593473], [-78.960976, 1.593751], [-78.961525, 1.593751], [-78.961525, 1.594027], [-78.961808, 1.594027], [-78.961808, 1.594305], [-78.962364, 1.594305], [-78.962364, 1.594583], [-78.96264, 1.594583], [-78.96264, 1.594861], [-78.963196, 1.594861], [-78.963196, 1.595139], [-78.963472, 1.595139], [-78.963472, 1.595417], [-78.964028, 1.595417], [-78.964028, 1.595695], [-78.964301, 1.595695], [-78.964301, 1.595973], [-78.96486, 1.595973], [-78.96486, 1.596251], [-78.965142, 1.596251], [-78.965142, 1.596529], [-78.965698, 1.596529], [-78.965698, 1.596805], [-78.965972, 1.596805], [-78.965972, 1.597083], [-78.96653, 1.597083], [-78.96653, 1.597361], [-78.966804, 1.597361], [-78.966804, 1.597639], [-78.967636, 1.597639], [-78.967636, 1.597917], [-78.968474, 1.597917], [-78.968474, 1.598195], [-78.969306, 1.598195], [-78.969306, 1.598473], [-78.970138, 1.598473], [-78.970138, 1.598751], [-78.97097, 1.598749], [-78.97097, 1.599027], [-78.971802, 1.599027], [-78.971802, 1.599305], [-78.973748, 1.599305], [-78.973748, 1.599583], [-78.976524, 1.599583], [-78.976524, 1.599305], [-78.979027, 1.599305], [-78.979027, 1.599027], [-78.980141, 1.599027], [-78.980141, 1.599305], [-78.982917, 1.599305], [-78.982917, 1.598749], [-78.983193, 1.598751], [-78.983193, 1.597639], [-78.983476, 1.597639], [-78.983476, 1.597083], [-78.984025, 1.597083], [-78.984025, 1.596805], [-78.984581, 1.596805], [-78.984581, 1.597361], [-78.984864, 1.597361], [-78.984864, 1.597639], [-78.985137, 1.597639], [-78.985137, 1.598195], [-78.98542, 1.598195], [-78.98542, 1.599305], [-78.985137, 1.599305], [-78.985137, 1.599861], [-78.984864, 1.599861], [-78.984864, 1.600139], [-78.984307, 1.600139], [-78.984307, 1.600417], [-78.983749, 1.600417], [-78.983749, 1.600139], [-78.981805, 1.600139], [-78.981805, 1.600695], [-78.982361, 1.600695], [-78.982361, 1.600973], [-78.982917, 1.600973], [-78.982917, 1.601805], [-78.979583, 1.601805], [-78.979583, 1.602083], [-78.979309, 1.602083], [-78.979309, 1.602361], [-78.978753, 1.602361], [-78.978753, 1.602639], [-78.978471, 1.602639], [-78.978471, 1.602917], [-78.976251, 1.602917]]], [[[-78.704307, 1.77986], [-78.704307, 1.779582], [-78.702636, 1.779582], [-78.702636, 1.779029], [-78.702362, 1.779029], [-78.702362, 1.778472], [-78.70208, 1.778472], [-78.70208, 1.77736], [-78.702362, 1.77736], [-78.702362, 1.776806], [-78.702636, 1.776806], [-78.702636, 1.776528], [-78.70375, 1.776528], [-78.70375, 1.776806], [-78.704026, 1.776806], [-78.704026, 1.777082], [-78.704307, 1.777082], [-78.704307, 1.77736], [-78.704582, 1.77736], [-78.704582, 1.777641], [-78.704865, 1.777638], [-78.704865, 1.778194], [-78.705138, 1.778194], [-78.705138, 1.779582], [-78.704865, 1.779582], [-78.704865, 1.77986], [-78.704307, 1.77986]]], [[[-78.759026, 1.79764], [-78.759026, 1.797362], [-78.758468, 1.797362], [-78.758468, 1.79514], [-78.75875, 1.79514], [-78.75875, 1.794862], [-78.759026, 1.794862], [-78.759026, 1.794306], [-78.759309, 1.794306], [-78.759309, 1.793749], [-78.760414, 1.793749], [-78.760414, 1.793471], [-78.760697, 1.793471], [-78.760697, 1.793749], [-78.761253, 1.793749], [-78.761253, 1.795415], [-78.76097, 1.795415], [-78.76097, 1.795694], [-78.761253, 1.795694], [-78.761253, 1.795972], [-78.76097, 1.795972], [-78.76097, 1.79625], [-78.760697, 1.79625], [-78.760697, 1.796528], [-78.760414, 1.796528], [-78.760414, 1.796806], [-78.760138, 1.796806], [-78.760138, 1.797362], [-78.759309, 1.797362], [-78.759309, 1.79764], [-78.759026, 1.79764]]], [[[-78.769586, 1.80125], [-78.769586, 1.800972], [-78.769303, 1.800972], [-78.769303, 1.800694], [-78.768754, 1.800694], [-78.768754, 1.800416], [-78.769027, 1.800416], [-78.769027, 1.800138], [-78.769303, 1.80014], [-78.769303, 1.799584], [-78.769586, 1.799584], [-78.769586, 1.799306], [-78.770142, 1.799306], [-78.770142, 1.799028], [-78.770691, 1.799028], [-78.770691, 1.79875], [-78.770974, 1.79875], [-78.770974, 1.798472], [-78.77153, 1.798472], [-78.77153, 1.798194], [-78.772361, 1.798194], [-78.772361, 1.798472], [-78.772637, 1.798472], [-78.772637, 1.79875], [-78.772918, 1.79875], [-78.772918, 1.799028], [-78.773193, 1.799028], [-78.773193, 1.800416], [-78.772918, 1.800416], [-78.772918, 1.800694], [-78.772361, 1.800694], [-78.772361, 1.800972], [-78.770974, 1.800972], [-78.770974, 1.80125], [-78.769586, 1.80125]]], [[[-78.774864, 1.801528], [-78.774864, 1.80125], [-78.774581, 1.80125], [-78.774581, 1.800694], [-78.774864, 1.800694], [-78.774864, 1.799862], [-78.77514, 1.799862], [-78.77514, 1.799028], [-78.775413, 1.799028], [-78.775413, 1.798194], [-78.775696, 1.798194], [-78.775696, 1.798472], [-78.775969, 1.798472], [-78.775969, 1.798194], [-78.776368, 1.798194], [-78.777084, 1.798194], [-78.777084, 1.798472], [-78.77736, 1.798472], [-78.77736, 1.79875], [-78.777916, 1.79875], [-78.777916, 1.799076], [-78.777916, 1.799584], [-78.778198, 1.799584], [-78.778198, 1.80014], [-78.777916, 1.800138], [-78.777916, 1.800694], [-78.776528, 1.800694], [-78.776528, 1.800972], [-78.776252, 1.800972], [-78.776252, 1.80125], [-78.775696, 1.80125], [-78.775696, 1.801528], [-78.774864, 1.801528]]], [[[-78.787636, 1.809305], [-78.787636, 1.808751], [-78.78736, 1.808751], [-78.78736, 1.806251], [-78.787087, 1.806251], [-78.787087, 1.80429], [-78.787087, 1.804028], [-78.786804, 1.804028], [-78.786804, 1.80375], [-78.787087, 1.80375], [-78.787087, 1.803472], [-78.787636, 1.803472], [-78.787636, 1.80375], [-78.787919, 1.80375], [-78.787919, 1.804028], [-78.788192, 1.804028], [-78.788192, 1.804863], [-78.787919, 1.80486], [-78.787919, 1.805416], [-78.787636, 1.805416], [-78.787636, 1.805694], [-78.787919, 1.805694], [-78.787919, 1.805972], [-78.788192, 1.805972], [-78.788192, 1.806251], [-78.788475, 1.806251], [-78.788475, 1.806529], [-78.788751, 1.806529], [-78.788751, 1.807082], [-78.789024, 1.807082], [-78.789024, 1.808195], [-78.788751, 1.808195], [-78.788751, 1.808473], [-78.788475, 1.808473], [-78.788475, 1.809029], [-78.788192, 1.809029], [-78.788192, 1.809305], [-78.787636, 1.809305]]], [[[-78.83236, 1.819027], [-78.83236, 1.818749], [-78.832084, 1.818749], [-78.832084, 1.818471], [-78.831801, 1.818471], [-78.831801, 1.817917], [-78.831252, 1.817917], [-78.831252, 1.817083], [-78.831528, 1.817083], [-78.831528, 1.816274], [-78.831528, 1.815695], [-78.832084, 1.815695], [-78.832084, 1.815417], [-78.832642, 1.815417], [-78.832642, 1.815695], [-78.832916, 1.815695], [-78.832916, 1.815417], [-78.833192, 1.815417], [-78.833192, 1.815139], [-78.833748, 1.815139], [-78.833748, 1.814861], [-78.835136, 1.814861], [-78.835136, 1.815139], [-78.835418, 1.815139], [-78.835418, 1.814861], [-78.835694, 1.814861], [-78.835694, 1.815139], [-78.837638, 1.815139], [-78.837638, 1.814861], [-78.837914, 1.814861], [-78.837914, 1.814583], [-78.838197, 1.814583], [-78.838197, 1.814305], [-78.83847, 1.814305], [-78.83847, 1.813751], [-78.838753, 1.813751], [-78.838753, 1.813195], [-78.839585, 1.813195], [-78.839585, 1.813473], [-78.839858, 1.813473], [-78.839858, 1.812917], [-78.840141, 1.812917], [-78.840141, 1.812639], [-78.840699, 1.812639], [-78.840699, 1.812361], [-78.841248, 1.812361], [-78.841248, 1.813473], [-78.840973, 1.813473], [-78.840973, 1.813751], [-78.840699, 1.813751], [-78.840699, 1.814029], [-78.840416, 1.814027], [-78.840416, 1.814583], [-78.840141, 1.814583], [-78.840141, 1.814861], [-78.839858, 1.814861], [-78.839858, 1.815417], [-78.839585, 1.815417], [-78.839585, 1.815695], [-78.839028, 1.815695], [-78.839028, 1.815973], [-78.838197, 1.815973], [-78.838197, 1.816251], [-78.837638, 1.816249], [-78.837638, 1.816527], [-78.837365, 1.816527], [-78.837365, 1.816805], [-78.836806, 1.816805], [-78.836806, 1.817083], [-78.835694, 1.817083], [-78.835694, 1.817361], [-78.835136, 1.817361], [-78.835136, 1.817639], [-78.834862, 1.817639], [-78.834862, 1.817917], [-78.83403, 1.817917], [-78.83403, 1.818195], [-78.833748, 1.818195], [-78.833748, 1.818471], [-78.833488, 1.818471], [-78.833474, 1.818749], [-78.833192, 1.818749], [-78.833192, 1.819027], [-78.83236, 1.819027]]], [[[-78.802359, 1.820418], [-78.802359, 1.82014], [-78.802086, 1.82014], [-78.802086, 1.819305], [-78.801803, 1.819305], [-78.801803, 1.819027], [-78.800971, 1.819027], [-78.800971, 1.819305], [-78.800698, 1.819305], [-78.800698, 1.819583], [-78.799857, 1.819583], [-78.799857, 1.815139], [-78.80014, 1.815139], [-78.80014, 1.814861], [-78.800415, 1.814861], [-78.800415, 1.814583], [-78.800971, 1.814583], [-78.800971, 1.814305], [-78.801247, 1.814305], [-78.801247, 1.814027], [-78.802086, 1.814029], [-78.802086, 1.813751], [-78.802635, 1.813751], [-78.802635, 1.813473], [-78.80375, 1.813473], [-78.80375, 1.812917], [-78.803474, 1.812917], [-78.803474, 1.812639], [-78.802918, 1.812639], [-78.802918, 1.812361], [-78.802086, 1.812361], [-78.802086, 1.812083], [-78.80153, 1.812083], [-78.80153, 1.811251], [-78.802086, 1.811251], [-78.802086, 1.810417], [-78.802359, 1.810417], [-78.802359, 1.810139], [-78.802635, 1.810139], [-78.802635, 1.809305], [-78.803191, 1.809305], [-78.803191, 1.808473], [-78.803474, 1.808473], [-78.803474, 1.808195], [-78.80375, 1.808195], [-78.80375, 1.807638], [-78.804032, 1.807638], [-78.804032, 1.80736], [-78.804306, 1.80736], [-78.804306, 1.806804], [-78.804582, 1.806807], [-78.804582, 1.806529], [-78.804862, 1.806529], [-78.804862, 1.806251], [-78.805138, 1.806251], [-78.805138, 1.805979], [-78.805138, 1.805416], [-78.80542, 1.805416], [-78.80542, 1.80486], [-78.805694, 1.804863], [-78.805694, 1.804306], [-78.80597, 1.804306], [-78.80597, 1.804028], [-78.807084, 1.804028], [-78.807084, 1.804306], [-78.80764, 1.804306], [-78.80764, 1.804582], [-78.808746, 1.804582], [-78.808746, 1.804863], [-78.809028, 1.80486], [-78.809028, 1.80509], [-78.809304, 1.805138], [-78.809304, 1.805416], [-78.809587, 1.805416], [-78.809587, 1.805972], [-78.80986, 1.805972], [-78.80986, 1.806251], [-78.810143, 1.806251], [-78.810143, 1.809029], [-78.810416, 1.809029], [-78.810416, 1.809305], [-78.810692, 1.809305], [-78.810692, 1.809583], [-78.810975, 1.809583], [-78.810975, 1.810139], [-78.811248, 1.810139], [-78.811248, 1.810695], [-78.811806, 1.810695], [-78.811806, 1.810973], [-78.81208, 1.810973], [-78.81208, 1.811251], [-78.812363, 1.811251], [-78.812363, 1.811527], [-78.812638, 1.811527], [-78.812638, 1.811805], [-78.812919, 1.811805], [-78.812919, 1.812083], [-78.813194, 1.812083], [-78.813194, 1.812361], [-78.813468, 1.812361], [-78.813468, 1.812639], [-78.813751, 1.812639], [-78.813751, 1.812917], [-78.814026, 1.812917], [-78.814026, 1.813195], [-78.814309, 1.813195], [-78.814309, 1.813473], [-78.814858, 1.813473], [-78.814858, 1.813751], [-78.815141, 1.813751], [-78.815141, 1.814029], [-78.815414, 1.814029], [-78.815414, 1.815139], [-78.815141, 1.815139], [-78.815141, 1.815417], [-78.814582, 1.815417], [-78.814582, 1.815695], [-78.814309, 1.815695], [-78.814309, 1.816527], [-78.814026, 1.816527], [-78.814026, 1.816805], [-78.813751, 1.816805], [-78.813751, 1.817083], [-78.812919, 1.817083], [-78.812919, 1.817361], [-78.81208, 1.817361], [-78.81208, 1.817639], [-78.811806, 1.817639], [-78.811806, 1.817917], [-78.810975, 1.817917], [-78.810975, 1.818029], [-78.810975, 1.818195], [-78.810692, 1.818195], [-78.810692, 1.818471], [-78.810416, 1.818471], [-78.810416, 1.818749], [-78.80986, 1.818749], [-78.80986, 1.818471], [-78.809388, 1.818471], [-78.808196, 1.818471], [-78.808196, 1.818749], [-78.807084, 1.818749], [-78.807084, 1.819027], [-78.80542, 1.819027], [-78.80542, 1.819305], [-78.804582, 1.819305], [-78.804582, 1.819583], [-78.804032, 1.819583], [-78.804032, 1.819862], [-78.803474, 1.819862], [-78.803474, 1.82014], [-78.802918, 1.82014], [-78.802918, 1.820418], [-78.802359, 1.820418]]], [[[-78.770691, 1.819583], [-78.770691, 1.819027], [-78.770417, 1.819027], [-78.770417, 1.818749], [-78.770142, 1.818749], [-78.770142, 1.817917], [-78.770417, 1.817917], [-78.770417, 1.817361], [-78.770691, 1.817361], [-78.770691, 1.816527], [-78.770417, 1.816527], [-78.770417, 1.8158], [-78.770417, 1.815417], [-78.770691, 1.815417], [-78.770691, 1.815139], [-78.771126, 1.815139], [-78.77153, 1.815139], [-78.77153, 1.815417], [-78.771805, 1.815417], [-78.771805, 1.815695], [-78.772088, 1.815695], [-78.772088, 1.816251], [-78.772361, 1.816249], [-78.772361, 1.816527], [-78.773193, 1.816527], [-78.773193, 1.817083], [-78.773476, 1.817083], [-78.773476, 1.817361], [-78.774581, 1.817361], [-78.774581, 1.817639], [-78.77514, 1.817639], [-78.77514, 1.817917], [-78.774864, 1.817917], [-78.774864, 1.818195], [-78.774581, 1.818195], [-78.774581, 1.818471], [-78.773749, 1.818471], [-78.773749, 1.819027], [-78.773476, 1.819027], [-78.773476, 1.819583], [-78.773193, 1.819583], [-78.773193, 1.819862], [-78.772637, 1.819862], [-78.772637, 1.82014], [-78.772361, 1.82014], [-78.772361, 1.820418], [-78.77153, 1.820418], [-78.77153, 1.820693], [-78.770691, 1.820693], [-78.770691, 1.820971], [-78.769859, 1.820971], [-78.769859, 1.821249], [-78.769303, 1.821249], [-78.769303, 1.820693], [-78.769586, 1.820693], [-78.769586, 1.820418], [-78.770142, 1.820418], [-78.770142, 1.82014], [-78.770417, 1.82014], [-78.770417, 1.819583], [-78.770691, 1.819583]]], [[[-78.825417, 1.823472], [-78.825417, 1.823194], [-78.824859, 1.823194], [-78.824859, 1.822918], [-78.824586, 1.822918], [-78.824586, 1.820693], [-78.824859, 1.820693], [-78.824859, 1.820418], [-78.824586, 1.820418], [-78.824586, 1.82014], [-78.824303, 1.82014], [-78.824303, 1.819305], [-78.824586, 1.819305], [-78.824586, 1.819027], [-78.825142, 1.819027], [-78.825142, 1.818749], [-78.825417, 1.818749], [-78.825417, 1.818471], [-78.825691, 1.818471], [-78.825691, 1.818749], [-78.826247, 1.818749], [-78.826247, 1.818195], [-78.825974, 1.818195], [-78.825974, 1.817639], [-78.825691, 1.817639], [-78.825691, 1.817361], [-78.825974, 1.817361], [-78.825974, 1.816527], [-78.826247, 1.816527], [-78.826247, 1.815973], [-78.82653, 1.815973], [-78.82653, 1.816251], [-78.826805, 1.816249], [-78.826805, 1.816805], [-78.827362, 1.816805], [-78.827362, 1.817083], [-78.82792, 1.817083], [-78.82792, 1.817361], [-78.82875, 1.817361], [-78.82875, 1.817639], [-78.829308, 1.817639], [-78.829308, 1.817917], [-78.83014, 1.817917], [-78.83014, 1.818471], [-78.829864, 1.818471], [-78.829864, 1.819027], [-78.829308, 1.819027], [-78.829308, 1.819305], [-78.82875, 1.819305], [-78.82875, 1.819583], [-78.828476, 1.819583], [-78.828476, 1.820971], [-78.82875, 1.820971], [-78.82875, 1.821249], [-78.829025, 1.821249], [-78.829025, 1.822084], [-78.82875, 1.822084], [-78.82875, 1.82264], [-78.828193, 1.82264], [-78.828193, 1.822918], [-78.827362, 1.822918], [-78.827362, 1.82264], [-78.826805, 1.82264], [-78.826805, 1.822918], [-78.82653, 1.822918], [-78.82653, 1.823194], [-78.826247, 1.823194], [-78.826247, 1.823472], [-78.825417, 1.823472]]], [[[-78.762917, 1.823472], [-78.762917, 1.823194], [-78.762641, 1.823194], [-78.762641, 1.822084], [-78.762361, 1.822084], [-78.762361, 1.820971], [-78.762085, 1.820971], [-78.762085, 1.820693], [-78.76097, 1.820693], [-78.76097, 1.820418], [-78.760697, 1.820418], [-78.760697, 1.820693], [-78.760414, 1.820693], [-78.760414, 1.820418], [-78.759865, 1.820418], [-78.759865, 1.82014], [-78.759582, 1.82014], [-78.759582, 1.819862], [-78.759865, 1.819862], [-78.759865, 1.819583], [-78.760138, 1.819583], [-78.760138, 1.819305], [-78.760414, 1.819305], [-78.760414, 1.818512], [-78.760414, 1.817917], [-78.760697, 1.817917], [-78.760697, 1.816249], [-78.76097, 1.816251], [-78.76097, 1.815973], [-78.763038, 1.815973], [-78.76319, 1.815973], [-78.76319, 1.815506], [-78.76319, 1.815139], [-78.762917, 1.815139], [-78.762917, 1.814583], [-78.762641, 1.814583], [-78.762641, 1.814394], [-78.762641, 1.814027], [-78.762917, 1.814029], [-78.762917, 1.812917], [-78.762641, 1.812917], [-78.762641, 1.812639], [-78.762917, 1.812639], [-78.762917, 1.812083], [-78.76319, 1.812083], [-78.76319, 1.811805], [-78.762917, 1.811805], [-78.762917, 1.811527], [-78.762361, 1.811527], [-78.762361, 1.811805], [-78.761802, 1.811805], [-78.761802, 1.811251], [-78.761529, 1.811251], [-78.761529, 1.810695], [-78.761253, 1.810695], [-78.761253, 1.809305], [-78.761529, 1.809305], [-78.761529, 1.809029], [-78.761253, 1.809029], [-78.761253, 1.808195], [-78.76097, 1.808195], [-78.76097, 1.807082], [-78.760697, 1.807082], [-78.760697, 1.806529], [-78.761253, 1.806529], [-78.761253, 1.805972], [-78.761529, 1.805972], [-78.761529, 1.805694], [-78.761802, 1.805694], [-78.761802, 1.805138], [-78.762085, 1.805138], [-78.762085, 1.804863], [-78.762361, 1.804863], [-78.762361, 1.804582], [-78.762641, 1.804582], [-78.762641, 1.804306], [-78.762917, 1.804306], [-78.762917, 1.804028], [-78.76319, 1.804028], [-78.76319, 1.80375], [-78.763473, 1.80375], [-78.763473, 1.803472], [-78.764581, 1.803472], [-78.764581, 1.803194], [-78.765975, 1.803194], [-78.765975, 1.803472], [-78.766251, 1.803472], [-78.766251, 1.80375], [-78.767083, 1.80375], [-78.767083, 1.804028], [-78.769586, 1.804028], [-78.769586, 1.80375], [-78.770417, 1.80375], [-78.770417, 1.803472], [-78.77153, 1.803472], [-78.77153, 1.804028], [-78.773193, 1.804028], [-78.773193, 1.80375], [-78.774308, 1.80375], [-78.774308, 1.804028], [-78.774581, 1.804028], [-78.774581, 1.80375], [-78.774864, 1.80375], [-78.774864, 1.803472], [-78.77514, 1.803472], [-78.77514, 1.803194], [-78.776252, 1.803194], [-78.776252, 1.802916], [-78.778198, 1.802916], [-78.778198, 1.802638], [-78.778472, 1.80264], [-78.778472, 1.802362], [-78.779304, 1.802362], [-78.779304, 1.80264], [-78.78125, 1.802638], [-78.78125, 1.802916], [-78.781524, 1.802916], [-78.781524, 1.803194], [-78.781806, 1.803194], [-78.781806, 1.80375], [-78.782082, 1.80375], [-78.782082, 1.804028], [-78.782365, 1.804028], [-78.782365, 1.804306], [-78.782638, 1.804306], [-78.782638, 1.805138], [-78.782914, 1.805138], [-78.782914, 1.805416], [-78.783197, 1.805416], [-78.783197, 1.806251], [-78.782638, 1.806251], [-78.782638, 1.805972], [-78.781806, 1.805972], [-78.781806, 1.806251], [-78.781524, 1.806251], [-78.781524, 1.806529], [-78.780974, 1.806529], [-78.780974, 1.806807], [-78.779304, 1.806807], [-78.779304, 1.807082], [-78.778472, 1.807082], [-78.778472, 1.80736], [-78.776252, 1.80736], [-78.776252, 1.807638], [-78.775696, 1.807638], [-78.775696, 1.808195], [-78.775413, 1.808195], [-78.775413, 1.808473], [-78.774864, 1.808473], [-78.774864, 1.808751], [-78.774581, 1.808751], [-78.774581, 1.809029], [-78.774025, 1.809029], [-78.774025, 1.809305], [-78.773476, 1.809305], [-78.773476, 1.809583], [-78.773193, 1.809583], [-78.773193, 1.809861], [-78.772361, 1.809861], [-78.772361, 1.810139], [-78.771805, 1.810139], [-78.771805, 1.810417], [-78.771247, 1.810417], [-78.771247, 1.810695], [-78.770691, 1.810695], [-78.770691, 1.810973], [-78.770417, 1.810973], [-78.770417, 1.811251], [-78.770142, 1.811251], [-78.770142, 1.811805], [-78.769859, 1.811805], [-78.769859, 1.812083], [-78.769027, 1.812083], [-78.769027, 1.812361], [-78.768471, 1.812361], [-78.768471, 1.812917], [-78.767915, 1.812917], [-78.767915, 1.813195], [-78.767639, 1.813195], [-78.767639, 1.813751], [-78.767366, 1.813751], [-78.767366, 1.814029], [-78.767083, 1.814027], [-78.767083, 1.814305], [-78.766807, 1.814305], [-78.766807, 1.814583], [-78.766525, 1.814583], [-78.766525, 1.814861], [-78.766251, 1.814861], [-78.766251, 1.815139], [-78.765693, 1.815139], [-78.765693, 1.815417], [-78.765137, 1.815417], [-78.765137, 1.815695], [-78.764863, 1.815695], [-78.764863, 1.815973], [-78.764581, 1.815973], [-78.764581, 1.816527], [-78.764863, 1.816527], [-78.764863, 1.817361], [-78.764581, 1.817361], [-78.764581, 1.818195], [-78.764305, 1.818195], [-78.764305, 1.818749], [-78.764581, 1.818749], [-78.764581, 1.819027], [-78.764863, 1.819027], [-78.764863, 1.819583], [-78.765137, 1.819583], [-78.765137, 1.819862], [-78.765419, 1.819862], [-78.765419, 1.820418], [-78.765693, 1.820415], [-78.765693, 1.820971], [-78.767083, 1.820971], [-78.767083, 1.820693], [-78.767915, 1.820693], [-78.767915, 1.820971], [-78.768471, 1.820971], [-78.768471, 1.821249], [-78.769027, 1.821249], [-78.769027, 1.822084], [-78.768754, 1.822084], [-78.768754, 1.822362], [-78.768471, 1.822362], [-78.768471, 1.82264], [-78.767083, 1.82264], [-78.767083, 1.822362], [-78.765419, 1.822362], [-78.765419, 1.82264], [-78.765137, 1.82264], [-78.765137, 1.822918], [-78.764305, 1.822918], [-78.764305, 1.823194], [-78.76319, 1.823194], [-78.76319, 1.823472], [-78.762917, 1.823472]]], [[[-78.821251, 1.824584], [-78.821251, 1.824306], [-78.820969, 1.824306], [-78.820969, 1.824028], [-78.820693, 1.824028], [-78.820693, 1.82375], [-78.820419, 1.82375], [-78.820419, 1.82264], [-78.821525, 1.82264], [-78.821525, 1.822362], [-78.822083, 1.822362], [-78.822083, 1.821806], [-78.822639, 1.821806], [-78.822639, 1.821528], [-78.822915, 1.821528], [-78.822915, 1.82014], [-78.823195, 1.82014], [-78.823195, 1.819862], [-78.823471, 1.819862], [-78.823471, 1.819583], [-78.824027, 1.819583], [-78.824027, 1.821528], [-78.823754, 1.821528], [-78.823754, 1.821806], [-78.823471, 1.821806], [-78.823471, 1.82264], [-78.824303, 1.82264], [-78.824303, 1.823472], [-78.824027, 1.823472], [-78.824027, 1.82375], [-78.823754, 1.82375], [-78.823754, 1.824028], [-78.823195, 1.824028], [-78.823195, 1.824306], [-78.822366, 1.824306], [-78.822366, 1.824584], [-78.821251, 1.824584]]], [[[-78.787919, 1.829584], [-78.787919, 1.829306], [-78.787087, 1.829306], [-78.787087, 1.82875], [-78.786804, 1.82875], [-78.786804, 1.828472], [-78.787636, 1.828472], [-78.787636, 1.828194], [-78.790139, 1.828194], [-78.790139, 1.828472], [-78.790412, 1.828472], [-78.790412, 1.82875], [-78.791527, 1.82875], [-78.791527, 1.828194], [-78.791809, 1.828194], [-78.791809, 1.827916], [-78.792641, 1.827916], [-78.792641, 1.827638], [-78.792915, 1.82764], [-78.792915, 1.827362], [-78.793197, 1.827362], [-78.793197, 1.827084], [-78.793473, 1.827084], [-78.793473, 1.826528], [-78.793747, 1.826528], [-78.793747, 1.825416], [-78.794861, 1.825416], [-78.794861, 1.825694], [-78.795135, 1.825694], [-78.795135, 1.82625], [-78.795417, 1.82625], [-78.795417, 1.826806], [-78.796805, 1.826806], [-78.796805, 1.825416], [-78.796525, 1.825416], [-78.796525, 1.82514], [-78.796249, 1.82514], [-78.796249, 1.824584], [-78.797081, 1.824584], [-78.797081, 1.824862], [-78.797364, 1.824862], [-78.797364, 1.82514], [-78.797637, 1.82514], [-78.797637, 1.825694], [-78.798752, 1.825694], [-78.798752, 1.825972], [-78.799583, 1.825972], [-78.799583, 1.825694], [-78.799857, 1.825694], [-78.799857, 1.825416], [-78.800415, 1.825416], [-78.800415, 1.82514], [-78.801803, 1.82514], [-78.801803, 1.824862], [-78.802359, 1.824862], [-78.802359, 1.82514], [-78.802635, 1.82514], [-78.802635, 1.825694], [-78.802918, 1.825694], [-78.802918, 1.82625], [-78.802359, 1.82625], [-78.802359, 1.826528], [-78.800415, 1.826528], [-78.800415, 1.826806], [-78.799583, 1.826806], [-78.799583, 1.827084], [-78.798469, 1.827084], [-78.798469, 1.827362], [-78.797364, 1.827362], [-78.797364, 1.82764], [-78.796249, 1.827638], [-78.796249, 1.827916], [-78.795693, 1.827916], [-78.795693, 1.828194], [-78.795135, 1.828194], [-78.795135, 1.828472], [-78.794861, 1.828472], [-78.794861, 1.82875], [-78.793473, 1.82875], [-78.793473, 1.829028], [-78.792915, 1.829028], [-78.792915, 1.829306], [-78.792641, 1.829306], [-78.792641, 1.829028], [-78.792359, 1.829028], [-78.792359, 1.829306], [-78.791809, 1.829306], [-78.791809, 1.829584], [-78.787919, 1.829584]]], [[[-78.736251, 1.830972], [-78.736251, 1.830694], [-78.73458, 1.830694], [-78.73458, 1.830138], [-78.732919, 1.83014], [-78.732919, 1.829862], [-78.73236, 1.829862], [-78.73236, 1.83014], [-78.731804, 1.830138], [-78.731804, 1.830416], [-78.731246, 1.830416], [-78.731246, 1.830138], [-78.730416, 1.83014], [-78.730416, 1.829862], [-78.730697, 1.829862], [-78.730697, 1.829306], [-78.730141, 1.829306], [-78.730141, 1.829584], [-78.729858, 1.829584], [-78.729858, 1.829306], [-78.729584, 1.829306], [-78.729584, 1.82875], [-78.729309, 1.82875], [-78.729309, 1.828472], [-78.72847, 1.828472], [-78.72847, 1.828194], [-78.728194, 1.828194], [-78.728194, 1.827916], [-78.726806, 1.827916], [-78.726806, 1.827638], [-78.72625, 1.82764], [-78.72625, 1.827362], [-78.725974, 1.827362], [-78.725974, 1.827084], [-78.725418, 1.827084], [-78.725418, 1.826806], [-78.724586, 1.826806], [-78.724586, 1.826528], [-78.72403, 1.826528], [-78.72403, 1.825972], [-78.723748, 1.825972], [-78.723748, 1.825416], [-78.723472, 1.825416], [-78.723472, 1.824306], [-78.723198, 1.824306], [-78.723198, 1.823472], [-78.723472, 1.823472], [-78.723472, 1.823194], [-78.723748, 1.823194], [-78.723748, 1.822918], [-78.72403, 1.822918], [-78.72403, 1.82264], [-78.724304, 1.82264], [-78.724304, 1.822084], [-78.724586, 1.822084], [-78.724586, 1.822362], [-78.724862, 1.822362], [-78.724862, 1.821806], [-78.725136, 1.821806], [-78.725136, 1.821528], [-78.725418, 1.821528], [-78.725418, 1.821249], [-78.725974, 1.821249], [-78.725974, 1.820971], [-78.727082, 1.820971], [-78.727082, 1.820693], [-78.727365, 1.820693], [-78.727365, 1.820418], [-78.728194, 1.820418], [-78.728194, 1.820693], [-78.727914, 1.820693], [-78.727914, 1.820971], [-78.730141, 1.820971], [-78.730141, 1.820693], [-78.730697, 1.820693], [-78.730697, 1.82014], [-78.730972, 1.82014], [-78.730972, 1.819862], [-78.730697, 1.819862], [-78.730697, 1.819583], [-78.730416, 1.819583], [-78.730416, 1.818749], [-78.730697, 1.818749], [-78.730697, 1.818471], [-78.730972, 1.818471], [-78.730972, 1.818195], [-78.731246, 1.818195], [-78.731246, 1.817917], [-78.731528, 1.817917], [-78.731528, 1.817639], [-78.732087, 1.817639], [-78.732087, 1.817361], [-78.732636, 1.817361], [-78.732636, 1.817639], [-78.733192, 1.817639], [-78.733192, 1.817361], [-78.734024, 1.817361], [-78.734024, 1.817083], [-78.734307, 1.817083], [-78.734307, 1.816805], [-78.734024, 1.816805], [-78.734024, 1.816249], [-78.73458, 1.816251], [-78.73458, 1.815417], [-78.734863, 1.815417], [-78.734863, 1.815139], [-78.735139, 1.815139], [-78.735139, 1.814861], [-78.735695, 1.814861], [-78.735695, 1.814029], [-78.736251, 1.814027], [-78.736251, 1.813473], [-78.736527, 1.813473], [-78.736527, 1.813195], [-78.736809, 1.813195], [-78.736809, 1.812639], [-78.736527, 1.812639], [-78.736527, 1.811805], [-78.736809, 1.811805], [-78.736809, 1.811251], [-78.737083, 1.811251], [-78.737083, 1.810695], [-78.737359, 1.810695], [-78.737359, 1.810139], [-78.737641, 1.810139], [-78.737641, 1.809583], [-78.738197, 1.809583], [-78.738197, 1.808751], [-78.738473, 1.808751], [-78.738473, 1.808473], [-78.738747, 1.808473], [-78.738747, 1.808195], [-78.739029, 1.808195], [-78.739029, 1.807917], [-78.739861, 1.807917], [-78.739861, 1.807638], [-78.739585, 1.807638], [-78.739585, 1.80736], [-78.739861, 1.80736], [-78.739861, 1.807082], [-78.740135, 1.807082], [-78.740135, 1.806807], [-78.740693, 1.806807], [-78.740693, 1.807082], [-78.741532, 1.807082], [-78.741532, 1.80736], [-78.742081, 1.80736], [-78.742081, 1.807082], [-78.742364, 1.807082], [-78.742364, 1.806807], [-78.742637, 1.806807], [-78.742637, 1.806529], [-78.743195, 1.806529], [-78.743195, 1.806251], [-78.743752, 1.806251], [-78.743752, 1.806529], [-78.744027, 1.806529], [-78.744027, 1.806251], [-78.744308, 1.806251], [-78.744308, 1.805694], [-78.744583, 1.805694], [-78.744583, 1.805138], [-78.744857, 1.805138], [-78.744857, 1.804863], [-78.745139, 1.804863], [-78.745139, 1.804306], [-78.745415, 1.804306], [-78.745415, 1.80375], [-78.745698, 1.80375], [-78.745698, 1.803472], [-78.746247, 1.803472], [-78.746247, 1.803194], [-78.746803, 1.803194], [-78.746803, 1.802916], [-78.747359, 1.802916], [-78.747359, 1.802638], [-78.747918, 1.80264], [-78.747918, 1.802362], [-78.748474, 1.802362], [-78.748474, 1.802084], [-78.74903, 1.802084], [-78.74903, 1.801806], [-78.749306, 1.801806], [-78.749306, 1.801528], [-78.750694, 1.801528], [-78.750694, 1.801806], [-78.751252, 1.801806], [-78.751252, 1.801528], [-78.752082, 1.801528], [-78.752082, 1.801806], [-78.752914, 1.801806], [-78.752914, 1.802084], [-78.753472, 1.802084], [-78.753472, 1.802362], [-78.753755, 1.802362], [-78.753755, 1.80264], [-78.754028, 1.802638], [-78.754028, 1.804306], [-78.754304, 1.804306], [-78.754304, 1.805416], [-78.754584, 1.805416], [-78.754584, 1.806529], [-78.75486, 1.806526], [-78.75486, 1.807638], [-78.755143, 1.807638], [-78.755143, 1.808473], [-78.755416, 1.808473], [-78.755416, 1.809583], [-78.755692, 1.809583], [-78.755692, 1.810139], [-78.755975, 1.810139], [-78.755975, 1.810695], [-78.755692, 1.810695], [-78.755692, 1.810973], [-78.755975, 1.810973], [-78.755975, 1.811527], [-78.756248, 1.811527], [-78.756248, 1.812639], [-78.755975, 1.812639], [-78.755975, 1.813473], [-78.755692, 1.813473], [-78.755692, 1.813621], [-78.755692, 1.814305], [-78.755416, 1.814305], [-78.755416, 1.814583], [-78.75486, 1.814583], [-78.75486, 1.814861], [-78.755143, 1.814861], [-78.755143, 1.815417], [-78.75486, 1.815417], [-78.75486, 1.815139], [-78.754584, 1.815139], [-78.754584, 1.815417], [-78.754304, 1.815417], [-78.754304, 1.817639], [-78.754584, 1.817639], [-78.754584, 1.817917], [-78.755692, 1.817917], [-78.755692, 1.818471], [-78.754304, 1.818471], [-78.754304, 1.818749], [-78.754028, 1.818749], [-78.754028, 1.819027], [-78.753755, 1.819027], [-78.753755, 1.818749], [-78.753472, 1.818749], [-78.753472, 1.819027], [-78.753196, 1.819027], [-78.753196, 1.819305], [-78.75264, 1.819305], [-78.75264, 1.819583], [-78.75097, 1.819583], [-78.75097, 1.82014], [-78.75042, 1.82014], [-78.75042, 1.820418], [-78.750138, 1.820418], [-78.750138, 1.820693], [-78.749579, 1.820693], [-78.749579, 1.820971], [-78.749306, 1.820971], [-78.749306, 1.821249], [-78.748191, 1.821249], [-78.748191, 1.821528], [-78.747918, 1.821528], [-78.747918, 1.821249], [-78.747642, 1.821249], [-78.747642, 1.821528], [-78.747359, 1.821528], [-78.747359, 1.821806], [-78.746803, 1.821806], [-78.746803, 1.822084], [-78.746247, 1.822084], [-78.746247, 1.822362], [-78.745698, 1.822362], [-78.745698, 1.82264], [-78.745415, 1.82264], [-78.745415, 1.822918], [-78.744857, 1.822918], [-78.744857, 1.823194], [-78.744308, 1.823194], [-78.744308, 1.823472], [-78.744027, 1.823472], [-78.744027, 1.82375], [-78.743752, 1.82375], [-78.743752, 1.824028], [-78.743469, 1.824028], [-78.743469, 1.824306], [-78.743195, 1.824306], [-78.743195, 1.824584], [-78.742081, 1.824584], [-78.742081, 1.824862], [-78.741805, 1.824862], [-78.741805, 1.82514], [-78.741532, 1.82514], [-78.741532, 1.825416], [-78.741249, 1.825416], [-78.741249, 1.825694], [-78.740976, 1.825694], [-78.740976, 1.82625], [-78.740135, 1.82625], [-78.740135, 1.826528], [-78.739861, 1.826528], [-78.739861, 1.826806], [-78.739585, 1.826806], [-78.739585, 1.827084], [-78.739303, 1.827084], [-78.739303, 1.827362], [-78.739029, 1.82736], [-78.739029, 1.827916], [-78.738197, 1.827916], [-78.738197, 1.829584], [-78.737915, 1.829584], [-78.737915, 1.829862], [-78.737641, 1.829862], [-78.737641, 1.830416], [-78.737359, 1.830416], [-78.737359, 1.830694], [-78.736809, 1.830694], [-78.736809, 1.830972], [-78.736251, 1.830972]]], [[[-78.619026, 2.359862], [-78.619026, 2.359584], [-78.618752, 2.359584], [-78.618752, 2.359306], [-78.619308, 2.359306], [-78.619308, 2.358471], [-78.619584, 2.358471], [-78.619584, 2.357915], [-78.619858, 2.357918], [-78.619858, 2.356805], [-78.620414, 2.356805], [-78.620414, 2.354861], [-78.620696, 2.354861], [-78.620696, 2.354583], [-78.620972, 2.354583], [-78.620972, 2.354027], [-78.621246, 2.354027], [-78.621246, 2.353749], [-78.621528, 2.353751], [-78.621528, 2.353473], [-78.621804, 2.353473], [-78.621804, 2.352917], [-78.622087, 2.352917], [-78.622087, 2.352639], [-78.62236, 2.352639], [-78.62236, 2.352083], [-78.622643, 2.352083], [-78.622643, 2.351527], [-78.622916, 2.351527], [-78.622916, 2.350973], [-78.623192, 2.350973], [-78.623192, 2.349583], [-78.623475, 2.349583], [-78.623475, 2.349029], [-78.623748, 2.349029], [-78.623748, 2.347917], [-78.624031, 2.347917], [-78.624031, 2.347361], [-78.624307, 2.347361], [-78.624307, 2.346805], [-78.624031, 2.346805], [-78.624031, 2.346529], [-78.624307, 2.346529], [-78.624307, 2.346251], [-78.62458, 2.346251], [-78.62458, 2.345417], [-78.624307, 2.345417], [-78.624307, 2.344307], [-78.62458, 2.344307], [-78.62458, 2.343194], [-78.624863, 2.343194], [-78.624863, 2.342082], [-78.62458, 2.342082], [-78.62458, 2.341528], [-78.624863, 2.341528], [-78.624863, 2.340416], [-78.625138, 2.340416], [-78.625138, 2.340138], [-78.625419, 2.34014], [-78.625419, 2.339306], [-78.625695, 2.339306], [-78.625695, 2.338194], [-78.625968, 2.338194], [-78.625968, 2.337638], [-78.626251, 2.33764], [-78.626251, 2.336806], [-78.626809, 2.336806], [-78.626809, 2.33625], [-78.627083, 2.33625], [-78.627083, 2.335694], [-78.627358, 2.335694], [-78.627358, 2.33514], [-78.627639, 2.33514], [-78.627639, 2.334306], [-78.627914, 2.334306], [-78.627914, 2.33375], [-78.628197, 2.33375], [-78.628197, 2.333194], [-78.628471, 2.333194], [-78.628471, 2.332918], [-78.628753, 2.332918], [-78.628753, 2.332362], [-78.629029, 2.332362], [-78.629029, 2.331806], [-78.629302, 2.331806], [-78.629302, 2.331249], [-78.629861, 2.331249], [-78.629861, 2.330693], [-78.630417, 2.330696], [-78.630417, 2.330418], [-78.63069, 2.330418], [-78.63069, 2.329861], [-78.630973, 2.329861], [-78.630973, 2.329583], [-78.631249, 2.329583], [-78.631249, 2.328473], [-78.631805, 2.328473], [-78.631805, 2.328195], [-78.632081, 2.328195], [-78.632081, 2.327917], [-78.632363, 2.327917], [-78.632363, 2.327639], [-78.632637, 2.327639], [-78.632637, 2.327361], [-78.632919, 2.327361], [-78.632919, 2.327083], [-78.633193, 2.327083], [-78.633193, 2.326805], [-78.633469, 2.326805], [-78.633469, 2.326527], [-78.633751, 2.326527], [-78.633751, 2.327083], [-78.633469, 2.327083], [-78.633469, 2.327639], [-78.633193, 2.327639], [-78.633193, 2.328751], [-78.632919, 2.328749], [-78.632919, 2.332362], [-78.632637, 2.332362], [-78.632637, 2.333194], [-78.632363, 2.333194], [-78.632363, 2.33375], [-78.632081, 2.33375], [-78.632081, 2.334584], [-78.631805, 2.334584], [-78.631805, 2.335416], [-78.631531, 2.335416], [-78.631531, 2.335972], [-78.631249, 2.335972], [-78.631249, 2.336806], [-78.630973, 2.336806], [-78.630973, 2.33764], [-78.63069, 2.33764], [-78.63069, 2.338472], [-78.630417, 2.338472], [-78.630417, 2.339028], [-78.630141, 2.339028], [-78.630141, 2.339862], [-78.629861, 2.339862], [-78.629861, 2.340694], [-78.629585, 2.340694], [-78.629585, 2.341806], [-78.629302, 2.341804], [-78.629302, 2.342638], [-78.629029, 2.342638], [-78.629029, 2.34375], [-78.628753, 2.34375], [-78.628753, 2.34486], [-78.628471, 2.34486], [-78.628471, 2.345695], [-78.628197, 2.345695], [-78.628197, 2.346805], [-78.627914, 2.346805], [-78.627914, 2.347639], [-78.627639, 2.347639], [-78.627639, 2.348751], [-78.627358, 2.348751], [-78.627358, 2.349861], [-78.627083, 2.349861], [-78.627083, 2.350695], [-78.626809, 2.350695], [-78.626809, 2.351805], [-78.626526, 2.351805], [-78.626526, 2.352639], [-78.626251, 2.352639], [-78.626251, 2.353473], [-78.625968, 2.353473], [-78.625968, 2.354027], [-78.625695, 2.354027], [-78.625695, 2.354861], [-78.625419, 2.354861], [-78.625419, 2.355695], [-78.625138, 2.355695], [-78.625138, 2.356527], [-78.624863, 2.356527], [-78.624863, 2.357083], [-78.62458, 2.357083], [-78.62458, 2.357918], [-78.624307, 2.357918], [-78.624307, 2.358193], [-78.623475, 2.358193], [-78.623475, 2.358471], [-78.622643, 2.358471], [-78.622643, 2.358749], [-78.621528, 2.358749], [-78.621528, 2.359028], [-78.620972, 2.359028], [-78.620972, 2.359306], [-78.62014, 2.359306], [-78.62014, 2.359584], [-78.619584, 2.359584], [-78.619584, 2.359862], [-78.619026, 2.359862]]], [[[-78.057082, 2.669861], [-78.057082, 2.669583], [-78.056526, 2.669583], [-78.056526, 2.669304], [-78.056253, 2.669304], [-78.056253, 2.668751], [-78.05597, 2.668751], [-78.05597, 2.668473], [-78.055694, 2.668473], [-78.055694, 2.66736], [-78.055421, 2.66736], [-78.055421, 2.667082], [-78.055138, 2.667082], [-78.055138, 2.666807], [-78.054306, 2.666807], [-78.054306, 2.666528], [-78.05458, 2.666528], [-78.05458, 2.66625], [-78.05403, 2.66625], [-78.05403, 2.665138], [-78.05375, 2.665138], [-78.05375, 2.665416], [-78.053474, 2.665416], [-78.053474, 2.664028], [-78.05375, 2.664028], [-78.05375, 2.664306], [-78.055421, 2.664306], [-78.055421, 2.664584], [-78.055694, 2.664584], [-78.055694, 2.665416], [-78.05597, 2.665416], [-78.05597, 2.665694], [-78.056253, 2.665694], [-78.056253, 2.665972], [-78.056526, 2.665972], [-78.056526, 2.66625], [-78.056253, 2.66625], [-78.056253, 2.666528], [-78.056809, 2.666528], [-78.056809, 2.66736], [-78.057082, 2.66736], [-78.057082, 2.667916], [-78.057358, 2.667916], [-78.057358, 2.668751], [-78.057082, 2.668751], [-78.057082, 2.669029], [-78.057358, 2.669029], [-78.057358, 2.669861], [-78.057082, 2.669861]]], [[[-78.146529, 2.683472], [-78.146529, 2.683194], [-78.14569, 2.683194], [-78.14569, 2.682918], [-78.145141, 2.682918], [-78.145141, 2.68264], [-78.144858, 2.68264], [-78.144858, 2.682362], [-78.144302, 2.682362], [-78.144302, 2.682084], [-78.143753, 2.682084], [-78.143753, 2.681806], [-78.14347, 2.681806], [-78.14347, 2.681527], [-78.142914, 2.681527], [-78.142914, 2.681249], [-78.142639, 2.681249], [-78.142639, 2.680693], [-78.142365, 2.680693], [-78.142365, 2.680418], [-78.142082, 2.680418], [-78.142082, 2.679861], [-78.141807, 2.679861], [-78.141807, 2.679583], [-78.141526, 2.679583], [-78.141526, 2.679027], [-78.141251, 2.679027], [-78.141251, 2.678749], [-78.140975, 2.678749], [-78.140975, 2.678195], [-78.140694, 2.678195], [-78.140694, 2.677083], [-78.140419, 2.677083], [-78.140419, 2.675695], [-78.140694, 2.675695], [-78.140694, 2.675139], [-78.140975, 2.675139], [-78.140975, 2.674583], [-78.141251, 2.674583], [-78.141251, 2.674027], [-78.141526, 2.674027], [-78.141526, 2.673473], [-78.141807, 2.673473], [-78.141807, 2.672917], [-78.142082, 2.672917], [-78.142082, 2.672361], [-78.142365, 2.672361], [-78.142365, 2.671529], [-78.142082, 2.671529], [-78.142082, 2.671187], [-78.142082, 2.670973], [-78.141807, 2.670973], [-78.141807, 2.670695], [-78.141526, 2.670695], [-78.141526, 2.670417], [-78.141251, 2.670417], [-78.141251, 2.669861], [-78.140975, 2.669861], [-78.140975, 2.669719], [-78.140975, 2.669583], [-78.140694, 2.669583], [-78.140694, 2.669304], [-78.140419, 2.669304], [-78.140419, 2.669029], [-78.140136, 2.669029], [-78.140136, 2.668751], [-78.139863, 2.668751], [-78.139863, 2.668195], [-78.13958, 2.668195], [-78.13958, 2.667916], [-78.139304, 2.667916], [-78.139304, 2.667638], [-78.139031, 2.667638], [-78.139031, 2.66736], [-78.138748, 2.66736], [-78.138748, 2.667082], [-78.138475, 2.667082], [-78.138475, 2.666807], [-78.138192, 2.666807], [-78.138192, 2.666528], [-78.137916, 2.666528], [-78.137916, 2.665972], [-78.137643, 2.665972], [-78.137643, 2.665694], [-78.13736, 2.665694], [-78.13736, 2.665416], [-78.137084, 2.665416], [-78.137084, 2.665138], [-78.136802, 2.665138], [-78.136802, 2.66486], [-78.136528, 2.66486], [-78.136528, 2.664584], [-78.136252, 2.664584], [-78.136252, 2.664306], [-78.135972, 2.664306], [-78.135972, 2.66375], [-78.135696, 2.66375], [-78.135696, 2.663472], [-78.135414, 2.663472], [-78.135414, 2.663194], [-78.13514, 2.663194], [-78.13514, 2.662916], [-78.134864, 2.662916], [-78.134864, 2.662638], [-78.134582, 2.66264], [-78.134582, 2.662362], [-78.134026, 2.662362], [-78.134026, 2.662084], [-78.13347, 2.662084], [-78.13347, 2.661806], [-78.13292, 2.661806], [-78.13292, 2.661528], [-78.132638, 2.661528], [-78.132638, 2.66125], [-78.132079, 2.66125], [-78.132079, 2.660972], [-78.13153, 2.660972], [-78.13153, 2.660694], [-78.130974, 2.660694], [-78.130974, 2.660416], [-78.130691, 2.660416], [-78.130691, 2.660138], [-78.130142, 2.66014], [-78.130142, 2.659862], [-78.129586, 2.659862], [-78.129586, 2.659584], [-78.129303, 2.659584], [-78.129303, 2.659306], [-78.128754, 2.659306], [-78.128754, 2.659028], [-78.128196, 2.659028], [-78.128196, 2.65875], [-78.12764, 2.65875], [-78.12764, 2.658472], [-78.127357, 2.658472], [-78.127357, 2.658194], [-78.126808, 2.658194], [-78.126808, 2.657918], [-78.126252, 2.657918], [-78.126252, 2.65764], [-78.125693, 2.65764], [-78.125693, 2.657362], [-78.12542, 2.657362], [-78.12542, 2.657084], [-78.124864, 2.657084], [-78.124864, 2.656806], [-78.124305, 2.656806], [-78.124305, 2.656528], [-78.123749, 2.656528], [-78.123749, 2.65625], [-78.123473, 2.65625], [-78.123473, 2.655972], [-78.122917, 2.655972], [-78.122917, 2.655693], [-78.122361, 2.655693], [-78.122361, 2.655418], [-78.121803, 2.655418], [-78.121803, 2.65514], [-78.121529, 2.65514], [-78.121529, 2.654862], [-78.120971, 2.654862], [-78.120971, 2.654584], [-78.120415, 2.654584], [-78.120415, 2.654305], [-78.119859, 2.654305], [-78.119859, 2.654027], [-78.119583, 2.654027], [-78.119583, 2.653749], [-78.119027, 2.653749], [-78.119027, 2.653471], [-78.118468, 2.653471], [-78.118468, 2.653196], [-78.118195, 2.653196], [-78.118195, 2.652917], [-78.117639, 2.652917], [-78.117639, 2.652639], [-78.11708, 2.652639], [-78.11708, 2.652361], [-78.116531, 2.652361], [-78.116531, 2.652083], [-78.116248, 2.652083], [-78.116248, 2.651805], [-78.115692, 2.651805], [-78.115692, 2.651527], [-78.115136, 2.651527], [-78.115136, 2.651251], [-78.114587, 2.651251], [-78.114587, 2.650973], [-78.114304, 2.650973], [-78.114304, 2.650695], [-78.113746, 2.650695], [-78.113746, 2.650417], [-78.113197, 2.650417], [-78.113197, 2.650139], [-78.112641, 2.650139], [-78.112641, 2.649861], [-78.112358, 2.649861], [-78.112358, 2.649583], [-78.111809, 2.649583], [-78.111809, 2.649305], [-78.111253, 2.649305], [-78.111253, 2.649027], [-78.110694, 2.649029], [-78.110694, 2.648751], [-78.110421, 2.648751], [-78.110421, 2.648473], [-78.109862, 2.648473], [-78.109862, 2.648195], [-78.109306, 2.648195], [-78.109306, 2.647917], [-78.109024, 2.647917], [-78.109024, 2.647639], [-78.108474, 2.647639], [-78.108474, 2.647361], [-78.107918, 2.647361], [-78.107918, 2.647083], [-78.10736, 2.647083], [-78.10736, 2.646805], [-78.107086, 2.646805], [-78.107086, 2.646527], [-78.10653, 2.646529], [-78.10653, 2.646251], [-78.105972, 2.646251], [-78.105972, 2.645973], [-78.105416, 2.645973], [-78.105416, 2.645695], [-78.10514, 2.645695], [-78.10514, 2.645973], [-78.104857, 2.645973], [-78.104857, 2.646251], [-78.104584, 2.646251], [-78.104584, 2.646529], [-78.104308, 2.646527], [-78.104308, 2.646805], [-78.095971, 2.646805], [-78.095971, 2.646527], [-78.095695, 2.646529], [-78.095695, 2.646251], [-78.095413, 2.646251], [-78.095413, 2.645973], [-78.095139, 2.645973], [-78.095139, 2.645695], [-78.094863, 2.645695], [-78.094863, 2.645417], [-78.094307, 2.645417], [-78.094307, 2.645139], [-78.094025, 2.645139], [-78.094025, 2.644861], [-78.093751, 2.644861], [-78.093751, 2.644583], [-78.093475, 2.644583], [-78.093475, 2.644305], [-78.093193, 2.644305], [-78.093193, 2.644027], [-78.092919, 2.644027], [-78.092919, 2.643751], [-78.092637, 2.643751], [-78.092637, 2.643473], [-78.092361, 2.643473], [-78.092361, 2.643195], [-78.092087, 2.643195], [-78.092087, 2.642917], [-78.091805, 2.642917], [-78.091805, 2.642639], [-78.091529, 2.642639], [-78.091529, 2.642361], [-78.090973, 2.642361], [-78.090973, 2.642085], [-78.090699, 2.642085], [-78.090699, 2.641807], [-78.090417, 2.641807], [-78.090417, 2.641529], [-78.090141, 2.641529], [-78.090141, 2.641251], [-78.089858, 2.641251], [-78.089858, 2.640973], [-78.089585, 2.640973], [-78.089585, 2.640694], [-78.089302, 2.640694], [-78.089302, 2.640138], [-78.089026, 2.640138], [-78.089026, 2.63986], [-78.088753, 2.63986], [-78.088753, 2.639582], [-78.08847, 2.639582], [-78.08847, 2.639306], [-78.087914, 2.639306], [-78.087914, 2.639028], [-78.087365, 2.639028], [-78.087365, 2.63875], [-78.086524, 2.63875], [-78.086524, 2.638472], [-78.085975, 2.638472], [-78.085975, 2.638194], [-78.085136, 2.638194], [-78.085136, 2.637916], [-78.084587, 2.637916], [-78.084587, 2.637638], [-78.084031, 2.637638], [-78.084031, 2.63736], [-78.083472, 2.63736], [-78.083472, 2.637084], [-78.082916, 2.637084], [-78.082916, 2.636806], [-78.081252, 2.636806], [-78.081252, 2.637084], [-78.078574, 2.637084], [-78.078476, 2.637084], [-78.078476, 2.63736], [-78.075691, 2.63736], [-78.075691, 2.637638], [-78.072913, 2.637638], [-78.072913, 2.637916], [-78.070137, 2.637916], [-78.070137, 2.638194], [-78.067361, 2.638194], [-78.067361, 2.638472], [-78.064583, 2.638472], [-78.064583, 2.63875], [-78.061807, 2.63875], [-78.061807, 2.639028], [-78.059028, 2.639028], [-78.059028, 2.639306], [-78.056253, 2.639306], [-78.056253, 2.639582], [-78.053474, 2.639582], [-78.053474, 2.63986], [-78.050698, 2.63986], [-78.050698, 2.640138], [-78.04792, 2.640138], [-78.04792, 2.640416], [-78.045135, 2.640416], [-78.045135, 2.640694], [-78.043731, 2.640694], [-78.042359, 2.640694], [-78.042359, 2.640973], [-78.040971, 2.640973], [-78.040971, 2.641251], [-78.040695, 2.641251], [-78.040695, 2.641529], [-78.040413, 2.641529], [-78.040413, 2.641807], [-78.040139, 2.641807], [-78.040139, 2.642085], [-78.039863, 2.642085], [-78.039863, 2.642361], [-78.039581, 2.642361], [-78.039581, 2.642639], [-78.039307, 2.642639], [-78.039307, 2.642917], [-78.039025, 2.642917], [-78.039025, 2.643195], [-78.038749, 2.643195], [-78.038749, 2.643473], [-78.038475, 2.643473], [-78.038475, 2.643751], [-78.037919, 2.643751], [-78.037919, 2.644027], [-78.037637, 2.644027], [-78.037637, 2.644305], [-78.037361, 2.644305], [-78.037361, 2.644583], [-78.037087, 2.644583], [-78.037087, 2.644861], [-78.036805, 2.644861], [-78.036805, 2.645139], [-78.036529, 2.645139], [-78.036529, 2.645417], [-78.036246, 2.645417], [-78.036246, 2.645695], [-78.035973, 2.645695], [-78.035973, 2.645973], [-78.035697, 2.645973], [-78.035697, 2.646251], [-78.035417, 2.646251], [-78.035417, 2.646529], [-78.035141, 2.646527], [-78.035141, 2.646805], [-78.034858, 2.646805], [-78.034858, 2.647083], [-78.034585, 2.647083], [-78.034585, 2.647361], [-78.034302, 2.647361], [-78.034302, 2.647639], [-78.034026, 2.647639], [-78.034026, 2.647917], [-78.03347, 2.647917], [-78.03347, 2.648195], [-78.033194, 2.648195], [-78.033194, 2.648473], [-78.032914, 2.648473], [-78.032914, 2.648751], [-78.032638, 2.648751], [-78.032638, 2.649029], [-78.03125, 2.649027], [-78.03125, 2.649305], [-78.028748, 2.649305], [-78.028748, 2.649583], [-78.02597, 2.649583], [-78.02597, 2.649861], [-78.02388, 2.649861], [-78.019401, 2.6354], [-78.015296, 2.625499], [-78.001503, 2.609901], [-77.992797, 2.5942], [-77.983596, 2.577401], [-77.978402, 2.5641], [-77.969803, 2.550201], [-77.9542, 2.5375], [-77.939796, 2.5207], [-77.925904, 2.5004], [-77.9115, 2.4876], [-77.898201, 2.4656], [-77.8815, 2.4494], [-77.8677, 2.429701], [-77.842903, 2.4041], [-77.836503, 2.392599], [-77.807097, 2.3566], [-77.792098, 2.341601], [-77.774802, 2.3218], [-77.774802, 2.3022], [-77.774802, 2.2912], [-77.768997, 2.274401], [-77.756897, 2.260001], [-77.748802, 2.253], [-77.727501, 2.241401], [-77.695199, 2.220401], [-77.678497, 2.208801], [-77.657096, 2.1972], [-77.642701, 2.190201], [-77.629997, 2.1884], [-77.619103, 2.1883], [-77.596603, 2.1877], [-77.577598, 2.1876], [-77.558503, 2.1892], [-77.531997, 2.190301], [-77.506103, 2.1925], [-77.491098, 2.197601], [-77.472099, 2.199301], [-77.460603, 2.2044], [-77.454201, 2.207301], [-77.443801, 2.213001], [-77.428902, 2.213001], [-77.417901, 2.2135], [-77.409087, 2.21342], [-77.406997, 2.2134], [-77.4, 2.2117], [-77.397699, 2.2094], [-77.389099, 2.1955], [-77.382102, 2.1845], [-77.382697, 2.175199], [-77.380997, 2.165401], [-77.379798, 2.159601], [-77.372902, 2.138801], [-77.371696, 2.119101], [-77.367698, 2.1076], [-77.367103, 2.100099], [-77.363603, 2.089599], [-77.356697, 2.084401], [-77.341201, 2.0849], [-77.333703, 2.087801], [-77.331398, 2.0953], [-77.327905, 2.1028], [-77.323303, 2.1085], [-77.311798, 2.1085], [-77.304297, 2.1085], [-77.292197, 2.0859], [-77.290397, 2.0662], [-77.290397, 2.046601], [-77.289298, 2.036801], [-77.290397, 2.0212], [-77.287498, 2.009], [-77.2771, 1.994601], [-77.267302, 1.985801], [-77.246596, 1.967301], [-77.243866, 1.964288], [-77.240798, 1.960901], [-77.239433, 1.953708], [-77.239814, 1.948906], [-77.240798, 1.936601], [-77.242501, 1.924501], [-77.255202, 1.916501], [-77.261497, 1.910701], [-77.266701, 1.900399], [-77.275902, 1.883101], [-77.282203, 1.878501], [-77.292603, 1.8739], [-77.305298, 1.862399], [-77.309899, 1.854901], [-77.312201, 1.848], [-77.315698, 1.8353], [-77.327203, 1.820901], [-77.328903, 1.812801], [-77.327697, 1.7972], [-77.323098, 1.7833], [-77.323098, 1.7608], [-77.324798, 1.749299], [-77.330001, 1.737701], [-77.337502, 1.721601], [-77.342696, 1.717], [-77.347298, 1.711201], [-77.347899, 1.7089], [-77.361702, 1.694001], [-77.364601, 1.6922], [-77.363999, 1.683601], [-77.352998, 1.673701], [-77.336303, 1.6736], [-77.325897, 1.672401], [-77.316705, 1.670701], [-77.305802, 1.666002], [-77.298798, 1.6654], [-77.291297, 1.6711], [-77.282538, 1.671417], [-77.276948, 1.67162], [-77.267097, 1.661199], [-77.252098, 1.6606], [-77.239998, 1.669199], [-77.237701, 1.670899], [-77.2285, 1.670899], [-77.211197, 1.670799], [-77.199097, 1.673101], [-77.187599, 1.678801], [-77.180702, 1.6793], [-77.170302, 1.6799], [-77.165099, 1.6799], [-77.154198, 1.6792], [-77.142602, 1.678001], [-77.134003, 1.6768], [-77.125299, 1.675601], [-77.121299, 1.6751], [-77.1073, 1.681646], [-77.098197, 1.685901], [-77.065398, 1.689301], [-77.073997, 1.6985], [-77.067702, 1.7043], [-77.064202, 1.709501], [-77.060799, 1.7123], [-77.052697, 1.7123], [-77.046997, 1.7163], [-77.036002, 1.714], [-77.018699, 1.7018], [-77.009498, 1.698299], [-76.989303, 1.683701], [-76.966201, 1.664001], [-76.954696, 1.657601], [-76.943704, 1.650599], [-76.928199, 1.642499], [-76.914902, 1.6332], [-76.910896, 1.6308], [-76.8947, 1.6227], [-76.880303, 1.613401], [-76.8647, 1.606999], [-76.853204, 1.6006], [-76.836502, 1.596499], [-76.832459, 1.587937], [-76.825501, 1.580801], [-76.820298, 1.5692], [-76.816902, 1.556501], [-76.8163, 1.545499], [-76.819703, 1.5184], [-76.827796, 1.503401], [-76.833503, 1.4902], [-76.836997, 1.4804], [-76.846802, 1.463601], [-76.8583, 1.447501], [-76.862899, 1.44], [-76.866402, 1.425001], [-76.861199, 1.4158], [-76.851403, 1.403001], [-76.838699, 1.3827], [-76.836402, 1.370001], [-76.834, 1.357901], [-76.834, 1.3388], [-76.839203, 1.3285], [-76.851898, 1.311801], [-76.859399, 1.3066], [-76.862243, 1.302571], [-76.864602, 1.303701], [-76.891099, 1.284201], [-76.895104, 1.283601], [-76.923896, 1.2676], [-76.952203, 1.252701], [-76.965401, 1.242901], [-76.990196, 1.238402], [-77.001701, 1.235001], [-77.009202, 1.2321], [-77.015, 1.231601], [-77.035102, 1.223601], [-77.053597, 1.2167], [-77.075499, 1.2105], [-77.095704, 1.205901], [-77.098503, 1.203599], [-77.103699, 1.2007], [-77.113502, 1.185801], [-77.116401, 1.1725], [-77.115195, 1.162101], [-77.114701, 1.1563], [-77.111801, 1.1326], [-77.1129, 1.098], [-77.111701, 1.082901], [-77.107102, 1.0569], [-77.101304, 1.0332], [-77.101304, 1.019399], [-77.101899, 0.9882], [-77.094398, 0.9581], [-77.104203, 0.9645], [-77.099, 0.947201], [-77.098396, 0.924601], [-77.089698, 0.9009], [-77.078797, 0.883501], [-77.061501, 0.867301], [-77.0626, 0.851101], [-77.067199, 0.8338], [-77.0643, 0.8055], [-77.057403, 0.778301], [-77.048699, 0.7488], [-77.043503, 0.7303], [-77.038299, 0.7037], [-77.036599, 0.679501], [-77.0337, 0.6696], [-77.030801, 0.6615], [-77.036002, 0.6592], [-77.058502, 0.650701], [-77.0717, 0.647301], [-77.086701, 0.6462], [-77.091301, 0.6421], [-77.105698, 0.638699], [-77.114555, 0.636176], [-77.123596, 0.633601], [-77.143798, 0.6348], [-77.149056, 0.632698], [-77.159301, 0.628601], [-77.1605, 0.6245], [-77.152999, 0.6129], [-77.146599, 0.6048], [-77.138497, 0.594999], [-77.134499, 0.5822], [-77.13761, 0.574843], [-77.140801, 0.567301], [-77.147201, 0.555101], [-77.148553, 0.544993], [-77.150597, 0.5297], [-77.141998, 0.5112], [-77.1381, 0.505956], [-77.130402, 0.495599], [-77.124603, 0.481099], [-77.118851, 0.466802], [-77.115997, 0.459701], [-77.112777, 0.454846], [-77.107902, 0.4475], [-77.1073, 0.439501], [-77.113098, 0.4256], [-77.113404, 0.4213], [-77.1137, 0.417001], [-77.111945, 0.4109], [-77.110199, 0.404801], [-77.108864, 0.400167], [-77.106202, 0.3909], [-77.107261, 0.386221], [-77.107941, 0.383236], [-77.109595, 0.375901], [-77.111045, 0.373303], [-77.112503, 0.3707], [-77.114021, 0.367651], [-77.114799, 0.366101], [-77.113839, 0.360561], [-77.11515, 0.362274], [-77.119377, 0.36781], [-77.122108, 0.367861], [-77.122621, 0.368114], [-77.123436, 0.368519], [-77.12436, 0.368777], [-77.12487, 0.36892], [-77.128006, 0.37047], [-77.130853, 0.36815], [-77.131851, 0.367649], [-77.133606, 0.366771], [-77.136482, 0.3673], [-77.136605, 0.367314], [-77.137786, 0.36745], [-77.139459, 0.36756], [-77.142287, 0.367311], [-77.14515, 0.367409], [-77.14711, 0.367464], [-77.148117, 0.367491], [-77.149154, 0.367551], [-77.151, 0.36766], [-77.152381, 0.368658], [-77.152495, 0.36874], [-77.154, 0.36991], [-77.156892, 0.37042], [-77.157311, 0.370937], [-77.157418, 0.37107], [-77.16021, 0.373921], [-77.160279, 0.374005], [-77.160691, 0.374529], [-77.167312, 0.374769], [-77.177917, 0.375149], [-77.179574, 0.37496], [-77.1801, 0.374901], [-77.181213, 0.371165], [-77.181709, 0.370229], [-77.182038, 0.369618], [-77.182701, 0.368433], [-77.182931, 0.368079], [-77.184098, 0.367539], [-77.184654, 0.367279], [-77.185083, 0.367225], [-77.185867, 0.367122], [-77.18686, 0.36436], [-77.187257, 0.363243], [-77.187553, 0.362819], [-77.187653, 0.36268], [-77.187751, 0.36181], [-77.187988, 0.361696], [-77.188018, 0.361449], [-77.188752, 0.361101], [-77.190117, 0.360447], [-77.190254, 0.360378], [-77.190391, 0.360257], [-77.190666, 0.360011], [-77.190735, 0.359811], [-77.190787, 0.359667], [-77.191161, 0.35866], [-77.191537, 0.357652], [-77.191758, 0.357447], [-77.191817, 0.35729], [-77.193932, 0.355391], [-77.196237, 0.35445], [-77.198379, 0.353021], [-77.199136, 0.352953], [-77.200813, 0.352802], [-77.201119, 0.352818], [-77.202468, 0.352891], [-77.202773, 0.352905], [-77.202987, 0.352914], [-77.20549, 0.351631], [-77.207466, 0.349951], [-77.209907, 0.34965], [-77.224899, 0.352205], [-77.232026, 0.353422], [-77.234412, 0.35355], [-77.236001, 0.353687], [-77.236992, 0.353771], [-77.238013, 0.354671], [-77.238975, 0.355521], [-77.239342, 0.355474], [-77.241234, 0.355225], [-77.253694, 0.351608], [-77.256401, 0.352536], [-77.258202, 0.352579], [-77.260971, 0.352695], [-77.261094, 0.3527], [-77.261322, 0.352723], [-77.263337, 0.352921], [-77.265511, 0.352971], [-77.266899, 0.353201], [-77.267113, 0.353329], [-77.268013, 0.353871], [-77.269515, 0.354354], [-77.270523, 0.35468], [-77.272141, 0.354831], [-77.272882, 0.354901], [-77.274201, 0.35574], [-77.275544, 0.356841], [-77.277581, 0.357099], [-77.2779, 0.35714], [-77.278244, 0.357388], [-77.279541, 0.358322], [-77.280166, 0.359093], [-77.282434, 0.360339], [-77.284043, 0.36072], [-77.284302, 0.360779], [-77.29258, 0.36276], [-77.300712, 0.364699], [-77.318015, 0.371441], [-77.323738, 0.373672], [-77.332771, 0.376104], [-77.343421, 0.378974], [-77.342774, 0.377918], [-77.342712, 0.37744], [-77.342582, 0.376344], [-77.342614, 0.375956], [-77.342689, 0.374885], [-77.342942, 0.374582], [-77.343011, 0.374502], [-77.34382, 0.373511], [-77.344649, 0.373451], [-77.345413, 0.37377], [-77.346076, 0.37398], [-77.347236, 0.37452], [-77.348198, 0.37507], [-77.349069, 0.375621], [-77.35086, 0.376091], [-77.35109, 0.376184], [-77.351257, 0.376252], [-77.351724, 0.376401], [-77.351922, 0.376471], [-77.352784, 0.37679], [-77.353707, 0.37765], [-77.353859, 0.377791], [-77.353898, 0.378429], [-77.353921, 0.37891], [-77.35385, 0.380179], [-77.353827, 0.38061], [-77.353889, 0.38152], [-77.353912, 0.381829], [-77.356353, 0.382515], [-77.367523, 0.38564], [-77.369629, 0.386155], [-77.371322, 0.38657], [-77.371628, 0.385649], [-77.372277, 0.38427], [-77.372772, 0.38324], [-77.37336, 0.382101], [-77.373619, 0.381772], [-77.374367, 0.380886], [-77.375007, 0.380325], [-77.375167, 0.380186], [-77.37622, 0.379151], [-77.376617, 0.378889], [-77.376938, 0.378677], [-77.377312, 0.378673], [-77.377854, 0.378664], [-77.378098, 0.378659], [-77.378501, 0.37865], [-77.379509, 0.37875], [-77.380334, 0.378728], [-77.380516, 0.378691], [-77.380965, 0.378604], [-77.381316, 0.378545], [-77.38179, 0.378465], [-77.382515, 0.378338], [-77.38324, 0.378096], [-77.384065, 0.377957], [-77.384263, 0.37795], [-77.387351, 0.3666], [-77.389633, 0.36224], [-77.394417, 0.35972], [-77.403077, 0.361561], [-77.40676, 0.364241], [-77.409698, 0.366381], [-77.413224, 0.370491], [-77.417046, 0.374958], [-77.419998, 0.378411], [-77.422692, 0.381551], [-77.431817, 0.387299], [-77.440567, 0.387796], [-77.447999, 0.38822], [-77.456131, 0.391511], [-77.458802, 0.392589], [-77.461503, 0.3915], [-77.461403, 0.392751], [-77.461387, 0.392931], [-77.461029, 0.393492], [-77.464546, 0.394909], [-77.465592, 0.398223], [-77.472099, 0.418986], [-77.47554, 0.432116], [-77.479333, 0.44658], [-77.481666, 0.460827], [-77.482209, 0.46414], [-77.482268, 0.47119], [-77.482391, 0.48566], [-77.482911, 0.490446], [-77.483834, 0.499041], [-77.486665, 0.506589], [-77.488372, 0.511161], [-77.491676, 0.518901], [-77.492912, 0.53207], [-77.492463, 0.539379], [-77.492278, 0.542308], [-77.492196, 0.542718], [-77.491904, 0.544213], [-77.486222, 0.573224], [-77.485543, 0.57528], [-77.480178, 0.591401], [-77.480347, 0.598799], [-77.48037, 0.59976], [-77.482232, 0.606659], [-77.497361, 0.62257], [-77.499473, 0.62773], [-77.500877, 0.63114], [-77.505119, 0.635276], [-77.507104, 0.637211], [-77.519334, 0.645174], [-77.522948, 0.646786], [-77.523988, 0.647251], [-77.524232, 0.647253], [-77.525353, 0.647187], [-77.525987, 0.647148], [-77.526764, 0.646699], [-77.527001, 0.646562], [-77.527183, 0.646478], [-77.528022, 0.646091], [-77.528961, 0.646091], [-77.529633, 0.645997], [-77.530602, 0.64586], [-77.531219, 0.645621], [-77.53209, 0.645286], [-77.53354, 0.644345], [-77.534141, 0.644233], [-77.534827, 0.644103], [-77.53588, 0.643994], [-77.536721, 0.643752], [-77.537505, 0.643527], [-77.538055, 0.64341], [-77.538558, 0.643301], [-77.539673, 0.643531], [-77.539773, 0.643549], [-77.540108, 0.64375], [-77.540778, 0.644151], [-77.541321, 0.644304], [-77.542481, 0.64463], [-77.543472, 0.64488], [-77.545243, 0.64465], [-77.546403, 0.644347], [-77.546998, 0.64419], [-77.548074, 0.64408], [-77.549286, 0.644094], [-77.549904, 0.644028], [-77.550469, 0.643967], [-77.551324, 0.643916], [-77.552231, 0.643864], [-77.552734, 0.643841], [-77.553001, 0.64383], [-77.553749, 0.643809], [-77.554353, 0.644153], [-77.55471, 0.644361], [-77.555328, 0.644839], [-77.556037, 0.645391], [-77.556329, 0.645676], [-77.556618, 0.645961], [-77.556953, 0.646499], [-77.557265, 0.647009], [-77.557343, 0.647137], [-77.55748, 0.647369], [-77.558068, 0.647727], [-77.558289, 0.647859], [-77.568192, 0.65379], [-77.581422, 0.658621], [-77.5888, 0.661951], [-77.59465, 0.664595], [-77.60012, 0.66735], [-77.604712, 0.670949], [-77.611878, 0.67656], [-77.614722, 0.6793], [-77.625443, 0.690561], [-77.626006, 0.691181], [-77.63105, 0.69664], [-77.63131, 0.696731], [-77.632317, 0.69718], [-77.633247, 0.697291], [-77.633933, 0.697374], [-77.634995, 0.697344], [-77.636468, 0.697205], [-77.636949, 0.697198], [-77.637543, 0.697191], [-77.638421, 0.697453], [-77.638984, 0.697624], [-77.640328, 0.698071], [-77.641457, 0.69852], [-77.641778, 0.698654], [-77.64264, 0.699021], [-77.642747, 0.699067], [-77.643052, 0.699201], [-77.643692, 0.699561], [-77.643868, 0.699662], [-77.644447, 0.700124], [-77.644577, 0.700232], [-77.644707, 0.700334], [-77.645302, 0.70081], [-77.645828, 0.701458], [-77.645965, 0.701631], [-77.646332, 0.702087], [-77.646774, 0.703023], [-77.647193, 0.703837], [-77.647743, 0.704767], [-77.648278, 0.705364], [-77.648369, 0.705464], [-77.649399, 0.705916], [-77.65071, 0.70695], [-77.651565, 0.708575], [-77.651779, 0.710337], [-77.651909, 0.711388], [-77.652344, 0.713145], [-77.652488, 0.71348], [-77.652802, 0.7142], [-77.653, 0.714583], [-77.653351, 0.71524], [-77.65368, 0.71617], [-77.654183, 0.717131], [-77.654801, 0.717371], [-77.657379, 0.718371], [-77.662263, 0.718371], [-77.676544, 0.718378], [-77.689774, 0.72091], [-77.697074, 0.728263], [-77.698264, 0.731442], [-77.698966, 0.733311], [-77.700379, 0.737069], [-77.700951, 0.738601], [-77.70115, 0.739797], [-77.701865, 0.744109], [-77.70063, 0.746756], [-77.697991, 0.75238], [-77.695937, 0.75414], [-77.693428, 0.756289], [-77.68634, 0.760531], [-77.685882, 0.761224], [-77.685578, 0.761679], [-77.684601, 0.763509], [-77.68383, 0.7651], [-77.683518, 0.765611], [-77.682488, 0.76727], [-77.681656, 0.768781], [-77.681601, 0.76887], [-77.681259, 0.76933], [-77.681038, 0.769791], [-77.680726, 0.770028], [-77.680587, 0.77013], [-77.67958, 0.77093], [-77.679436, 0.77104], [-77.679108, 0.77129], [-77.679008, 0.771375], [-77.678932, 0.771441], [-77.678452, 0.77181], [-77.677627, 0.772451], [-77.676498, 0.77326], [-77.675812, 0.77362], [-77.675133, 0.774092], [-77.674675, 0.774392], [-77.673538, 0.77514], [-77.671951, 0.776211], [-77.671623, 0.776341], [-77.671373, 0.776441], [-77.671044, 0.776649], [-77.670807, 0.776801], [-77.670203, 0.777339], [-77.669898, 0.77761], [-77.669342, 0.77808], [-77.668717, 0.778518], [-77.668312, 0.7788], [-77.666719, 0.779981], [-77.665588, 0.78092], [-77.665139, 0.78138], [-77.664109, 0.782331], [-77.663658, 0.782921], [-77.663323, 0.783491], [-77.663108, 0.783851], [-77.662903, 0.784881], [-77.663368, 0.78533], [-77.663826, 0.78543], [-77.664405, 0.785761], [-77.664993, 0.785861], [-77.665679, 0.78584], [-77.666137, 0.785929], [-77.666313, 0.785922], [-77.666602, 0.785911], [-77.666894, 0.785952], [-77.667291, 0.786009], [-77.667977, 0.785991], [-77.668448, 0.786091], [-77.66864, 0.786084], [-77.668907, 0.786073], [-77.669488, 0.786173], [-77.67006, 0.78616], [-77.670739, 0.786219], [-77.671113, 0.786251], [-77.671272, 0.786244], [-77.671571, 0.786235], [-77.672485, 0.786312], [-77.673996, 0.786841], [-77.674233, 0.787142], [-77.674347, 0.78729], [-77.674591, 0.787741], [-77.67488, 0.788639], [-77.674949, 0.78886], [-77.674851, 0.789781], [-77.674721, 0.790189], [-77.674636, 0.79046], [-77.674087, 0.791851], [-77.673759, 0.792541], [-77.673592, 0.792796], [-77.67331, 0.793229], [-77.672302, 0.79474], [-77.671783, 0.795349], [-77.671402, 0.7958], [-77.671325, 0.795898], [-77.67112, 0.79616], [-77.670951, 0.796388], [-77.669953, 0.79789], [-77.66977, 0.798111], [-77.669105, 0.798875], [-77.669036, 0.79895], [-77.667908, 0.80014], [-77.667571, 0.800491], [-77.667343, 0.800801], [-77.667129, 0.80109], [-77.667022, 0.801489], [-77.666908, 0.80189], [-77.66658, 0.80259], [-77.666121, 0.80318], [-77.665009, 0.804821], [-77.663674, 0.805484], [-77.661454, 0.80659], [-77.664298, 0.808937], [-77.666443, 0.810669], [-77.666131, 0.81097], [-77.665413, 0.81105], [-77.666397, 0.813771], [-77.667076, 0.81567], [-77.668022, 0.81605], [-77.669342, 0.816591], [-77.671699, 0.816071], [-77.672378, 0.8159], [-77.674438, 0.815401], [-77.676713, 0.816841], [-77.678819, 0.817249], [-77.68071, 0.818981], [-77.681, 0.82065], [-77.681198, 0.820729], [-77.682153, 0.821121], [-77.684058, 0.821901], [-77.687919, 0.8239], [-77.688881, 0.825901], [-77.68892, 0.826541], [-77.689056, 0.828351], [-77.691917, 0.83084], [-77.693353, 0.832091], [-77.695602, 0.832581], [-77.699173, 0.83339], [-77.699463, 0.83337], [-77.70205, 0.83321], [-77.702118, 0.833561], [-77.702439, 0.835309], [-77.702499, 0.835601], [-77.703132, 0.835751], [-77.704621, 0.8361], [-77.704812, 0.836761], [-77.705329, 0.8385], [-77.707572, 0.838331], [-77.707702, 0.83832], [-77.710068, 0.83904], [-77.712037, 0.83839], [-77.71482, 0.83935], [-77.717179, 0.838839], [-77.717712, 0.83816], [-77.718849, 0.836711], [-77.721076, 0.836421], [-77.721969, 0.83468], [-77.722496, 0.834445], [-77.723929, 0.8338], [-77.725372, 0.832859], [-77.72718, 0.831681], [-77.731599, 0.82895], [-77.734131, 0.828312], [-77.734489, 0.828221], [-77.735886, 0.82735], [-77.739831, 0.824891], [-77.743118, 0.824818], [-77.750274, 0.828572], [-77.750725, 0.8287], [-77.752776, 0.829283], [-77.753189, 0.829812], [-77.753273, 0.829914], [-77.753845, 0.830584], [-77.754288, 0.830746], [-77.754502, 0.830821], [-77.754944, 0.83096], [-77.755568, 0.831156], [-77.757652, 0.831808], [-77.758948, 0.832214], [-77.759887, 0.832371], [-77.761841, 0.832699], [-77.76432, 0.831321], [-77.771867, 0.83156], [-77.772049, 0.831571], [-77.774415, 0.830263], [-77.774529, 0.830199], [-77.774652, 0.830129], [-77.778198, 0.828071], [-77.7799, 0.827658], [-77.781601, 0.827243], [-77.783982, 0.827259], [-77.786973, 0.82728], [-77.791162, 0.82689], [-77.794555, 0.825058], [-77.795348, 0.824631], [-77.800057, 0.82439], [-77.801849, 0.819959], [-77.801903, 0.819829], [-77.802092, 0.819601], [-77.8022, 0.819474], [-77.80297, 0.81918], [-77.804887, 0.81845], [-77.806457, 0.816518], [-77.807373, 0.8143], [-77.809456, 0.812921], [-77.809921, 0.812233], [-77.809983, 0.812139], [-77.81089, 0.810719], [-77.811539, 0.809689], [-77.811722, 0.809386], [-77.812447, 0.808151], [-77.813477, 0.80623], [-77.814507, 0.803921], [-77.815918, 0.801888], [-77.816649, 0.801646], [-77.81775, 0.801279], [-77.820916, 0.80117], [-77.822632, 0.801111], [-77.824592, 0.800249], [-77.825057, 0.800194], [-77.827644, 0.799878], [-77.830078, 0.799581], [-77.830354, 0.799319], [-77.830864, 0.798845], [-77.831336, 0.79841], [-77.831742, 0.798029], [-77.83406, 0.797715], [-77.835571, 0.79751], [-77.842011, 0.7973], [-77.848411, 0.79725], [-77.849975, 0.797291], [-77.851447, 0.79733], [-77.8534, 0.79668], [-77.859451, 0.79637], [-77.863549, 0.79658], [-77.864128, 0.796609], [-77.86602, 0.797373], [-77.868965, 0.798271], [-77.872009, 0.798829], [-77.87342, 0.79905], [-77.874694, 0.799367], [-77.876121, 0.80047], [-77.877206, 0.801503], [-77.877655, 0.801931], [-77.877899, 0.80197], [-77.878585, 0.802077], [-77.881333, 0.803128], [-77.882553, 0.803595], [-77.887109, 0.805493], [-77.888741, 0.805762], [-77.88981, 0.806093], [-77.891662, 0.806667], [-77.896797, 0.80679], [-77.901932, 0.807622], [-77.906823, 0.807175], [-77.909157, 0.806961], [-77.911744, 0.80821], [-77.915124, 0.80911], [-77.91687, 0.809512], [-77.918267, 0.80989], [-77.920487, 0.81089], [-77.923682, 0.811408], [-77.924507, 0.812112], [-77.925635, 0.813142], [-77.926902, 0.814464], [-77.926994, 0.814553], [-77.929398, 0.815084], [-77.930312, 0.81562], [-77.930617, 0.815797], [-77.931458, 0.81629], [-77.932258, 0.816885], [-77.932944, 0.817256], [-77.933633, 0.817509], [-77.934205, 0.817641], [-77.936265, 0.818042], [-77.936951, 0.818405], [-77.938323, 0.819011], [-77.938895, 0.819373], [-77.939584, 0.819624], [-77.94027, 0.820105], [-77.940728, 0.820353], [-77.942902, 0.821452], [-77.94336, 0.82181], [-77.944046, 0.822172], [-77.946106, 0.823268], [-77.948281, 0.824367], [-77.948967, 0.82462], [-77.950111, 0.824991], [-77.950797, 0.825235], [-77.952171, 0.825502], [-77.952675, 0.825575], [-77.953094, 0.825181], [-77.953552, 0.824953], [-77.954124, 0.824973], [-77.956071, 0.825124], [-77.957901, 0.825518], [-77.958587, 0.825769], [-77.960991, 0.826523], [-77.962822, 0.827145], [-77.963624, 0.827738], [-77.964645, 0.828731], [-77.965226, 0.82929], [-77.965912, 0.829889], [-77.966484, 0.830249], [-77.969338, 0.831626], [-77.969436, 0.831692], [-77.970124, 0.831934], [-77.970894, 0.832426], [-77.972175, 0.833834], [-77.974122, 0.835751], [-77.976182, 0.837755], [-77.977784, 0.839655], [-77.978928, 0.841661], [-77.980872, 0.843562], [-77.981444, 0.846497], [-77.981636, 0.848567], [-77.981675, 0.848966], [-77.981841, 0.849296], [-77.982819, 0.851204], [-77.984535, 0.853223], [-77.986595, 0.85491], [-77.989342, 0.855527], [-77.991288, 0.856731], [-77.993911, 0.857585], [-77.996316, 0.857387], [-78.000213, 0.858508], [-78.002875, 0.860247], [-78.00476, 0.860979], [-78.009719, 0.863639], [-78.011611, 0.86675], [-78.012862, 0.867914], [-78.014266, 0.868582], [-78.017685, 0.870859], [-78.02034, 0.872477], [-78.021881, 0.87443], [-78.022079, 0.875285], [-78.022369, 0.87653], [-78.023392, 0.876643], [-78.023766, 0.876687], [-78.027045, 0.878239], [-78.032005, 0.879953], [-78.036132, 0.88094], [-78.039834, 0.881117], [-78.044023, 0.881892], [-78.047027, 0.884361], [-78.051079, 0.887428], [-78.053657, 0.888329], [-78.055619, 0.888629], [-78.058158, 0.888351], [-78.058181, 0.888509], [-78.058846, 0.888609], [-78.06134, 0.889295], [-78.06195, 0.889468], [-78.063302, 0.889388], [-78.064225, 0.890241], [-78.064751, 0.891266], [-78.065132, 0.892381], [-78.064957, 0.893026], [-78.065018, 0.894136], [-78.067277, 0.895911], [-78.069328, 0.896782], [-78.071931, 0.896976], [-78.074096, 0.896267], [-78.075356, 0.896926], [-78.076309, 0.897675], [-78.077706, 0.898418], [-78.079263, 0.898156], [-78.080033, 0.897712], [-78.082123, 0.897085], [-78.084359, 0.897188], [-78.086159, 0.897769], [-78.088172, 0.898703], [-78.089852, 0.900381], [-78.09095, 0.901787], [-78.092789, 0.903373], [-78.093703, 0.904018], [-78.095925, 0.905525], [-78.097268, 0.90766], [-78.097678, 0.908494], [-78.098373, 0.9096], [-78.099251, 0.91016], [-78.101204, 0.910461], [-78.102692, 0.911398], [-78.104096, 0.913338], [-78.104851, 0.914737], [-78.105325, 0.917328], [-78.105293, 0.91927], [-78.105256, 0.921581], [-78.105575, 0.924731], [-78.105956, 0.926953], [-78.106628, 0.929736], [-78.108039, 0.931954], [-78.10942, 0.93271], [-78.111221, 0.93253], [-78.112634, 0.932619], [-78.114685, 0.933747], [-78.116212, 0.934677], [-78.118202, 0.935783], [-78.120681, 0.937095], [-78.12178, 0.937733], [-78.123915, 0.937563], [-78.125992, 0.937104], [-78.12709, 0.936922], [-78.129645, 0.93656], [-78.129807, 0.936553], [-78.131751, 0.936471], [-78.133857, 0.93619], [-78.135972, 0.935928], [-78.138238, 0.935381], [-78.14025, 0.933636], [-78.141526, 0.93235], [-78.141829, 0.931721], [-78.142379, 0.930604], [-78.14322, 0.929319], [-78.145654, 0.927477], [-78.146987, 0.926848], [-78.149161, 0.926032], [-78.149444, 0.92593], [-78.149658, 0.925848], [-78.151849, 0.92549], [-78.153253, 0.925679], [-78.15496, 0.926602], [-78.156334, 0.927341], [-78.158852, 0.928726], [-78.160338, 0.929456], [-78.162376, 0.930664], [-78.163636, 0.9314], [-78.165489, 0.932403], [-78.168343, 0.933975], [-78.169601, 0.934711], [-78.171492, 0.93563], [-78.17337, 0.936548], [-78.175444, 0.937446], [-78.177703, 0.938271], [-78.180085, 0.938807], [-78.182136, 0.939178], [-78.184235, 0.940446], [-78.186143, 0.942344], [-78.186806, 0.942978], [-78.187606, 0.9437], [-78.189735, 0.943901], [-78.19001, 0.944516], [-78.191733, 0.94515], [-78.192306, 0.946597], [-78.193498, 0.946597], [-78.194703, 0.946508], [-78.1968, 0.947504], [-78.197212, 0.948407], [-78.196807, 0.949672], [-78.196663, 0.950034], [-78.196472, 0.950485], [-78.196365, 0.951132], [-78.196305, 0.951479], [-78.198432, 0.951734], [-78.198548, 0.951752], [-78.198607, 0.952384], [-78.198502, 0.952721], [-78.198044, 0.954102], [-78.197853, 0.954339], [-78.197716, 0.954515], [-78.196816, 0.955636], [-78.195756, 0.956721], [-78.195626, 0.956823], [-78.195419, 0.957035], [-78.195344, 0.957115], [-78.193299, 0.958724], [-78.192932, 0.959014], [-78.191857, 0.959486], [-78.191025, 0.959846], [-78.190033, 0.961051], [-78.189851, 0.961956], [-78.189926, 0.962783], [-78.191337, 0.965318], [-78.191613, 0.967469], [-78.191619, 0.96886], [-78.191337, 0.969639], [-78.190238, 0.970911], [-78.190033, 0.971816], [-78.190453, 0.972164], [-78.191223, 0.9728], [-78.192666, 0.97497], [-78.193108, 0.975695], [-78.193871, 0.976066], [-78.194892, 0.976508], [-78.194762, 0.977413], [-78.194648, 0.978225], [-78.194076, 0.979806], [-78.193826, 0.980492], [-78.193817, 0.98065], [-78.19378, 0.981217], [-78.193741, 0.982473], [-78.193732, 0.982689], [-78.193725, 0.983015], [-78.193543, 0.984729], [-78.19329, 0.985996], [-78.193498, 0.986304], [-78.193946, 0.98699], [-78.194642, 0.987353], [-78.196137, 0.987444], [-78.196465, 0.98926], [-78.196884, 0.990887], [-78.197778, 0.992143], [-78.199875, 0.992508], [-78.200921, 0.993422], [-78.201096, 0.99429], [-78.209572, 0.99894], [-78.21421, 1.000626], [-78.215842, 1.000473], [-78.217308, 1.000754], [-78.218308, 1.001558], [-78.219017, 1.002103], [-78.219933, 1.002103], [-78.22087, 1.002185], [-78.221627, 1.002728], [-78.222358, 1.003361], [-78.223206, 1.003733], [-78.224464, 1.003373], [-78.225244, 1.003906], [-78.226089, 1.004448], [-78.226752, 1.005082], [-78.22683, 1.00521], [-78.22866, 1.005875], [-78.229499, 1.005535], [-78.229781, 1.006283], [-78.23034, 1.006486], [-78.238725, 1.010572], [-78.248817, 1.015491], [-78.258576, 1.018009], [-78.284326, 1.023465], [-78.314438, 1.02976], [-78.318877, 1.031654], [-78.323784, 1.033742], [-78.333122, 1.038765], [-78.347038, 1.044841], [-78.355758, 1.050491], [-78.364273, 1.058443], [-78.373406, 1.063676], [-78.383994, 1.075601], [-78.396865, 1.090454], [-78.409949, 1.101334], [-78.41265, 1.106982], [-78.417632, 1.123084], [-78.423446, 1.132916], [-78.42511, 1.135845], [-78.431334, 1.144838], [-78.436317, 1.149025], [-78.454178, 1.158028], [-78.471627, 1.17142], [-78.485954, 1.181881], [-78.495811, 1.18538], [-78.495811, 1.185676], [-78.493439, 1.187588], [-78.4934, 1.188792], [-78.494391, 1.189785], [-78.496117, 1.189065], [-78.499337, 1.190234], [-78.501037, 1.190225], [-78.503059, 1.188792], [-78.503845, 1.186804], [-78.504846, 1.185801], [-78.506386, 1.188441], [-78.506913, 1.192046], [-78.507173, 1.191704], [-78.50779, 1.191499], [-78.508506, 1.191426], [-78.51014, 1.191103], [-78.512474, 1.190499], [-78.514398, 1.190446], [-78.514915, 1.190537], [-78.515548, 1.191189], [-78.515603, 1.191796], [-78.515343, 1.19257], [-78.51522, 1.192951], [-78.51471, 1.193671], [-78.514664, 1.193838], [-78.514771, 1.194109], [-78.514847, 1.194298], [-78.519448, 1.195693], [-78.524323, 1.196919], [-78.527977, 1.198141], [-78.533462, 1.201229], [-78.538916, 1.203549], [-78.542657, 1.205812], [-78.543083, 1.206291], [-78.544006, 1.207321], [-78.544984, 1.207134], [-78.545419, 1.206516], [-78.54564, 1.2064], [-78.545838, 1.206122], [-78.546859, 1.205575], [-78.547265, 1.205087], [-78.547698, 1.204677], [-78.548172, 1.205491], [-78.548751, 1.20645], [-78.548828, 1.206576], [-78.548997, 1.206521], [-78.549713, 1.206305], [-78.550697, 1.206036], [-78.551429, 1.206678], [-78.551896, 1.207357], [-78.551978, 1.207483], [-78.552833, 1.207629], [-78.553918, 1.207394], [-78.5549, 1.207765], [-78.554763, 1.208217], [-78.554107, 1.208841], [-78.553703, 1.209835], [-78.554978, 1.210314], [-78.555237, 1.210225], [-78.555449, 1.210152], [-78.555885, 1.209999], [-78.556411, 1.20981], [-78.557473, 1.209441], [-78.558257, 1.209657], [-78.559157, 1.209894], [-78.559723, 1.210047], [-78.560256, 1.210886], [-78.560372, 1.21107], [-78.561065, 1.212164], [-78.562057, 1.211886], [-78.564972, 1.214906], [-78.565758, 1.215717], [-78.565667, 1.216326], [-78.565537, 1.21716], [-78.565514, 1.21732], [-78.566102, 1.21817], [-78.566232, 1.218361], [-78.566902, 1.218614], [-78.567704, 1.218904], [-78.568085, 1.219022], [-78.56878, 1.219248], [-78.569306, 1.219982], [-78.569482, 1.220948], [-78.570152, 1.221465], [-78.571328, 1.221691], [-78.571716, 1.222696], [-78.572265, 1.223166], [-78.572486, 1.223355], [-78.573304, 1.224043], [-78.574227, 1.224829], [-78.57528, 1.225158], [-78.576233, 1.225447], [-78.577263, 1.225773], [-78.578118, 1.226037], [-78.579353, 1.226226], [-78.580201, 1.226762], [-78.580773, 1.227576], [-78.581406, 1.228761], [-78.581947, 1.229385], [-78.582603, 1.230126], [-78.583259, 1.230878], [-78.583893, 1.23161], [-78.584517, 1.232332], [-78.584816, 1.232667], [-78.585206, 1.233002], [-78.585044, 1.233907], [-78.58464, 1.234538], [-78.584358, 1.234725], [-78.584228, 1.234937], [-78.583428, 1.235525], [-78.583123, 1.236002], [-78.582573, 1.236861], [-78.582047, 1.237681], [-78.581397, 1.238702], [-78.581069, 1.239409], [-78.580643, 1.240321], [-78.580201, 1.24126], [-78.579765, 1.242171], [-78.579506, 1.242734], [-78.579148, 1.24322], [-78.579132, 1.244124], [-78.579125, 1.245255], [-78.579857, 1.24549], [-78.580032, 1.245544], [-78.58062, 1.245745], [-78.581933, 1.245936], [-78.582954, 1.24608], [-78.583656, 1.24618], [-78.585083, 1.245948], [-78.585466, 1.245882], [-78.585671, 1.245848], [-78.58728, 1.245301], [-78.587403, 1.245173], [-78.587699, 1.244852], [-78.588036, 1.244505], [-78.588775, 1.243719], [-78.589424, 1.243067], [-78.589889, 1.242641], [-78.590744, 1.242237], [-78.591606, 1.242358], [-78.592636, 1.242917], [-78.593185, 1.243432], [-78.593338, 1.243577], [-78.593942, 1.244147], [-78.594475, 1.244646], [-78.595482, 1.245351], [-78.596481, 1.246057], [-78.597436, 1.246347], [-78.598518, 1.246663], [-78.598824, 1.2468], [-78.599389, 1.247055], [-78.600243, 1.247723], [-78.600761, 1.248131], [-78.601089, 1.248384], [-78.601654, 1.248817], [-78.602486, 1.249911], [-78.603484, 1.250166], [-78.604332, 1.249925], [-78.604859, 1.24977], [-78.606308, 1.250025], [-78.606903, 1.249989], [-78.607468, 1.249955], [-78.608102, 1.250207], [-78.608314, 1.250285], [-78.608658, 1.250417], [-78.609665, 1.250711], [-78.610124, 1.250846], [-78.610329, 1.250905], [-78.610946, 1.250816], [-78.61171, 1.250328], [-78.61251, 1.249804], [-78.613, 1.249485], [-78.613403, 1.249218], [-78.614411, 1.249437], [-78.615457, 1.249663], [-78.616172, 1.250306], [-78.617082, 1.25111], [-78.617599, 1.251536], [-78.618408, 1.252197], [-78.618766, 1.252487], [-78.619163, 1.252965], [-78.619484, 1.253264], [-78.619874, 1.253626], [-78.620453, 1.254178], [-78.621132, 1.255165], [-78.621606, 1.255851], [-78.622506, 1.257008], [-78.622611, 1.257095], [-78.623017, 1.257444], [-78.623757, 1.258059], [-78.624473, 1.258647], [-78.62474, 1.259479], [-78.625113, 1.260637], [-78.625282, 1.261758], [-78.625344, 1.262426], [-78.625442, 1.263422], [-78.625487, 1.264208], [-78.626267, 1.264867], [-78.626387, 1.264976], [-78.627342, 1.26496], [-78.628411, 1.264924], [-78.629394, 1.26489], [-78.630241, 1.264862], [-78.630371, 1.264862], [-78.631431, 1.265416], [-78.631607, 1.265505], [-78.63118, 1.266237], [-78.630875, 1.26644], [-78.630761, 1.266631], [-78.62992, 1.267192], [-78.629455, 1.267497], [-78.62912, 1.268135], [-78.629601, 1.268707], [-78.629722, 1.268858], [-78.63057, 1.269129], [-78.63082, 1.269211], [-78.631607, 1.269457], [-78.63237, 1.270018], [-78.633163, 1.270597], [-78.633742, 1.271014], [-78.633872, 1.271103], [-78.634895, 1.271267], [-78.635757, 1.270562], [-78.636001, 1.27036], [-78.636833, 1.269295], [-78.637428, 1.268536], [-78.637544, 1.268527], [-78.637833, 1.268158], [-78.639007, 1.268053], [-78.638702, 1.268694], [-78.638451, 1.269327], [-78.638093, 1.270211], [-78.637772, 1.271116], [-78.638191, 1.271905], [-78.638558, 1.272089], [-78.638786, 1.272137], [-78.640046, 1.272545], [-78.640921, 1.272819], [-78.641731, 1.27356], [-78.642166, 1.274275], [-78.642663, 1.275107], [-78.642884, 1.275476], [-78.64318, 1.275966], [-78.64357, 1.276609], [-78.644424, 1.277603], [-78.645065, 1.278346], [-78.645683, 1.278988], [-78.646394, 1.279738], [-78.647073, 1.280454], [-78.647324, 1.281746], [-78.647317, 1.282334], [-78.647285, 1.283636], [-78.6472, 1.284303], [-78.647064, 1.285479], [-78.646875, 1.286302], [-78.646638, 1.287287], [-78.646378, 1.288372], [-78.645965, 1.289076], [-78.645455, 1.289926], [-78.644958, 1.291009], [-78.644828, 1.291913], [-78.645049, 1.292501], [-78.646271, 1.293089], [-78.647057, 1.293272], [-78.64824, 1.293516], [-78.64917, 1.293716], [-78.650086, 1.293899], [-78.650779, 1.294523], [-78.651292, 1.295464], [-78.651718, 1.296251], [-78.651802, 1.297263], [-78.651886, 1.298302], [-78.652, 1.299252], [-78.652123, 1.300246], [-78.652267, 1.301413], [-78.652641, 1.302154], [-78.653252, 1.303339], [-78.653717, 1.303963], [-78.654311, 1.304759], [-78.655, 1.305673], [-78.655036, 1.306748], [-78.655601, 1.307291], [-78.656281, 1.307952], [-78.657349, 1.309064], [-78.656989, 1.310472], [-78.656875, 1.310917], [-78.65709, 1.310978], [-78.657646, 1.311142], [-78.657386, 1.312047], [-78.657798, 1.312626], [-78.658585, 1.313722], [-78.65853, 1.314244], [-78.658913, 1.315249], [-78.659478, 1.315548], [-78.659713, 1.315671], [-78.66034, 1.315999], [-78.661071, 1.31733], [-78.660438, 1.318206], [-78.660187, 1.319129], [-78.660119, 1.319372], [-78.659927, 1.320068], [-78.659729, 1.320779], [-78.659667, 1.321], [-78.659515, 1.32156], [-78.661149, 1.323603], [-78.66317, 1.323605], [-78.663726, 1.323062], [-78.664146, 1.322666], [-78.665527, 1.323391], [-78.666261, 1.323324], [-78.66764, 1.323236], [-78.668618, 1.32363], [-78.669472, 1.324751], [-78.669898, 1.326559], [-78.670821, 1.326511], [-78.673112, 1.326392], [-78.674302, 1.327593], [-78.674851, 1.329136], [-78.674897, 1.329266], [-78.675414, 1.329455], [-78.676483, 1.329845], [-78.67662, 1.329907], [-78.677239, 1.330299], [-78.677552, 1.33049], [-78.678153, 1.331258], [-78.678764, 1.333104], [-78.679917, 1.334052], [-78.683915, 1.334194], [-78.685677, 1.335705], [-78.686753, 1.336922], [-78.689057, 1.339522], [-78.689934, 1.342679], [-78.690422, 1.346827], [-78.690194, 1.347741], [-78.690461, 1.353065], [-78.690705, 1.355786], [-78.690721, 1.357584], [-78.691429, 1.362207], [-78.691459, 1.367357], [-78.69217, 1.370965], [-78.693337, 1.373506], [-78.695176, 1.375407], [-78.698167, 1.376766], [-78.70092, 1.377673], [-78.704589, 1.377677], [-78.707335, 1.37786], [-78.709175, 1.377862], [-78.710777, 1.377593], [-78.712379, 1.377593], [-78.716728, 1.376421], [-78.719239, 1.37525], [-78.720384, 1.37507], [-78.723579, 1.373627], [-78.725639, 1.373178], [-78.725945, 1.373048], [-78.727921, 1.372203], [-78.728386, 1.372005], [-78.728607, 1.371891], [-78.730667, 1.370822], [-78.73133, 1.370628], [-78.733849, 1.376839], [-78.743699, 1.385116], [-78.745048, 1.386251], [-78.756011, 1.391069], [-78.767669, 1.399101], [-78.775764, 1.407844], [-78.777221, 1.41642], [-78.780343, 1.422695], [-78.787406, 1.42667], [-78.799041, 1.423953], [-78.802161, 1.42458], [-78.802642, 1.425184], [-78.802574, 1.425405], [-78.802444, 1.42638], [-78.80259, 1.427105], [-78.802909, 1.428007], [-78.803542, 1.429202], [-78.804046, 1.429719], [-78.804595, 1.429926], [-78.805794, 1.429174], [-78.807153, 1.42832], [-78.807914, 1.427627], [-78.807914, 1.427916], [-78.808196, 1.427916], [-78.808196, 1.428472], [-78.808472, 1.428472], [-78.808472, 1.429028], [-78.808746, 1.429028], [-78.808746, 1.429582], [-78.809028, 1.429582], [-78.809028, 1.430138], [-78.809587, 1.430138], [-78.809587, 1.430416], [-78.810975, 1.430416], [-78.810975, 1.430695], [-78.811248, 1.430695], [-78.811248, 1.430973], [-78.811531, 1.430973], [-78.811531, 1.431251], [-78.811806, 1.431251], [-78.811806, 1.431529], [-78.81208, 1.431529], [-78.81208, 1.431807], [-78.813194, 1.431807], [-78.813194, 1.432083], [-78.813468, 1.432083], [-78.813468, 1.432361], [-78.813751, 1.432361], [-78.813751, 1.432639], [-78.814026, 1.432639], [-78.814026, 1.433195], [-78.814309, 1.433195], [-78.814309, 1.433473], [-78.814858, 1.433473], [-78.814858, 1.433751], [-78.814582, 1.433751], [-78.814582, 1.434305], [-78.814858, 1.434305], [-78.814858, 1.435139], [-78.814582, 1.435139], [-78.814582, 1.437083], [-78.814858, 1.437083], [-78.814858, 1.437917], [-78.816802, 1.437917], [-78.816802, 1.438473], [-78.817085, 1.438473], [-78.817085, 1.439583], [-78.816802, 1.439583], [-78.816802, 1.440139], [-78.816529, 1.440139], [-78.816529, 1.442751], [-78.816529, 1.442918], [-78.816659, 1.442918], [-78.816802, 1.442918], [-78.816802, 1.443193], [-78.817361, 1.443193], [-78.817361, 1.443471], [-78.817641, 1.443471], [-78.817641, 1.443749], [-78.818193, 1.443749], [-78.818193, 1.444027], [-78.818473, 1.444027], [-78.818473, 1.444306], [-78.820419, 1.444306], [-78.820419, 1.444862], [-78.820693, 1.444862], [-78.820693, 1.44514], [-78.820969, 1.44514], [-78.820969, 1.445418], [-78.821251, 1.445418], [-78.821251, 1.445694], [-78.821525, 1.445694], [-78.821525, 1.44625], [-78.820946, 1.44625], [-78.820693, 1.44625], [-78.820693, 1.446528], [-78.819863, 1.446528], [-78.819863, 1.44625], [-78.819305, 1.44625], [-78.819305, 1.445972], [-78.818473, 1.445972], [-78.818473, 1.44625], [-78.818193, 1.44625], [-78.818193, 1.446806], [-78.817917, 1.446806], [-78.817917, 1.447362], [-78.817641, 1.447362], [-78.817641, 1.447916], [-78.817361, 1.447916], [-78.817361, 1.448472], [-78.817085, 1.448472], [-78.817085, 1.449028], [-78.816802, 1.449028], [-78.816802, 1.449306], [-78.816529, 1.449306], [-78.816529, 1.449584], [-78.81597, 1.449584], [-78.81597, 1.449862], [-78.815414, 1.449862], [-78.815414, 1.450416], [-78.815141, 1.450416], [-78.815141, 1.450694], [-78.814582, 1.450694], [-78.814582, 1.450972], [-78.814309, 1.450972], [-78.814309, 1.451528], [-78.813468, 1.451528], [-78.813468, 1.451806], [-78.813194, 1.451806], [-78.813194, 1.452084], [-78.812919, 1.452084], [-78.812919, 1.452362], [-78.812363, 1.452362], [-78.812363, 1.45264], [-78.81208, 1.45264], [-78.81208, 1.452362], [-78.811806, 1.452362], [-78.811806, 1.452084], [-78.811531, 1.452084], [-78.811531, 1.450972], [-78.811806, 1.450972], [-78.811806, 1.44764], [-78.811531, 1.44764], [-78.811531, 1.447084], [-78.811248, 1.447084], [-78.811248, 1.44514], [-78.810975, 1.44514], [-78.810975, 1.444584], [-78.810692, 1.444584], [-78.810692, 1.444306], [-78.810143, 1.444306], [-78.810143, 1.444027], [-78.80986, 1.444027], [-78.80986, 1.443749], [-78.809304, 1.443749], [-78.809304, 1.443471], [-78.809028, 1.443471], [-78.809028, 1.443193], [-78.808472, 1.443193], [-78.808472, 1.442918], [-78.808196, 1.442918], [-78.808196, 1.442639], [-78.807358, 1.442639], [-78.807358, 1.442918], [-78.80542, 1.442918], [-78.80542, 1.443193], [-78.804582, 1.443193], [-78.804582, 1.443471], [-78.804306, 1.443471], [-78.804306, 1.443749], [-78.804032, 1.443749], [-78.804032, 1.444306], [-78.803474, 1.444306], [-78.803474, 1.444862], [-78.803191, 1.444862], [-78.803191, 1.44514], [-78.802918, 1.44514], [-78.802918, 1.445418], [-78.802635, 1.445415], [-78.802635, 1.447362], [-78.802359, 1.447362], [-78.802359, 1.447916], [-78.802635, 1.447916], [-78.802635, 1.448194], [-78.803191, 1.448194], [-78.803191, 1.447916], [-78.80375, 1.447916], [-78.80375, 1.447362], [-78.804032, 1.447362], [-78.804032, 1.447084], [-78.804306, 1.447084], [-78.804306, 1.446806], [-78.804582, 1.446806], [-78.804582, 1.446528], [-78.805138, 1.446528], [-78.805138, 1.44625], [-78.80542, 1.44625], [-78.80542, 1.445694], [-78.805694, 1.445694], [-78.805694, 1.44514], [-78.80542, 1.44514], [-78.80542, 1.444862], [-78.805694, 1.444862], [-78.805694, 1.444306], [-78.808196, 1.444306], [-78.808196, 1.444584], [-78.808472, 1.444584], [-78.808472, 1.444862], [-78.808746, 1.444862], [-78.808746, 1.44514], [-78.809028, 1.44514], [-78.809028, 1.445418], [-78.809304, 1.445418], [-78.809304, 1.445694], [-78.809587, 1.445694], [-78.809587, 1.44625], [-78.80986, 1.44625], [-78.80986, 1.446806], [-78.810143, 1.446806], [-78.810143, 1.447362], [-78.80986, 1.447362], [-78.80986, 1.44875], [-78.809587, 1.44875], [-78.809587, 1.449028], [-78.809304, 1.449028], [-78.809304, 1.449306], [-78.809587, 1.449306], [-78.809587, 1.450694], [-78.80986, 1.450694], [-78.80986, 1.45125], [-78.809587, 1.45125], [-78.809587, 1.451528], [-78.80986, 1.451528], [-78.80986, 1.451806], [-78.809587, 1.451806], [-78.809587, 1.452362], [-78.80986, 1.45236], [-78.80986, 1.454584], [-78.810143, 1.454584], [-78.810143, 1.455138], [-78.810416, 1.455138], [-78.810416, 1.455416], [-78.810692, 1.455416], [-78.810692, 1.455972], [-78.811248, 1.455972], [-78.811248, 1.45625], [-78.811806, 1.45625], [-78.811806, 1.456529], [-78.81208, 1.456529], [-78.81208, 1.456807], [-78.812638, 1.456807], [-78.812638, 1.457082], [-78.814858, 1.457082], [-78.814858, 1.45736], [-78.815697, 1.45736], [-78.815697, 1.457917], [-78.819581, 1.457917], [-78.819581, 1.45736], [-78.819863, 1.45736], [-78.819863, 1.457082], [-78.819305, 1.457082], [-78.819305, 1.456807], [-78.818749, 1.456807], [-78.818749, 1.456529], [-78.818193, 1.456529], [-78.818193, 1.45625], [-78.817641, 1.45625], [-78.817641, 1.455972], [-78.817361, 1.455972], [-78.817361, 1.454584], [-78.817641, 1.454584], [-78.817641, 1.454028], [-78.817917, 1.454028], [-78.817917, 1.453472], [-78.818473, 1.453472], [-78.818473, 1.452638], [-78.818749, 1.45264], [-78.818749, 1.452362], [-78.819031, 1.452362], [-78.819031, 1.451528], [-78.819581, 1.451528], [-78.819581, 1.450972], [-78.820137, 1.450972], [-78.820137, 1.450694], [-78.820419, 1.450694], [-78.820419, 1.450416], [-78.824027, 1.450416], [-78.824027, 1.450972], [-78.824586, 1.450972], [-78.824586, 1.45125], [-78.826247, 1.45125], [-78.826247, 1.450972], [-78.82653, 1.450972], [-78.82653, 1.450694], [-78.827774, 1.450694], [-78.828476, 1.450694], [-78.828476, 1.450416], [-78.833192, 1.450416], [-78.833192, 1.450694], [-78.833748, 1.450694], [-78.833748, 1.450972], [-78.834304, 1.450972], [-78.834304, 1.45125], [-78.834586, 1.45125], [-78.834586, 1.451806], [-78.834862, 1.451806], [-78.834862, 1.452362], [-78.835136, 1.45236], [-78.835136, 1.452916], [-78.834862, 1.452916], [-78.834862, 1.455309], [-78.834862, 1.456807], [-78.834586, 1.456807], [-78.834586, 1.457082], [-78.834304, 1.457082], [-78.834304, 1.457638], [-78.83403, 1.457638], [-78.83403, 1.457917], [-78.833748, 1.457917], [-78.833748, 1.458195], [-78.833474, 1.458195], [-78.833474, 1.458473], [-78.832916, 1.458473], [-78.832916, 1.458751], [-78.832642, 1.458751], [-78.832642, 1.459029], [-78.832084, 1.459029], [-78.832084, 1.459305], [-78.831801, 1.459305], [-78.831801, 1.459583], [-78.830972, 1.459583], [-78.830972, 1.459861], [-78.830413, 1.459861], [-78.830413, 1.460139], [-78.829581, 1.460139], [-78.829581, 1.460417], [-78.829025, 1.460417], [-78.829025, 1.460139], [-78.828193, 1.460139], [-78.828193, 1.460417], [-78.82792, 1.460417], [-78.82792, 1.460973], [-78.827637, 1.460973], [-78.827637, 1.461251], [-78.827079, 1.461251], [-78.827079, 1.461529], [-78.826805, 1.461529], [-78.826805, 1.461805], [-78.82653, 1.461805], [-78.82653, 1.462083], [-78.826247, 1.462083], [-78.826247, 1.462361], [-78.825974, 1.462361], [-78.825974, 1.462639], [-78.825691, 1.462639], [-78.825691, 1.462917], [-78.825142, 1.462917], [-78.825142, 1.463195], [-78.824859, 1.463195], [-78.824859, 1.463473], [-78.824586, 1.463473], [-78.824586, 1.463751], [-78.824303, 1.463751], [-78.824303, 1.464029], [-78.824027, 1.464027], [-78.824027, 1.464305], [-78.823754, 1.464305], [-78.823754, 1.464583], [-78.823471, 1.464583], [-78.823471, 1.464861], [-78.823195, 1.464861], [-78.823195, 1.465139], [-78.822639, 1.465139], [-78.822639, 1.465417], [-78.822083, 1.465417], [-78.822083, 1.465695], [-78.820693, 1.465695], [-78.820693, 1.465973], [-78.820419, 1.465973], [-78.820419, 1.466529], [-78.820137, 1.466527], [-78.820137, 1.466805], [-78.819581, 1.466805], [-78.819581, 1.466527], [-78.817641, 1.466527], [-78.817641, 1.466805], [-78.816529, 1.466805], [-78.816529, 1.466249], [-78.816253, 1.466249], [-78.816253, 1.465695], [-78.81597, 1.465695], [-78.81597, 1.465417], [-78.815697, 1.465417], [-78.815697, 1.464861], [-78.814582, 1.464861], [-78.814582, 1.465139], [-78.814309, 1.465139], [-78.814309, 1.465417], [-78.814026, 1.465417], [-78.814026, 1.466805], [-78.814309, 1.466805], [-78.814309, 1.467917], [-78.813751, 1.467917], [-78.813751, 1.468195], [-78.813468, 1.468193], [-78.813468, 1.468473], [-78.813194, 1.468473], [-78.813194, 1.468752], [-78.812638, 1.468749], [-78.812638, 1.469027], [-78.81208, 1.469027], [-78.81208, 1.469305], [-78.811531, 1.469305], [-78.811531, 1.469861], [-78.811248, 1.469861], [-78.811248, 1.470418], [-78.810975, 1.470415], [-78.810975, 1.472362], [-78.811248, 1.472362], [-78.811248, 1.473194], [-78.810975, 1.473194], [-78.810975, 1.47375], [-78.810416, 1.47375], [-78.810416, 1.474028], [-78.80986, 1.474028], [-78.80986, 1.474584], [-78.809587, 1.474584], [-78.809587, 1.474862], [-78.809304, 1.474862], [-78.809304, 1.47514], [-78.809028, 1.47514], [-78.809028, 1.475416], [-78.808746, 1.475416], [-78.808746, 1.475972], [-78.808196, 1.475972], [-78.808196, 1.47625], [-78.807914, 1.47625], [-78.807914, 1.476806], [-78.807358, 1.476806], [-78.807358, 1.477084], [-78.806808, 1.477084], [-78.806808, 1.47764], [-78.806252, 1.477638], [-78.806252, 1.477916], [-78.80597, 1.477916], [-78.80597, 1.478194], [-78.80542, 1.478194], [-78.80542, 1.478472], [-78.805138, 1.478472], [-78.805138, 1.479306], [-78.804862, 1.479306], [-78.804862, 1.479584], [-78.804582, 1.479584], [-78.804582, 1.48014], [-78.804306, 1.480138], [-78.804306, 1.480416], [-78.804032, 1.480416], [-78.804032, 1.480694], [-78.80375, 1.480694], [-78.80375, 1.480972], [-78.803474, 1.480972], [-78.803474, 1.481528], [-78.802635, 1.481528], [-78.802635, 1.48125], [-78.802359, 1.48125], [-78.802359, 1.480694], [-78.802086, 1.480694], [-78.802086, 1.480416], [-78.800698, 1.480416], [-78.800698, 1.480694], [-78.800415, 1.480694], [-78.800415, 1.481528], [-78.80014, 1.481528], [-78.80014, 1.48236], [-78.799857, 1.48236], [-78.799857, 1.482916], [-78.799583, 1.482916], [-78.799583, 1.483194], [-78.799308, 1.483194], [-78.799308, 1.483472], [-78.799027, 1.483472], [-78.799027, 1.485139], [-78.799308, 1.485139], [-78.799308, 1.485695], [-78.799583, 1.485695], [-78.799583, 1.485973], [-78.800415, 1.485973], [-78.800415, 1.485417], [-78.800971, 1.485417], [-78.800971, 1.48486], [-78.80153, 1.48486], [-78.80153, 1.484582], [-78.802359, 1.484582], [-78.802359, 1.484307], [-78.802918, 1.484304], [-78.802918, 1.48486], [-78.803474, 1.48486], [-78.803474, 1.485417], [-78.80375, 1.485417], [-78.80375, 1.485695], [-78.804032, 1.485695], [-78.804032, 1.485973], [-78.804306, 1.485973], [-78.804306, 1.486251], [-78.804582, 1.486251], [-78.804582, 1.486805], [-78.804862, 1.486805], [-78.804862, 1.487361], [-78.80542, 1.487361], [-78.80542, 1.487917], [-78.805694, 1.487917], [-78.805694, 1.488195], [-78.80597, 1.488195], [-78.80597, 1.488473], [-78.806252, 1.488473], [-78.806252, 1.488751], [-78.806526, 1.488751], [-78.806526, 1.489027], [-78.806808, 1.489027], [-78.806808, 1.489583], [-78.807084, 1.489583], [-78.807084, 1.490139], [-78.80764, 1.490139], [-78.80764, 1.489861], [-78.807914, 1.489861], [-78.807914, 1.489305], [-78.808196, 1.489305], [-78.808196, 1.489861], [-78.808472, 1.489861], [-78.808472, 1.489583], [-78.808746, 1.489583], [-78.808746, 1.489305], [-78.808472, 1.489305], [-78.808472, 1.488751], [-78.808196, 1.488751], [-78.808196, 1.487639], [-78.807914, 1.487639], [-78.807914, 1.487083], [-78.80764, 1.487083], [-78.80764, 1.486251], [-78.807084, 1.486251], [-78.807084, 1.485695], [-78.806808, 1.485695], [-78.806808, 1.485139], [-78.806526, 1.485139], [-78.806526, 1.48486], [-78.806252, 1.48486], [-78.806252, 1.484582], [-78.80597, 1.484582], [-78.80597, 1.484307], [-78.805694, 1.484307], [-78.805694, 1.483751], [-78.80542, 1.483751], [-78.80542, 1.482638], [-78.806252, 1.482638], [-78.806252, 1.48236], [-78.806808, 1.48236], [-78.806808, 1.482082], [-78.80764, 1.482082], [-78.80764, 1.481806], [-78.807914, 1.481806], [-78.807914, 1.481528], [-78.808746, 1.481528], [-78.808746, 1.48125], [-78.809304, 1.48125], [-78.809304, 1.480972], [-78.80986, 1.480972], [-78.80986, 1.480416], [-78.810143, 1.480416], [-78.810143, 1.480138], [-78.810692, 1.48014], [-78.810692, 1.479862], [-78.811248, 1.479862], [-78.811248, 1.479584], [-78.811531, 1.479584], [-78.811531, 1.479306], [-78.81208, 1.479306], [-78.81208, 1.479028], [-78.812638, 1.479028], [-78.812638, 1.47875], [-78.812919, 1.47875], [-78.812919, 1.478194], [-78.813468, 1.478194], [-78.813468, 1.477638], [-78.813751, 1.47764], [-78.813751, 1.477084], [-78.814309, 1.477084], [-78.814309, 1.476528], [-78.815414, 1.476528], [-78.815414, 1.47625], [-78.815697, 1.47625], [-78.815697, 1.475972], [-78.81597, 1.475972], [-78.81597, 1.475694], [-78.816253, 1.475694], [-78.816253, 1.475416], [-78.816802, 1.475416], [-78.816802, 1.47514], [-78.817085, 1.47514], [-78.817085, 1.474584], [-78.817641, 1.474584], [-78.817641, 1.474306], [-78.818193, 1.474306], [-78.818193, 1.47375], [-78.818473, 1.47375], [-78.818473, 1.473472], [-78.819031, 1.473472], [-78.819031, 1.473194], [-78.820419, 1.473194], [-78.820419, 1.473472], [-78.821251, 1.473472], [-78.821251, 1.47375], [-78.823471, 1.47375], [-78.823471, 1.474028], [-78.824027, 1.474028], [-78.824027, 1.474306], [-78.824859, 1.474306], [-78.824859, 1.474584], [-78.825417, 1.474584], [-78.825417, 1.474862], [-78.826247, 1.474862], [-78.826247, 1.47514], [-78.826805, 1.47514], [-78.826805, 1.475416], [-78.827637, 1.475416], [-78.827637, 1.475694], [-78.828476, 1.475694], [-78.828476, 1.475972], [-78.829308, 1.475972], [-78.829308, 1.47625], [-78.829864, 1.47625], [-78.829864, 1.476528], [-78.830696, 1.476528], [-78.830696, 1.476806], [-78.831528, 1.476806], [-78.831528, 1.477084], [-78.832642, 1.477084], [-78.832642, 1.477362], [-78.833748, 1.477362], [-78.833748, 1.47764], [-78.834586, 1.477638], [-78.834586, 1.477916], [-78.835694, 1.477916], [-78.835694, 1.478194], [-78.836806, 1.478194], [-78.836806, 1.478472], [-78.841248, 1.478472], [-78.841248, 1.478194], [-78.841804, 1.478194], [-78.841804, 1.477916], [-78.842636, 1.477916], [-78.842636, 1.477638], [-78.843192, 1.47764], [-78.843192, 1.477362], [-78.84458, 1.477362], [-78.84458, 1.478194], [-78.844307, 1.478194], [-78.844307, 1.479028], [-78.844863, 1.479028], [-78.844863, 1.47875], [-78.845139, 1.47875], [-78.845139, 1.478472], [-78.845695, 1.478472], [-78.845695, 1.478194], [-78.845971, 1.478194], [-78.845971, 1.477916], [-78.846253, 1.477916], [-78.846253, 1.477638], [-78.846527, 1.47764], [-78.846527, 1.477362], [-78.846803, 1.477362], [-78.846803, 1.477084], [-78.847083, 1.477084], [-78.847083, 1.476806], [-78.847641, 1.476806], [-78.847641, 1.476528], [-78.847915, 1.476528], [-78.847915, 1.47625], [-78.848197, 1.47625], [-78.848197, 1.475972], [-78.848473, 1.475972], [-78.848473, 1.475694], [-78.848747, 1.475694], [-78.848747, 1.475416], [-78.850135, 1.475416], [-78.850135, 1.475694], [-78.850417, 1.475694], [-78.850417, 1.475416], [-78.850976, 1.475416], [-78.850976, 1.477084], [-78.851249, 1.477084], [-78.851249, 1.477362], [-78.851808, 1.477362], [-78.851808, 1.47764], [-78.852081, 1.477638], [-78.852081, 1.477916], [-78.852364, 1.477916], [-78.852364, 1.478194], [-78.852601, 1.478194], [-78.852637, 1.478472], [-78.852913, 1.478472], [-78.852913, 1.47875], [-78.853196, 1.47875], [-78.853196, 1.479028], [-78.853752, 1.479028], [-78.853752, 1.479306], [-78.854027, 1.479306], [-78.854027, 1.479584], [-78.85431, 1.479584], [-78.85431, 1.479862], [-78.854584, 1.479862], [-78.854584, 1.48014], [-78.854859, 1.480138], [-78.854859, 1.480416], [-78.855415, 1.480416], [-78.855415, 1.480694], [-78.855972, 1.480694], [-78.855972, 1.480972], [-78.856247, 1.480972], [-78.856247, 1.48125], [-78.856803, 1.48125], [-78.856803, 1.481528], [-78.857086, 1.481528], [-78.857086, 1.481806], [-78.857362, 1.481806], [-78.857362, 1.482082], [-78.857635, 1.482082], [-78.857635, 1.48236], [-78.857918, 1.48236], [-78.857918, 1.482638], [-78.858191, 1.482638], [-78.858191, 1.483194], [-78.858474, 1.483194], [-78.858474, 1.483472], [-78.85875, 1.483472], [-78.85875, 1.483751], [-78.859023, 1.483751], [-78.859023, 1.484307], [-78.859306, 1.484307], [-78.859306, 1.484582], [-78.859864, 1.484582], [-78.859864, 1.48486], [-78.86042, 1.48486], [-78.86042, 1.485139], [-78.86097, 1.485139], [-78.86097, 1.485417], [-78.861526, 1.485417], [-78.861526, 1.485973], [-78.861808, 1.485973], [-78.861808, 1.487083], [-78.862084, 1.487083], [-78.862084, 1.487917], [-78.862358, 1.487917], [-78.862358, 1.488473], [-78.86264, 1.488473], [-78.86264, 1.489027], [-78.862916, 1.489027], [-78.862916, 1.489583], [-78.863196, 1.489583], [-78.863196, 1.490139], [-78.864028, 1.490139], [-78.864028, 1.490417], [-78.864304, 1.490417], [-78.864304, 1.490695], [-78.864587, 1.490695], [-78.864587, 1.490973], [-78.86486, 1.490973], [-78.86486, 1.491251], [-78.865419, 1.491251], [-78.865419, 1.491529], [-78.865692, 1.491529], [-78.865692, 1.493473], [-78.866248, 1.493473], [-78.866248, 1.493751], [-78.866531, 1.493749], [-78.866531, 1.494027], [-78.86708, 1.494027], [-78.86708, 1.495139], [-78.867363, 1.495139], [-78.867363, 1.496249], [-78.867638, 1.496249], [-78.867638, 1.496527], [-78.867919, 1.496527], [-78.867919, 1.496805], [-78.868195, 1.496805], [-78.868195, 1.497362], [-78.86847, 1.497362], [-78.86847, 1.49764], [-78.868751, 1.49764], [-78.868751, 1.497918], [-78.869026, 1.497918], [-78.869026, 1.498193], [-78.869309, 1.498193], [-78.869309, 1.49875], [-78.869583, 1.49875], [-78.869583, 1.499028], [-78.869858, 1.499028], [-78.869858, 1.499306], [-78.870141, 1.499306], [-78.870141, 1.499584], [-78.870414, 1.499584], [-78.870414, 1.50014], [-78.870697, 1.50014], [-78.870697, 1.500972], [-78.870971, 1.500972], [-78.870971, 1.501528], [-78.871246, 1.501528], [-78.871246, 1.502362], [-78.871529, 1.502362], [-78.871529, 1.503194], [-78.871802, 1.503194], [-78.871802, 1.50375], [-78.872085, 1.50375], [-78.872085, 1.504584], [-78.872361, 1.504584], [-78.872361, 1.505416], [-78.872643, 1.505416], [-78.872643, 1.505972], [-78.872917, 1.505972], [-78.872917, 1.506806], [-78.873193, 1.506806], [-78.873193, 1.508194], [-78.873473, 1.508194], [-78.873473, 1.509863], [-78.873749, 1.509863], [-78.873749, 1.511529], [-78.874031, 1.511529], [-78.874031, 1.513473], [-78.874305, 1.513473], [-78.874305, 1.515139], [-78.874581, 1.515139], [-78.874581, 1.517083], [-78.874305, 1.517083], [-78.874305, 1.519029], [-78.874031, 1.519027], [-78.874031, 1.520973], [-78.873749, 1.520973], [-78.873749, 1.522083], [-78.873473, 1.522083], [-78.873473, 1.522639], [-78.873193, 1.522639], [-78.873193, 1.522917], [-78.872917, 1.522917], [-78.872917, 1.523196], [-78.872643, 1.523193], [-78.872643, 1.523749], [-78.872361, 1.523749], [-78.872361, 1.524027], [-78.871529, 1.524027], [-78.871529, 1.524305], [-78.870697, 1.524305], [-78.870697, 1.524584], [-78.870141, 1.524584], [-78.870141, 1.52514], [-78.869858, 1.52514], [-78.869858, 1.524862], [-78.869583, 1.524862], [-78.869583, 1.524584], [-78.868195, 1.524584], [-78.868195, 1.524305], [-78.867638, 1.524305], [-78.867638, 1.524027], [-78.866531, 1.524027], [-78.866531, 1.523749], [-78.86486, 1.523749], [-78.86486, 1.523471], [-78.863746, 1.523471], [-78.863746, 1.523193], [-78.863472, 1.523196], [-78.863472, 1.522917], [-78.862358, 1.522917], [-78.862358, 1.522639], [-78.861808, 1.522639], [-78.861808, 1.522361], [-78.861252, 1.522361], [-78.861252, 1.522083], [-78.86097, 1.522083], [-78.86097, 1.521805], [-78.859864, 1.521805], [-78.859864, 1.521527], [-78.85875, 1.521527], [-78.85875, 1.521251], [-78.857918, 1.521251], [-78.857918, 1.520973], [-78.857086, 1.520973], [-78.857086, 1.520695], [-78.85653, 1.520695], [-78.85653, 1.520973], [-78.855415, 1.520973], [-78.855415, 1.521805], [-78.855698, 1.521805], [-78.855698, 1.522361], [-78.856247, 1.522361], [-78.856247, 1.522083], [-78.85653, 1.522083], [-78.85653, 1.522361], [-78.857086, 1.522361], [-78.857086, 1.522639], [-78.857635, 1.522639], [-78.857635, 1.522917], [-78.857918, 1.522917], [-78.857918, 1.523196], [-78.858474, 1.523193], [-78.858474, 1.523471], [-78.859023, 1.523471], [-78.859023, 1.523749], [-78.859864, 1.523749], [-78.859864, 1.524027], [-78.861526, 1.524027], [-78.861526, 1.524305], [-78.862358, 1.524305], [-78.862358, 1.524584], [-78.863196, 1.524584], [-78.863196, 1.524862], [-78.864028, 1.524862], [-78.864028, 1.52514], [-78.86486, 1.52514], [-78.86486, 1.525418], [-78.865419, 1.525418], [-78.865419, 1.525693], [-78.866248, 1.525693], [-78.866248, 1.52625], [-78.866531, 1.52625], [-78.866531, 1.526806], [-78.86708, 1.526806], [-78.86708, 1.527084], [-78.867638, 1.527084], [-78.867638, 1.52764], [-78.869309, 1.52764], [-78.869309, 1.528194], [-78.869583, 1.528194], [-78.869583, 1.528472], [-78.869858, 1.528472], [-78.869858, 1.529862], [-78.870141, 1.529862], [-78.870141, 1.530972], [-78.869583, 1.530972], [-78.869583, 1.53125], [-78.86847, 1.53125], [-78.86847, 1.531806], [-78.868751, 1.531806], [-78.868751, 1.53264], [-78.86847, 1.532638], [-78.86847, 1.533194], [-78.869583, 1.533194], [-78.869583, 1.53375], [-78.869309, 1.53375], [-78.869309, 1.53514], [-78.869026, 1.53514], [-78.869026, 1.535972], [-78.868751, 1.535972], [-78.868751, 1.536114], [-78.868751, 1.53625], [-78.86847, 1.53625], [-78.86847, 1.536528], [-78.867919, 1.536528], [-78.867919, 1.536807], [-78.868195, 1.536807], [-78.868195, 1.537082], [-78.86847, 1.537082], [-78.86847, 1.53736], [-78.870697, 1.53736], [-78.870697, 1.537638], [-78.871246, 1.537638], [-78.871246, 1.537916], [-78.871529, 1.537916], [-78.871529, 1.538195], [-78.871802, 1.538195], [-78.871802, 1.538473], [-78.872085, 1.538473], [-78.872085, 1.538751], [-78.872917, 1.538751], [-78.872917, 1.539029], [-78.873473, 1.539029], [-78.873473, 1.539304], [-78.873749, 1.539304], [-78.873749, 1.539583], [-78.874031, 1.539583], [-78.874031, 1.539861], [-78.874305, 1.539861], [-78.874305, 1.540139], [-78.874581, 1.540139], [-78.874581, 1.541251], [-78.875137, 1.541251], [-78.875137, 1.541527], [-78.875419, 1.541527], [-78.875419, 1.542639], [-78.876807, 1.542639], [-78.876807, 1.542917], [-78.877776, 1.542917], [-78.878198, 1.542917], [-78.878198, 1.543195], [-78.878303, 1.543195], [-78.879586, 1.543195], [-78.879586, 1.543473], [-78.880974, 1.543473], [-78.880974, 1.543751], [-78.882362, 1.543751], [-78.882362, 1.544029], [-78.883752, 1.544027], [-78.883752, 1.544305], [-78.88514, 1.544305], [-78.88514, 1.544583], [-78.886528, 1.544583], [-78.886528, 1.544861], [-78.887916, 1.544861], [-78.887916, 1.545139], [-78.889306, 1.545139], [-78.889306, 1.545417], [-78.890694, 1.545417], [-78.890694, 1.545139], [-78.890977, 1.545139], [-78.890977, 1.544861], [-78.891526, 1.544861], [-78.891526, 1.544583], [-78.892082, 1.544583], [-78.892082, 1.544305], [-78.892365, 1.544305], [-78.892365, 1.544027], [-78.898193, 1.544029], [-78.898193, 1.543751], [-78.898751, 1.543751], [-78.898751, 1.543473], [-78.899307, 1.543473], [-78.899307, 1.543195], [-78.899863, 1.543195], [-78.899863, 1.542917], [-78.900139, 1.542917], [-78.900139, 1.542361], [-78.900412, 1.542361], [-78.900412, 1.542083], [-78.900971, 1.542083], [-78.900971, 1.541805], [-78.901527, 1.541805], [-78.901527, 1.541527], [-78.901803, 1.541527], [-78.901803, 1.541251], [-78.902359, 1.541251], [-78.902359, 1.540973], [-78.903747, 1.540973], [-78.903747, 1.541527], [-78.904029, 1.541527], [-78.904029, 1.541805], [-78.904305, 1.541805], [-78.904305, 1.542083], [-78.904588, 1.542083], [-78.904588, 1.542639], [-78.904861, 1.542639], [-78.904861, 1.542917], [-78.905137, 1.542917], [-78.905137, 1.543195], [-78.905417, 1.543195], [-78.905417, 1.543473], [-78.905693, 1.543473], [-78.905693, 1.544029], [-78.905976, 1.544027], [-78.905976, 1.544305], [-78.906249, 1.544305], [-78.906249, 1.544583], [-78.906525, 1.544583], [-78.906525, 1.544861], [-78.906808, 1.544861], [-78.906808, 1.545417], [-78.907081, 1.545417], [-78.907081, 1.545695], [-78.907364, 1.545695], [-78.907364, 1.546251], [-78.90764, 1.546251], [-78.90764, 1.547361], [-78.907913, 1.547361], [-78.907913, 1.548471], [-78.908196, 1.548471], [-78.908196, 1.549583], [-78.908469, 1.549583], [-78.908469, 1.550139], [-78.908752, 1.550139], [-78.908752, 1.550696], [-78.909028, 1.550693], [-78.909028, 1.550971], [-78.909301, 1.550971], [-78.909301, 1.551527], [-78.909584, 1.551527], [-78.909584, 1.551806], [-78.909859, 1.551806], [-78.909859, 1.552362], [-78.910142, 1.552362], [-78.910142, 1.552918], [-78.910416, 1.552918], [-78.910416, 1.553194], [-78.910698, 1.553194], [-78.910698, 1.55375], [-78.910972, 1.55375], [-78.910972, 1.554306], [-78.911247, 1.554306], [-78.911247, 1.55514], [-78.91153, 1.55514], [-78.91153, 1.555972], [-78.911804, 1.555972], [-78.911804, 1.557084], [-78.912086, 1.557084], [-78.912086, 1.557916], [-78.912362, 1.557916], [-78.912362, 1.55875], [-78.912635, 1.55875], [-78.912635, 1.559306], [-78.912918, 1.559306], [-78.912918, 1.559584], [-78.913194, 1.559584], [-78.913194, 1.559874], [-78.913194, 1.56014], [-78.913474, 1.560138], [-78.913474, 1.560416], [-78.91375, 1.560416], [-78.91375, 1.560694], [-78.914023, 1.560694], [-78.914023, 1.56125], [-78.914306, 1.56125], [-78.914306, 1.561528], [-78.914582, 1.561528], [-78.914582, 1.561806], [-78.914864, 1.561806], [-78.914864, 1.562362], [-78.915138, 1.562362], [-78.915138, 1.562638], [-78.916809, 1.562638], [-78.916809, 1.562084], [-78.917084, 1.562084], [-78.917084, 1.561528], [-78.91764, 1.561528], [-78.91764, 1.562084], [-78.917358, 1.562084], [-78.917358, 1.562638], [-78.91764, 1.562638], [-78.91764, 1.564304], [-78.917916, 1.564304], [-78.917916, 1.564582], [-78.91764, 1.564582], [-78.91764, 1.56486], [-78.917916, 1.56486], [-78.917916, 1.565138], [-78.918197, 1.565138], [-78.918197, 1.565695], [-78.918472, 1.565695], [-78.918472, 1.566251], [-78.918746, 1.566251], [-78.918746, 1.566807], [-78.919304, 1.566807], [-78.919304, 1.567083], [-78.91986, 1.567083], [-78.91986, 1.567361], [-78.920136, 1.567361], [-78.920136, 1.567639], [-78.920419, 1.567639], [-78.920419, 1.567917], [-78.920692, 1.567917], [-78.920692, 1.568473], [-78.920975, 1.568473], [-78.920975, 1.569027], [-78.921524, 1.569027], [-78.921524, 1.569305], [-78.921807, 1.569305], [-78.921807, 1.569861], [-78.92208, 1.569861], [-78.92208, 1.570139], [-78.922363, 1.570139], [-78.922363, 1.570695], [-78.922921, 1.570695], [-78.922921, 1.570973], [-78.923195, 1.570973], [-78.923195, 1.571527], [-78.92347, 1.571527], [-78.92347, 1.572639], [-78.923751, 1.572639], [-78.923751, 1.573195], [-78.924309, 1.573195], [-78.924309, 1.573749], [-78.924583, 1.573749], [-78.924583, 1.574861], [-78.924858, 1.574861], [-78.924858, 1.575417], [-78.924583, 1.575417], [-78.924583, 1.575971], [-78.924309, 1.575971], [-78.924309, 1.576252], [-78.924027, 1.576249], [-78.924027, 1.577083], [-78.923751, 1.577083], [-78.923751, 1.577361], [-78.92347, 1.577361], [-78.92347, 1.577918], [-78.923195, 1.577918], [-78.923195, 1.578193], [-78.922921, 1.578193], [-78.922921, 1.579028], [-78.922363, 1.579028], [-78.922363, 1.579306], [-78.922639, 1.579306], [-78.922639, 1.579584], [-78.922921, 1.579584], [-78.922921, 1.579862], [-78.92347, 1.579862], [-78.92347, 1.58014], [-78.924027, 1.58014], [-78.924027, 1.579862], [-78.924583, 1.579862], [-78.924583, 1.579306], [-78.924858, 1.579306], [-78.924858, 1.578749], [-78.925415, 1.578749], [-78.925415, 1.577361], [-78.925697, 1.577361], [-78.925697, 1.576805], [-78.925973, 1.576805], [-78.925973, 1.576527], [-78.926529, 1.576527], [-78.926529, 1.574583], [-78.926803, 1.574583], [-78.926803, 1.573749], [-78.927085, 1.573749], [-78.927085, 1.572917], [-78.927361, 1.572917], [-78.927361, 1.572361], [-78.927634, 1.572361], [-78.927634, 1.572083], [-78.928193, 1.572083], [-78.928193, 1.571805], [-78.928475, 1.571805], [-78.928475, 1.571527], [-78.929032, 1.571527], [-78.929032, 1.570973], [-78.929305, 1.570973], [-78.929305, 1.570417], [-78.929581, 1.570417], [-78.929581, 1.569305], [-78.929863, 1.569305], [-78.929863, 1.568751], [-78.929581, 1.568751], [-78.929581, 1.568208], [-78.930137, 1.568195], [-78.930137, 1.568692], [-78.93042, 1.568751], [-78.93042, 1.568938], [-78.93042, 1.571527], [-78.930137, 1.571527], [-78.930137, 1.572639], [-78.929863, 1.572639], [-78.929863, 1.573749], [-78.929581, 1.573749], [-78.929581, 1.574583], [-78.929305, 1.574583], [-78.929305, 1.574861], [-78.928749, 1.574861], [-78.928749, 1.575139], [-78.928475, 1.575139], [-78.928475, 1.575695], [-78.928193, 1.575695], [-78.928193, 1.576252], [-78.928475, 1.576249], [-78.928475, 1.576805], [-78.928749, 1.576805], [-78.928749, 1.57764], [-78.929032, 1.57764], [-78.929032, 1.578193], [-78.929305, 1.578193], [-78.929305, 1.578749], [-78.929032, 1.578749], [-78.929032, 1.579306], [-78.929305, 1.579306], [-78.929305, 1.579584], [-78.929581, 1.579584], [-78.929581, 1.579862], [-78.929863, 1.579862], [-78.929863, 1.58014], [-78.93042, 1.58014], [-78.93042, 1.580418], [-78.930695, 1.580418], [-78.930695, 1.580694], [-78.930969, 1.580694], [-78.930969, 1.58125], [-78.931251, 1.58125], [-78.931251, 1.581528], [-78.931527, 1.581528], [-78.931527, 1.582084], [-78.931808, 1.582084], [-78.931808, 1.58264], [-78.932083, 1.58264], [-78.932083, 1.582916], [-78.932915, 1.582916], [-78.932915, 1.583472], [-78.933471, 1.583472], [-78.933471, 1.58375], [-78.93403, 1.58375], [-78.93403, 1.584028], [-78.934859, 1.584028], [-78.934859, 1.584306], [-78.935142, 1.584306], [-78.935142, 1.584584], [-78.935418, 1.584584], [-78.935418, 1.584862], [-78.935691, 1.584862], [-78.935691, 1.58514], [-78.935974, 1.585138], [-78.935974, 1.585416], [-78.936532, 1.585416], [-78.936532, 1.585972], [-78.936806, 1.585972], [-78.936806, 1.58625], [-78.937362, 1.58625], [-78.937362, 1.586806], [-78.93792, 1.586806], [-78.93792, 1.587362], [-78.938469, 1.587362], [-78.938469, 1.58764], [-78.938752, 1.587638], [-78.938752, 1.587916], [-78.939026, 1.587916], [-78.939026, 1.588194], [-78.939584, 1.588194], [-78.939584, 1.588472], [-78.939857, 1.588472], [-78.939857, 1.58875], [-78.940414, 1.58875], [-78.940414, 1.589028], [-78.940972, 1.589028], [-78.940972, 1.589306], [-78.941528, 1.589306], [-78.941528, 1.589582], [-78.942643, 1.589582], [-78.942643, 1.590138], [-78.943474, 1.590138], [-78.943474, 1.590416], [-78.943748, 1.590416], [-78.943748, 1.590972], [-78.944862, 1.590972], [-78.944862, 1.591251], [-78.945419, 1.591251], [-78.945419, 1.591529], [-78.945694, 1.591529], [-78.945694, 1.591251], [-78.945968, 1.591251], [-78.945968, 1.591529], [-78.94625, 1.591529], [-78.94625, 1.591807], [-78.946526, 1.591807], [-78.946526, 1.592082], [-78.947082, 1.592082], [-78.947082, 1.59236], [-78.947365, 1.59236], [-78.947365, 1.592639], [-78.947638, 1.592639], [-78.947638, 1.592917], [-78.947914, 1.592917], [-78.947914, 1.593195], [-78.947638, 1.593195], [-78.947638, 1.594305], [-78.947914, 1.594305], [-78.947914, 1.594583], [-78.948197, 1.594583], [-78.948197, 1.595139], [-78.94847, 1.595139], [-78.94847, 1.595417], [-78.948753, 1.595417], [-78.948753, 1.595695], [-78.949029, 1.595695], [-78.949029, 1.595973], [-78.949302, 1.595973], [-78.949302, 1.596251], [-78.949861, 1.596251], [-78.949861, 1.596529], [-78.950141, 1.596529], [-78.950141, 1.596805], [-78.950417, 1.596805], [-78.950417, 1.597083], [-78.950973, 1.597083], [-78.950973, 1.597361], [-78.951531, 1.597361], [-78.951531, 1.597639], [-78.951805, 1.597639], [-78.951805, 1.598195], [-78.95208, 1.598195], [-78.95208, 1.598751], [-78.952363, 1.598749], [-78.952363, 1.599305], [-78.953193, 1.599305], [-78.953193, 1.599583], [-78.954866, 1.599583], [-78.954866, 1.599861], [-78.955139, 1.599861], [-78.955139, 1.600139], [-78.955415, 1.600139], [-78.955415, 1.600695], [-78.955695, 1.600695], [-78.955695, 1.600973], [-78.955971, 1.600973], [-78.955971, 1.601251], [-78.956803, 1.601251], [-78.956803, 1.601529], [-78.960137, 1.601527], [-78.960137, 1.601805], [-78.96042, 1.601805], [-78.96042, 1.602083], [-78.962081, 1.602083], [-78.962081, 1.601805], [-78.963472, 1.601805], [-78.963472, 1.601527], [-78.964584, 1.601527], [-78.964584, 1.601805], [-78.96486, 1.601805], [-78.96486, 1.602361], [-78.965142, 1.602361], [-78.965142, 1.602917], [-78.965416, 1.602917], [-78.965416, 1.603749], [-78.967086, 1.603749], [-78.967086, 1.602083], [-78.967636, 1.602083], [-78.967636, 1.601805], [-78.967918, 1.601805], [-78.967918, 1.601527], [-78.96875, 1.601527], [-78.96875, 1.601805], [-78.969306, 1.601805], [-78.969306, 1.602083], [-78.969865, 1.602083], [-78.969865, 1.602361], [-78.970138, 1.602361], [-78.970138, 1.602917], [-78.97097, 1.602917], [-78.97097, 1.603195], [-78.972358, 1.603193], [-78.972358, 1.603471], [-78.975136, 1.603471], [-78.975136, 1.603749], [-78.975419, 1.603749], [-78.975419, 1.604027], [-78.977363, 1.604027], [-78.977363, 1.604305], [-78.978195, 1.604305], [-78.978195, 1.604027], [-78.978753, 1.604027], [-78.978753, 1.603749], [-78.979309, 1.603749], [-78.979309, 1.603471], [-78.980141, 1.603471], [-78.980141, 1.603193], [-78.981805, 1.603195], [-78.981805, 1.602917], [-78.983749, 1.602917], [-78.983749, 1.602639], [-78.984307, 1.602639], [-78.984307, 1.602361], [-78.985137, 1.602361], [-78.985137, 1.602083], [-78.98542, 1.602083], [-78.98542, 1.601805], [-78.985695, 1.601805], [-78.985695, 1.601249], [-78.985969, 1.601251], [-78.985969, 1.600973], [-78.986527, 1.600973], [-78.986527, 1.600695], [-78.987083, 1.600695], [-78.987083, 1.600417], [-78.98764, 1.600417], [-78.98764, 1.600139], [-78.988198, 1.600139], [-78.988198, 1.600417], [-78.988471, 1.600417], [-78.988471, 1.600695], [-78.98903, 1.600695], [-78.98903, 1.600973], [-78.989303, 1.600973], [-78.989303, 1.601251], [-78.989586, 1.601251], [-78.989586, 1.601529], [-78.989859, 1.601527], [-78.989859, 1.601805], [-78.990135, 1.601805], [-78.990135, 1.602083], [-78.990418, 1.602083], [-78.990418, 1.602361], [-78.990974, 1.602361], [-78.990974, 1.602639], [-78.99125, 1.602639], [-78.99125, 1.602917], [-78.991532, 1.602917], [-78.991532, 1.603195], [-78.991806, 1.603193], [-78.991806, 1.603471], [-78.992082, 1.603471], [-78.992082, 1.603749], [-78.992362, 1.603749], [-78.992362, 1.604305], [-78.992638, 1.604305], [-78.992638, 1.604862], [-78.99292, 1.604862], [-78.99292, 1.60514], [-78.993194, 1.60514], [-78.993194, 1.605693], [-78.99347, 1.605693], [-78.99347, 1.605971], [-78.993752, 1.605971], [-78.993752, 1.606528], [-78.994026, 1.606528], [-78.994026, 1.607084], [-78.994308, 1.607084], [-78.994308, 1.607362], [-78.994584, 1.607362], [-78.994584, 1.607916], [-78.994858, 1.607916], [-78.994858, 1.608194], [-78.99514, 1.608194], [-78.99514, 1.60875], [-78.995414, 1.60875], [-78.995414, 1.609028], [-78.995696, 1.609028], [-78.995696, 1.609584], [-78.995972, 1.609584], [-78.995972, 1.61014], [-78.996246, 1.61014], [-78.996246, 1.61125], [-78.996528, 1.61125], [-78.996528, 1.612362], [-78.996804, 1.612362], [-78.996804, 1.613194], [-78.997087, 1.613194], [-78.997087, 1.614028], [-78.99736, 1.614028], [-78.99736, 1.614584], [-78.997643, 1.614584], [-78.997643, 1.615416], [-78.997916, 1.615416], [-78.997916, 1.616806], [-78.998192, 1.616806], [-78.998192, 1.61736], [-78.998475, 1.61736], [-78.998475, 1.618473], [-78.998748, 1.618473], [-78.998748, 1.619307], [-78.999031, 1.619304], [-78.999031, 1.619861], [-78.99958, 1.619861], [-78.99958, 1.620417], [-78.999863, 1.620417], [-79.000138, 1.620417], [-79.000419, 1.620417], [-79.000419, 1.621251], [-79.000694, 1.621251], [-79.000694, 1.623473], [-79.000968, 1.623473], [-79.000968, 1.623751], [-79.001251, 1.623749], [-79.001251, 1.624305], [-79.001526, 1.624305], [-79.001526, 1.625417], [-79.001809, 1.625417], [-79.001809, 1.625973], [-79.002082, 1.625973], [-79.002082, 1.626251], [-79.002358, 1.626251], [-79.002358, 1.626805], [-79.002914, 1.626805], [-79.002914, 1.627917], [-79.003197, 1.627917], [-79.003197, 1.628751], [-79.00347, 1.628749], [-79.00347, 1.629305], [-79.003753, 1.629305], [-79.003753, 1.629861], [-79.004029, 1.629861], [-79.004029, 1.630417], [-79.003197, 1.630417], [-79.003197, 1.630696], [-79.003753, 1.630696], [-79.003753, 1.630971], [-79.004029, 1.630971], [-79.004029, 1.631527], [-79.004302, 1.631527], [-79.004302, 1.631249], [-79.005143, 1.631249], [-79.005143, 1.630971], [-79.005417, 1.630971], [-79.005417, 1.631527], [-79.005143, 1.631527], [-79.005143, 1.632084], [-79.005973, 1.632084], [-79.005973, 1.632362], [-79.007081, 1.632362], [-79.007081, 1.63264], [-79.007919, 1.63264], [-79.007919, 1.632918], [-79.008751, 1.632918], [-79.008751, 1.633193], [-79.009307, 1.633193], [-79.009307, 1.633472], [-79.010139, 1.633472], [-79.010139, 1.63375], [-79.010415, 1.63375], [-79.010415, 1.634306], [-79.010698, 1.634306], [-79.010698, 1.634584], [-79.010971, 1.634584], [-79.010971, 1.634862], [-79.010698, 1.634862], [-79.010698, 1.63514], [-79.010415, 1.63514], [-79.010415, 1.635416], [-79.010139, 1.635416], [-79.010139, 1.635694], [-79.009025, 1.635694], [-79.009025, 1.635972], [-79.009307, 1.635972], [-79.009307, 1.636528], [-79.009025, 1.636528], [-79.009025, 1.637084], [-79.008751, 1.637084], [-79.008751, 1.63764], [-79.008469, 1.63764], [-79.008469, 1.638472], [-79.008195, 1.638472], [-79.008195, 1.639028], [-79.007919, 1.639028], [-79.007919, 1.639584], [-79.007637, 1.639584], [-79.007637, 1.640416], [-79.007363, 1.640416], [-79.007363, 1.640972], [-79.007081, 1.640972], [-79.007081, 1.641528], [-79.006805, 1.641528], [-79.006805, 1.642084], [-79.006531, 1.642084], [-79.006531, 1.642916], [-79.006249, 1.642916], [-79.006249, 1.643194], [-79.005693, 1.643194], [-79.005693, 1.643472], [-79.005417, 1.643472], [-79.005417, 1.643194], [-79.005143, 1.643194], [-79.005143, 1.643472], [-79.004585, 1.643472], [-79.004585, 1.644028], [-79.004302, 1.644028], [-79.004302, 1.64486], [-79.004029, 1.64486], [-79.004029, 1.645695], [-79.004302, 1.645695], [-79.004302, 1.645973], [-79.004585, 1.645973], [-79.004585, 1.646529], [-79.004861, 1.646529], [-79.004861, 1.646804], [-79.005143, 1.646804], [-79.005143, 1.647083], [-79.005417, 1.647083], [-79.005417, 1.647361], [-79.005973, 1.647361], [-79.005973, 1.647917], [-79.006531, 1.647917], [-79.006531, 1.648195], [-79.006805, 1.648195], [-79.006805, 1.648751], [-79.007363, 1.648751], [-79.007363, 1.649029], [-79.007637, 1.649029], [-79.007637, 1.649305], [-79.008195, 1.649305], [-79.008195, 1.649583], [-79.007919, 1.649583], [-79.007919, 1.650417], [-79.008195, 1.650417], [-79.008195, 1.651251], [-79.008469, 1.651251], [-79.008469, 1.652639], [-79.008195, 1.652639], [-79.008195, 1.654305], [-79.007919, 1.654305], [-79.007919, 1.655973], [-79.007637, 1.655973], [-79.007637, 1.657083], [-79.007081, 1.657083], [-79.007081, 1.657361], [-79.006805, 1.657361], [-79.006805, 1.657639], [-79.006249, 1.657639], [-79.006249, 1.657918], [-79.005693, 1.657918], [-79.005693, 1.658196], [-79.005143, 1.658193], [-79.005143, 1.658471], [-79.004585, 1.658471], [-79.004585, 1.657918], [-79.004302, 1.657918], [-79.004302, 1.658471], [-79.004029, 1.658471], [-79.004029, 1.659027], [-79.003753, 1.659027], [-79.003753, 1.659306], [-79.003197, 1.659306], [-79.003197, 1.659584], [-79.002641, 1.659584], [-79.002641, 1.659862], [-79.002358, 1.659862], [-79.002358, 1.66014], [-79.002082, 1.66014], [-79.002082, 1.660418], [-79.001809, 1.660418], [-79.001809, 1.660694], [-79.001526, 1.660694], [-79.001526, 1.66125], [-79.000968, 1.66125], [-79.000968, 1.661528], [-79.000694, 1.661528], [-79.000694, 1.662362], [-79.000138, 1.662362], [-79.000138, 1.662916], [-78.999863, 1.662916], [-78.998748, 1.662916], [-78.998748, 1.663194], [-78.998192, 1.663194], [-78.998192, 1.664028], [-78.997643, 1.664028], [-78.997643, 1.664306], [-78.99736, 1.664306], [-78.99736, 1.664584], [-78.996804, 1.664584], [-78.996804, 1.664862], [-78.996246, 1.664862], [-78.996246, 1.66514], [-78.995414, 1.665138], [-78.995414, 1.665694], [-78.994858, 1.665694], [-78.994858, 1.665972], [-78.994308, 1.665972], [-78.994308, 1.66625], [-78.994026, 1.66625], [-78.994026, 1.666528], [-78.99347, 1.666528], [-78.99347, 1.666806], [-78.99292, 1.666806], [-78.99292, 1.667084], [-78.992362, 1.667084], [-78.992362, 1.667362], [-78.992082, 1.667362], [-78.992082, 1.66764], [-78.990974, 1.667638], [-78.990974, 1.668194], [-78.990418, 1.668194], [-78.990418, 1.668472], [-78.990135, 1.668472], [-78.990135, 1.66875], [-78.98903, 1.66875], [-78.98903, 1.669028], [-78.987915, 1.669028], [-78.987915, 1.669306], [-78.98764, 1.669306], [-78.98764, 1.669582], [-78.986527, 1.669582], [-78.986527, 1.670138], [-78.98542, 1.670138], [-78.98542, 1.670416], [-78.984025, 1.670416], [-78.984025, 1.670694], [-78.983476, 1.670694], [-78.983476, 1.670972], [-78.982917, 1.670972], [-78.982917, 1.67125], [-78.982635, 1.67125], [-78.982635, 1.671529], [-78.982361, 1.671529], [-78.982361, 1.670972], [-78.982085, 1.670972], [-78.982085, 1.67125], [-78.981529, 1.67125], [-78.981529, 1.670972], [-78.979583, 1.670972], [-78.979583, 1.670138], [-78.979859, 1.670138], [-78.979859, 1.66986], [-78.980415, 1.66986], [-78.980415, 1.669582], [-78.980973, 1.669582], [-78.980973, 1.669306], [-78.981247, 1.669306], [-78.981247, 1.66875], [-78.981529, 1.66875], [-78.981529, 1.668472], [-78.982085, 1.668472], [-78.982085, 1.668194], [-78.982361, 1.668194], [-78.982361, 1.667638], [-78.982635, 1.66764], [-78.982635, 1.667362], [-78.982917, 1.667362], [-78.982917, 1.666806], [-78.983193, 1.666806], [-78.983193, 1.666528], [-78.983476, 1.666528], [-78.983476, 1.66625], [-78.983749, 1.66625], [-78.983749, 1.665694], [-78.984025, 1.665694], [-78.984025, 1.665416], [-78.984307, 1.665416], [-78.984307, 1.665138], [-78.984581, 1.66514], [-78.984581, 1.664862], [-78.984864, 1.664862], [-78.984864, 1.664028], [-78.984025, 1.664028], [-78.984025, 1.664306], [-78.983749, 1.664306], [-78.983749, 1.664584], [-78.983476, 1.664584], [-78.983476, 1.664862], [-78.983193, 1.664862], [-78.983193, 1.665416], [-78.982917, 1.665416], [-78.982917, 1.665694], [-78.982635, 1.665694], [-78.982635, 1.665972], [-78.982085, 1.665972], [-78.982085, 1.66625], [-78.981529, 1.66625], [-78.981529, 1.666806], [-78.981247, 1.666806], [-78.981247, 1.667084], [-78.980973, 1.667084], [-78.980973, 1.667362], [-78.980697, 1.667362], [-78.980697, 1.66764], [-78.980415, 1.667638], [-78.980415, 1.667916], [-78.980141, 1.667916], [-78.980141, 1.668194], [-78.979309, 1.668194], [-78.979309, 1.668472], [-78.978471, 1.668472], [-78.978471, 1.66875], [-78.977912, 1.66875], [-78.977912, 1.669028], [-78.97708, 1.669028], [-78.97708, 1.669306], [-78.976251, 1.669306], [-78.976251, 1.669582], [-78.975975, 1.669582], [-78.975975, 1.66986], [-78.975692, 1.66986], [-78.975692, 1.670138], [-78.975419, 1.670138], [-78.975419, 1.66986], [-78.974587, 1.66986], [-78.974587, 1.670138], [-78.974029, 1.670138], [-78.974029, 1.670416], [-78.973748, 1.670416], [-78.973748, 1.67125], [-78.973472, 1.67125], [-78.973472, 1.671529], [-78.972916, 1.671529], [-78.972916, 1.671807], [-78.972641, 1.671807], [-78.972641, 1.672085], [-78.972358, 1.672082], [-78.972358, 1.67236], [-78.971802, 1.67236], [-78.971802, 1.672638], [-78.971526, 1.672638], [-78.971526, 1.673195], [-78.971253, 1.673195], [-78.971253, 1.673473], [-78.970696, 1.673473], [-78.970696, 1.673751], [-78.969865, 1.673751], [-78.969865, 1.674029], [-78.969306, 1.674029], [-78.969306, 1.674305], [-78.969024, 1.674305], [-78.969024, 1.674583], [-78.96875, 1.674583], [-78.96875, 1.674861], [-78.968194, 1.674861], [-78.968194, 1.675139], [-78.967918, 1.675139], [-78.967918, 1.675417], [-78.967636, 1.675417], [-78.967636, 1.675695], [-78.967362, 1.675695], [-78.967362, 1.675973], [-78.967086, 1.675973], [-78.967086, 1.676251], [-78.966804, 1.676251], [-78.966804, 1.676527], [-78.966248, 1.676527], [-78.966248, 1.676805], [-78.965972, 1.676805], [-78.965972, 1.677083], [-78.965142, 1.677083], [-78.965142, 1.677361], [-78.964584, 1.677361], [-78.964584, 1.677639], [-78.964301, 1.677639], [-78.964301, 1.677917], [-78.964028, 1.677917], [-78.964028, 1.678195], [-78.963752, 1.678195], [-78.963752, 1.678473], [-78.963472, 1.678473], [-78.963472, 1.678751], [-78.963196, 1.678751], [-78.963196, 1.679029], [-78.962913, 1.679027], [-78.962913, 1.679305], [-78.96264, 1.679305], [-78.96264, 1.679861], [-78.962364, 1.679861], [-78.962364, 1.680139], [-78.962081, 1.680139], [-78.962081, 1.680695], [-78.961808, 1.680695], [-78.961808, 1.680973], [-78.961525, 1.680973], [-78.961525, 1.681527], [-78.961249, 1.681527], [-78.961249, 1.681805], [-78.960976, 1.681805], [-78.960976, 1.682083], [-78.960693, 1.682083], [-78.960693, 1.682361], [-78.959861, 1.682361], [-78.959861, 1.682083], [-78.959588, 1.682083], [-78.959588, 1.682361], [-78.95903, 1.682361], [-78.95903, 1.682639], [-78.957085, 1.682639], [-78.957085, 1.682917], [-78.956527, 1.682917], [-78.956527, 1.683195], [-78.956254, 1.683195], [-78.956254, 1.683471], [-78.955695, 1.683471], [-78.955695, 1.683749], [-78.955415, 1.683749], [-78.955415, 1.684027], [-78.954866, 1.684027], [-78.954866, 1.684583], [-78.954583, 1.684583], [-78.954583, 1.68514], [-78.954307, 1.68514], [-78.954307, 1.686528], [-78.953751, 1.686528], [-78.953751, 1.686806], [-78.953475, 1.686806], [-78.953475, 1.687084], [-78.952919, 1.687084], [-78.952919, 1.687362], [-78.952637, 1.687362], [-78.952637, 1.68764], [-78.952363, 1.68764], [-78.952363, 1.688194], [-78.95208, 1.688194], [-78.95208, 1.688472], [-78.951805, 1.688472], [-78.951805, 1.689306], [-78.950973, 1.689306], [-78.950973, 1.689584], [-78.950417, 1.689584], [-78.950417, 1.689862], [-78.950141, 1.689862], [-78.950141, 1.69014], [-78.949585, 1.69014], [-78.949585, 1.690416], [-78.948753, 1.690416], [-78.948753, 1.690694], [-78.948197, 1.690694], [-78.948197, 1.690972], [-78.947914, 1.690972], [-78.947914, 1.691528], [-78.947638, 1.691528], [-78.947638, 1.691806], [-78.947365, 1.691806], [-78.947365, 1.692084], [-78.947082, 1.692084], [-78.947082, 1.692362], [-78.946809, 1.692362], [-78.946809, 1.69264], [-78.946526, 1.692638], [-78.946526, 1.693194], [-78.94625, 1.693194], [-78.94625, 1.694028], [-78.945968, 1.694028], [-78.945968, 1.694306], [-78.94458, 1.694306], [-78.94458, 1.694584], [-78.943748, 1.694584], [-78.943748, 1.694862], [-78.943474, 1.694862], [-78.943474, 1.69514], [-78.943192, 1.69514], [-78.943192, 1.695972], [-78.943748, 1.695972], [-78.943748, 1.695694], [-78.944031, 1.695694], [-78.944031, 1.695416], [-78.94458, 1.695416], [-78.94458, 1.695138], [-78.94625, 1.69514], [-78.94625, 1.694862], [-78.946809, 1.694862], [-78.946809, 1.694584], [-78.947082, 1.694584], [-78.947082, 1.694306], [-78.947638, 1.694306], [-78.947638, 1.694028], [-78.947914, 1.694028], [-78.947914, 1.69375], [-78.948197, 1.69375], [-78.948197, 1.693472], [-78.94847, 1.693472], [-78.94847, 1.692916], [-78.948753, 1.692916], [-78.948753, 1.692362], [-78.949029, 1.692362], [-78.949029, 1.691806], [-78.949302, 1.691806], [-78.949302, 1.691528], [-78.95069, 1.691528], [-78.95069, 1.69125], [-78.951249, 1.69125], [-78.951249, 1.690972], [-78.95208, 1.690972], [-78.95208, 1.690694], [-78.952363, 1.690694], [-78.952363, 1.690416], [-78.952919, 1.690416], [-78.952919, 1.689862], [-78.953475, 1.689862], [-78.953475, 1.689584], [-78.954025, 1.689584], [-78.954025, 1.689306], [-78.954307, 1.689306], [-78.954307, 1.689028], [-78.955415, 1.689028], [-78.955415, 1.68875], [-78.955695, 1.68875], [-78.955695, 1.688472], [-78.955971, 1.688472], [-78.955971, 1.688194], [-78.956254, 1.688194], [-78.956254, 1.688472], [-78.956527, 1.688472], [-78.956527, 1.687918], [-78.956803, 1.687918], [-78.956803, 1.686806], [-78.957085, 1.686806], [-78.957085, 1.686528], [-78.957359, 1.686528], [-78.957359, 1.686806], [-78.957642, 1.686806], [-78.957642, 1.687918], [-78.957359, 1.687918], [-78.957359, 1.688194], [-78.957085, 1.688194], [-78.957085, 1.688472], [-78.956803, 1.688472], [-78.956803, 1.68875], [-78.957085, 1.68875], [-78.957085, 1.689584], [-78.956803, 1.689584], [-78.956803, 1.69014], [-78.956527, 1.69014], [-78.956527, 1.690416], [-78.955695, 1.690416], [-78.955695, 1.69014], [-78.955139, 1.69014], [-78.955139, 1.690416], [-78.954866, 1.690416], [-78.954866, 1.690694], [-78.954583, 1.690694], [-78.954583, 1.692916], [-78.955139, 1.692916], [-78.955139, 1.693472], [-78.954866, 1.693472], [-78.954866, 1.69375], [-78.954583, 1.69375], [-78.954583, 1.694028], [-78.954307, 1.694028], [-78.954307, 1.694584], [-78.954025, 1.694584], [-78.954025, 1.695694], [-78.953751, 1.695694], [-78.953751, 1.69625], [-78.953475, 1.69625], [-78.953475, 1.697084], [-78.952919, 1.697084], [-78.952919, 1.697916], [-78.952637, 1.697916], [-78.952637, 1.698751], [-78.952363, 1.698751], [-78.952363, 1.699029], [-78.951805, 1.699029], [-78.951805, 1.699304], [-78.951531, 1.699304], [-78.951531, 1.699582], [-78.951249, 1.699582], [-78.951249, 1.69986], [-78.950973, 1.69986], [-78.950973, 1.700417], [-78.95069, 1.700417], [-78.95069, 1.701251], [-78.950417, 1.701251], [-78.950417, 1.702083], [-78.950141, 1.702083], [-78.950141, 1.702639], [-78.949861, 1.702639], [-78.949861, 1.702917], [-78.949585, 1.702917], [-78.949585, 1.703473], [-78.949302, 1.703473], [-78.949302, 1.703751], [-78.949029, 1.703751], [-78.949029, 1.704029], [-78.94847, 1.704027], [-78.94847, 1.705417], [-78.948753, 1.705417], [-78.948753, 1.705695], [-78.94847, 1.705695], [-78.94847, 1.706251], [-78.948197, 1.706251], [-78.948197, 1.706529], [-78.947914, 1.706527], [-78.947914, 1.707083], [-78.947638, 1.707083], [-78.947638, 1.707639], [-78.947365, 1.707639], [-78.947365, 1.707917], [-78.947082, 1.707917], [-78.947082, 1.708195], [-78.946809, 1.708195], [-78.946809, 1.708751], [-78.94625, 1.708749], [-78.94625, 1.709305], [-78.945968, 1.709305], [-78.945968, 1.709861], [-78.945694, 1.709861], [-78.945694, 1.710139], [-78.945419, 1.710139], [-78.945419, 1.710695], [-78.945136, 1.710693], [-78.945136, 1.711249], [-78.944862, 1.711249], [-78.944862, 1.711805], [-78.94458, 1.711805], [-78.94458, 1.712362], [-78.944306, 1.712362], [-78.944306, 1.71264], [-78.944031, 1.71264], [-78.944031, 1.713193], [-78.943748, 1.713193], [-78.943748, 1.71375], [-78.943474, 1.71375], [-78.943474, 1.714862], [-78.943192, 1.714862], [-78.943192, 1.715694], [-78.942916, 1.715694], [-78.942916, 1.71625], [-78.94236, 1.71625], [-78.94236, 1.716528], [-78.941528, 1.716528], [-78.941528, 1.71625], [-78.940972, 1.71625], [-78.940972, 1.715972], [-78.940696, 1.715972], [-78.940696, 1.715694], [-78.940414, 1.715694], [-78.940414, 1.715416], [-78.939857, 1.715416], [-78.939857, 1.71514], [-78.939584, 1.71514], [-78.939584, 1.715416], [-78.939308, 1.715416], [-78.939308, 1.716528], [-78.939584, 1.716528], [-78.939584, 1.717084], [-78.939857, 1.717084], [-78.939857, 1.718472], [-78.939584, 1.718472], [-78.939584, 1.719862], [-78.939308, 1.719862], [-78.939308, 1.72014], [-78.939584, 1.720138], [-78.939584, 1.720694], [-78.939308, 1.720694], [-78.939308, 1.720972], [-78.939026, 1.720972], [-78.939026, 1.721528], [-78.938752, 1.721528], [-78.938752, 1.721806], [-78.938469, 1.721806], [-78.938469, 1.722362], [-78.938194, 1.722362], [-78.938194, 1.72264], [-78.93792, 1.722638], [-78.93792, 1.723194], [-78.937638, 1.723194], [-78.937638, 1.72375], [-78.937362, 1.72375], [-78.937362, 1.724306], [-78.937081, 1.724304], [-78.937081, 1.72486], [-78.936806, 1.72486], [-78.936806, 1.725138], [-78.936532, 1.725138], [-78.936532, 1.725416], [-78.93625, 1.725416], [-78.93625, 1.725973], [-78.935974, 1.725973], [-78.935974, 1.726529], [-78.935691, 1.726529], [-78.935691, 1.726807], [-78.935418, 1.726804], [-78.935418, 1.727361], [-78.934859, 1.727361], [-78.934859, 1.727917], [-78.934586, 1.727917], [-78.934586, 1.728195], [-78.934303, 1.728195], [-78.934303, 1.728751], [-78.93403, 1.728751], [-78.93403, 1.729583], [-78.933747, 1.729583], [-78.933747, 1.729861], [-78.933471, 1.729861], [-78.933471, 1.730139], [-78.933198, 1.730139], [-78.933198, 1.730973], [-78.932915, 1.730973], [-78.932915, 1.731529], [-78.932357, 1.731529], [-78.932357, 1.731805], [-78.931808, 1.731805], [-78.931808, 1.732361], [-78.931527, 1.732361], [-78.931527, 1.732917], [-78.931251, 1.732917], [-78.931251, 1.733195], [-78.930969, 1.733195], [-78.930969, 1.733473], [-78.93042, 1.733473], [-78.93042, 1.734027], [-78.930137, 1.734027], [-78.930137, 1.734305], [-78.929863, 1.734305], [-78.929863, 1.734583], [-78.929581, 1.734583], [-78.929581, 1.734861], [-78.929305, 1.734861], [-78.929305, 1.735139], [-78.929032, 1.735139], [-78.929032, 1.735417], [-78.928749, 1.735417], [-78.928749, 1.735971], [-78.928475, 1.735971], [-78.928475, 1.736805], [-78.928193, 1.736805], [-78.928193, 1.737361], [-78.927917, 1.737361], [-78.927917, 1.737639], [-78.927634, 1.737639], [-78.927634, 1.737917], [-78.927361, 1.737917], [-78.927361, 1.738196], [-78.927085, 1.738193], [-78.927085, 1.738474], [-78.926803, 1.738474], [-78.926803, 1.738749], [-78.926529, 1.738749], [-78.926529, 1.739027], [-78.926246, 1.739027], [-78.926246, 1.739305], [-78.925697, 1.739305], [-78.925697, 1.739584], [-78.925415, 1.739584], [-78.925415, 1.739862], [-78.925141, 1.739862], [-78.925141, 1.74014], [-78.924858, 1.74014], [-78.924858, 1.739862], [-78.924309, 1.739862], [-78.924309, 1.739584], [-78.924027, 1.739584], [-78.924027, 1.739305], [-78.923751, 1.739305], [-78.923751, 1.738749], [-78.92347, 1.738749], [-78.92347, 1.738474], [-78.922921, 1.738474], [-78.922921, 1.738193], [-78.922363, 1.738193], [-78.922363, 1.738749], [-78.922639, 1.738749], [-78.922639, 1.740693], [-78.922363, 1.740693], [-78.922363, 1.740972], [-78.921807, 1.740972], [-78.921807, 1.74125], [-78.921248, 1.74125], [-78.921248, 1.741528], [-78.920692, 1.741528], [-78.920692, 1.741806], [-78.920136, 1.741806], [-78.920136, 1.742084], [-78.91986, 1.742084], [-78.91986, 1.74264], [-78.919587, 1.74264], [-78.919587, 1.742916], [-78.919304, 1.742916], [-78.919304, 1.743194], [-78.918746, 1.743194], [-78.918746, 1.743472], [-78.917358, 1.743472], [-78.917358, 1.74375], [-78.916809, 1.74375], [-78.916809, 1.744028], [-78.915414, 1.744028], [-78.915414, 1.744306], [-78.915138, 1.744306], [-78.915138, 1.744862], [-78.914864, 1.744862], [-78.914864, 1.745416], [-78.915138, 1.745416], [-78.915138, 1.746528], [-78.914864, 1.746528], [-78.914864, 1.747084], [-78.914582, 1.747084], [-78.914582, 1.747362], [-78.914306, 1.747362], [-78.914306, 1.74764], [-78.914023, 1.74764], [-78.914023, 1.748472], [-78.91375, 1.748472], [-78.91375, 1.749028], [-78.913474, 1.749028], [-78.913474, 1.749584], [-78.913194, 1.749584], [-78.913194, 1.749862], [-78.912635, 1.749862], [-78.912635, 1.750138], [-78.912362, 1.750138], [-78.912362, 1.750416], [-78.911804, 1.750416], [-78.911804, 1.750694], [-78.91153, 1.750694], [-78.91153, 1.750972], [-78.911247, 1.750972], [-78.911247, 1.75125], [-78.910698, 1.75125], [-78.910698, 1.751528], [-78.910416, 1.751528], [-78.910416, 1.752638], [-78.910142, 1.752638], [-78.910142, 1.752916], [-78.909859, 1.752916], [-78.909859, 1.753195], [-78.909584, 1.753195], [-78.909584, 1.753473], [-78.909301, 1.753473], [-78.909301, 1.753751], [-78.909028, 1.753751], [-78.909028, 1.754029], [-78.908752, 1.754029], [-78.908752, 1.754307], [-78.908469, 1.754304], [-78.908469, 1.754861], [-78.908196, 1.754861], [-78.908196, 1.755417], [-78.907913, 1.755417], [-78.907913, 1.755695], [-78.90764, 1.755695], [-78.90764, 1.755973], [-78.907364, 1.755973], [-78.907364, 1.756251], [-78.906808, 1.756251], [-78.906808, 1.756805], [-78.906525, 1.756805], [-78.906525, 1.757083], [-78.906249, 1.757083], [-78.906249, 1.757361], [-78.905976, 1.757361], [-78.905976, 1.757639], [-78.905693, 1.757639], [-78.905693, 1.757917], [-78.905417, 1.757917], [-78.905417, 1.758195], [-78.904861, 1.758195], [-78.904861, 1.758751], [-78.904305, 1.758751], [-78.904305, 1.759027], [-78.904029, 1.759027], [-78.904029, 1.759583], [-78.903473, 1.759583], [-78.903473, 1.759861], [-78.903198, 1.759861], [-78.903198, 1.760139], [-78.902641, 1.760139], [-78.902641, 1.760417], [-78.902359, 1.760417], [-78.902359, 1.760695], [-78.902085, 1.760695], [-78.902085, 1.760973], [-78.901803, 1.760973], [-78.901803, 1.761251], [-78.901253, 1.761251], [-78.901253, 1.761529], [-78.900971, 1.761527], [-78.900971, 1.761805], [-78.900695, 1.761805], [-78.900695, 1.762083], [-78.900412, 1.762083], [-78.900412, 1.762361], [-78.899863, 1.762361], [-78.899863, 1.762639], [-78.899583, 1.762639], [-78.899583, 1.762917], [-78.899024, 1.762917], [-78.899024, 1.763195], [-78.898751, 1.763195], [-78.898751, 1.763473], [-78.898475, 1.763473], [-78.898475, 1.763751], [-78.897919, 1.763751], [-78.897919, 1.764027], [-78.897636, 1.764027], [-78.897636, 1.764305], [-78.897361, 1.764305], [-78.897361, 1.764861], [-78.897087, 1.764861], [-78.897087, 1.765139], [-78.896531, 1.765139], [-78.896531, 1.765418], [-78.895973, 1.765418], [-78.895973, 1.765693], [-78.89569, 1.765693], [-78.89569, 1.766249], [-78.895417, 1.766249], [-78.895417, 1.766527], [-78.894585, 1.766527], [-78.894585, 1.765693], [-78.89347, 1.765693], [-78.89347, 1.765971], [-78.893197, 1.765971], [-78.893197, 1.766249], [-78.892638, 1.766249], [-78.892638, 1.766527], [-78.892365, 1.766527], [-78.892365, 1.766806], [-78.892082, 1.766806], [-78.892082, 1.767084], [-78.891526, 1.767084], [-78.891526, 1.767362], [-78.89125, 1.767362], [-78.89125, 1.76764], [-78.890977, 1.76764], [-78.890977, 1.767918], [-78.890694, 1.767915], [-78.890694, 1.768472], [-78.890418, 1.768472], [-78.890418, 1.76875], [-78.890136, 1.76875], [-78.890136, 1.769028], [-78.889862, 1.769028], [-78.889862, 1.769306], [-78.88958, 1.769306], [-78.88958, 1.769584], [-78.889306, 1.769584], [-78.889306, 1.77014], [-78.88903, 1.77014], [-78.88903, 1.770416], [-78.888748, 1.770416], [-78.888748, 1.770972], [-78.888474, 1.770972], [-78.888474, 1.77125], [-78.888192, 1.77125], [-78.888192, 1.771528], [-78.887916, 1.771528], [-78.887916, 1.771806], [-78.887642, 1.771806], [-78.887642, 1.772084], [-78.88736, 1.772084], [-78.88736, 1.77264], [-78.886804, 1.772638], [-78.886804, 1.772916], [-78.886528, 1.772916], [-78.886528, 1.773472], [-78.886254, 1.773472], [-78.886254, 1.774028], [-78.885972, 1.774028], [-78.885972, 1.774306], [-78.885696, 1.774306], [-78.885696, 1.774862], [-78.885413, 1.77486], [-78.885413, 1.775416], [-78.884864, 1.775416], [-78.884864, 1.775694], [-78.884582, 1.775694], [-78.884582, 1.775972], [-78.884308, 1.775972], [-78.884308, 1.77625], [-78.884025, 1.77625], [-78.884025, 1.776806], [-78.883752, 1.776806], [-78.883752, 1.777082], [-78.883469, 1.777082], [-78.883469, 1.777916], [-78.883194, 1.777916], [-78.883194, 1.778194], [-78.88292, 1.778194], [-78.88292, 1.77875], [-78.882637, 1.77875], [-78.882637, 1.779307], [-78.882362, 1.779307], [-78.882362, 1.779582], [-78.882079, 1.779582], [-78.882079, 1.77986], [-78.88153, 1.77986], [-78.88153, 1.780138], [-78.881249, 1.780138], [-78.881249, 1.780417], [-78.880974, 1.780417], [-78.880974, 1.780973], [-78.880691, 1.780973], [-78.880691, 1.781251], [-78.880418, 1.781251], [-78.880418, 1.781529], [-78.880142, 1.781529], [-78.880142, 1.781804], [-78.879859, 1.781804], [-78.879859, 1.782083], [-78.879586, 1.782083], [-78.879586, 1.782639], [-78.879303, 1.782639], [-78.879303, 1.783473], [-78.879027, 1.783473], [-78.879027, 1.783751], [-78.878754, 1.783751], [-78.878754, 1.784029], [-78.878198, 1.784029], [-78.878198, 1.784305], [-78.877915, 1.784305], [-78.877915, 1.784583], [-78.878198, 1.784583], [-78.878198, 1.785417], [-78.877915, 1.785417], [-78.877915, 1.785973], [-78.877639, 1.785973], [-78.877639, 1.786251], [-78.877357, 1.786251], [-78.877357, 1.786527], [-78.877083, 1.786527], [-78.877083, 1.786805], [-78.876525, 1.786805], [-78.876525, 1.787083], [-78.876251, 1.787083], [-78.876251, 1.787639], [-78.875969, 1.787639], [-78.875969, 1.788195], [-78.875695, 1.788195], [-78.875695, 1.788751], [-78.875419, 1.788749], [-78.875419, 1.789305], [-78.875137, 1.789305], [-78.875137, 1.789583], [-78.874863, 1.789583], [-78.874863, 1.789861], [-78.874581, 1.789861], [-78.874581, 1.790139], [-78.874031, 1.790139], [-78.874031, 1.790417], [-78.873749, 1.790417], [-78.873749, 1.790973], [-78.873473, 1.790973], [-78.873473, 1.791249], [-78.873193, 1.791249], [-78.873193, 1.791805], [-78.872917, 1.791805], [-78.872917, 1.792361], [-78.872643, 1.792361], [-78.872643, 1.79264], [-78.872361, 1.79264], [-78.872361, 1.792918], [-78.872085, 1.792918], [-78.872085, 1.793196], [-78.871802, 1.793193], [-78.871802, 1.793471], [-78.871529, 1.793471], [-78.871529, 1.793749], [-78.871246, 1.793749], [-78.871246, 1.794028], [-78.870971, 1.794028], [-78.870971, 1.794306], [-78.870697, 1.794306], [-78.870697, 1.794584], [-78.870141, 1.794584], [-78.870141, 1.794862], [-78.869858, 1.794862], [-78.869858, 1.79514], [-78.869583, 1.79514], [-78.869583, 1.795415], [-78.869858, 1.795415], [-78.869858, 1.795694], [-78.869583, 1.795694], [-78.869583, 1.795972], [-78.869309, 1.795972], [-78.869309, 1.796528], [-78.869026, 1.796528], [-78.869026, 1.796806], [-78.868751, 1.796806], [-78.868751, 1.797084], [-78.868195, 1.797084], [-78.868195, 1.79764], [-78.867638, 1.79764], [-78.867638, 1.797916], [-78.86708, 1.797916], [-78.86708, 1.79764], [-78.866807, 1.79764], [-78.866807, 1.796528], [-78.86708, 1.796528], [-78.86708, 1.794028], [-78.867363, 1.794028], [-78.867363, 1.790139], [-78.86708, 1.790139], [-78.86708, 1.788473], [-78.866807, 1.788473], [-78.866807, 1.787917], [-78.866531, 1.787917], [-78.866531, 1.787639], [-78.866248, 1.787639], [-78.866248, 1.787361], [-78.865975, 1.787361], [-78.865975, 1.786805], [-78.865692, 1.786805], [-78.865692, 1.786527], [-78.865419, 1.786527], [-78.865419, 1.785973], [-78.865136, 1.785973], [-78.865136, 1.785695], [-78.86486, 1.785695], [-78.86486, 1.785417], [-78.864587, 1.785417], [-78.864587, 1.785139], [-78.864304, 1.785139], [-78.864304, 1.784583], [-78.864028, 1.784583], [-78.864028, 1.783473], [-78.863746, 1.783473], [-78.863746, 1.782639], [-78.863472, 1.782639], [-78.863472, 1.782361], [-78.863196, 1.782361], [-78.863196, 1.781804], [-78.862916, 1.781804], [-78.862916, 1.781529], [-78.863196, 1.781529], [-78.863196, 1.780973], [-78.862084, 1.780973], [-78.862084, 1.780695], [-78.861808, 1.780695], [-78.861808, 1.781251], [-78.861526, 1.781251], [-78.861526, 1.782639], [-78.861808, 1.782639], [-78.861808, 1.783473], [-78.862084, 1.783473], [-78.862084, 1.784029], [-78.862358, 1.784029], [-78.862358, 1.784583], [-78.86264, 1.784583], [-78.86264, 1.784861], [-78.862916, 1.784861], [-78.862916, 1.785417], [-78.863196, 1.785417], [-78.863196, 1.785695], [-78.863472, 1.785695], [-78.863472, 1.785973], [-78.863746, 1.785973], [-78.863746, 1.786527], [-78.864028, 1.786527], [-78.864028, 1.786805], [-78.864304, 1.786805], [-78.864304, 1.787639], [-78.864587, 1.787639], [-78.864587, 1.788473], [-78.86486, 1.788473], [-78.86486, 1.789861], [-78.865136, 1.789861], [-78.865136, 1.790417], [-78.865419, 1.790417], [-78.865419, 1.790973], [-78.865692, 1.790971], [-78.865692, 1.791527], [-78.865975, 1.791527], [-78.865975, 1.792083], [-78.866248, 1.792083], [-78.866248, 1.793196], [-78.865975, 1.793193], [-78.865975, 1.794028], [-78.865692, 1.794028], [-78.865692, 1.794862], [-78.865419, 1.794862], [-78.865419, 1.795415], [-78.865136, 1.795415], [-78.865136, 1.795694], [-78.86486, 1.795694], [-78.86486, 1.79625], [-78.864587, 1.79625], [-78.864587, 1.796528], [-78.864304, 1.796528], [-78.864304, 1.796806], [-78.864028, 1.796806], [-78.864028, 1.797084], [-78.862358, 1.797084], [-78.862358, 1.79764], [-78.862084, 1.79764], [-78.862084, 1.798194], [-78.861526, 1.798194], [-78.861526, 1.798472], [-78.861252, 1.798472], [-78.861252, 1.799028], [-78.86097, 1.799028], [-78.86097, 1.799584], [-78.860694, 1.799584], [-78.860694, 1.80014], [-78.86042, 1.800138], [-78.86042, 1.800416], [-78.859582, 1.800416], [-78.859582, 1.800694], [-78.859306, 1.800694], [-78.859306, 1.801528], [-78.859023, 1.801528], [-78.859023, 1.801806], [-78.857635, 1.801806], [-78.857635, 1.802084], [-78.856803, 1.802084], [-78.856803, 1.801806], [-78.85653, 1.801806], [-78.85653, 1.801528], [-78.856247, 1.801528], [-78.856247, 1.80125], [-78.85514, 1.80125], [-78.85514, 1.801528], [-78.85431, 1.801528], [-78.85431, 1.802916], [-78.854027, 1.802916], [-78.854027, 1.803194], [-78.853469, 1.803194], [-78.853469, 1.803472], [-78.852913, 1.803472], [-78.852913, 1.80375], [-78.852637, 1.80375], [-78.852637, 1.804306], [-78.852081, 1.804306], [-78.852081, 1.804582], [-78.851808, 1.804582], [-78.851808, 1.804863], [-78.851249, 1.804863], [-78.851249, 1.805138], [-78.850976, 1.805138], [-78.850976, 1.805694], [-78.850693, 1.805694], [-78.850693, 1.806251], [-78.850417, 1.806251], [-78.850417, 1.806529], [-78.850135, 1.806529], [-78.850135, 1.806807], [-78.849861, 1.806807], [-78.849861, 1.807082], [-78.849585, 1.807082], [-78.849585, 1.80736], [-78.849305, 1.80736], [-78.849305, 1.807638], [-78.849029, 1.807638], [-78.849029, 1.807917], [-78.848747, 1.807917], [-78.848747, 1.808195], [-78.848473, 1.808195], [-78.848473, 1.808751], [-78.847915, 1.808751], [-78.847915, 1.809029], [-78.847641, 1.809029], [-78.847641, 1.809305], [-78.847359, 1.809305], [-78.847359, 1.809583], [-78.847083, 1.809583], [-78.847083, 1.809861], [-78.846527, 1.809861], [-78.846527, 1.810139], [-78.845971, 1.810139], [-78.845971, 1.810417], [-78.845412, 1.810417], [-78.845412, 1.810695], [-78.845139, 1.810695], [-78.845139, 1.810973], [-78.844307, 1.810973], [-78.844307, 1.811251], [-78.844024, 1.811251], [-78.844024, 1.811527], [-78.843751, 1.811527], [-78.843751, 1.811805], [-78.842919, 1.811805], [-78.842919, 1.812083], [-78.842361, 1.812083], [-78.842361, 1.810973], [-78.841531, 1.810973], [-78.841531, 1.811251], [-78.841248, 1.811251], [-78.841248, 1.811805], [-78.840973, 1.811805], [-78.840973, 1.812083], [-78.840699, 1.812083], [-78.840699, 1.811805], [-78.840141, 1.811805], [-78.840141, 1.812083], [-78.839858, 1.812083], [-78.839858, 1.812361], [-78.839585, 1.812361], [-78.839585, 1.812639], [-78.837082, 1.812639], [-78.837082, 1.812917], [-78.835977, 1.812917], [-78.835977, 1.813195], [-78.835694, 1.813195], [-78.835694, 1.813473], [-78.834862, 1.813473], [-78.834862, 1.813751], [-78.833748, 1.813751], [-78.833748, 1.814029], [-78.831252, 1.814027], [-78.831252, 1.814305], [-78.83014, 1.814305], [-78.83014, 1.814027], [-78.829581, 1.814029], [-78.829581, 1.813751], [-78.829276, 1.813751], [-78.828193, 1.813751], [-78.828193, 1.814029], [-78.825974, 1.814029], [-78.825974, 1.813751], [-78.824586, 1.813751], [-78.824586, 1.814029], [-78.822639, 1.814029], [-78.822639, 1.813751], [-78.821807, 1.813751], [-78.821807, 1.813473], [-78.820969, 1.813473], [-78.820969, 1.813195], [-78.820693, 1.813195], [-78.820693, 1.812917], [-78.820419, 1.812917], [-78.820419, 1.812639], [-78.820137, 1.812639], [-78.820137, 1.812361], [-78.819305, 1.812361], [-78.819305, 1.812083], [-78.817641, 1.812083], [-78.817641, 1.811805], [-78.817085, 1.811805], [-78.817085, 1.811527], [-78.816802, 1.811527], [-78.816802, 1.811251], [-78.816253, 1.811251], [-78.816253, 1.810973], [-78.81597, 1.810973], [-78.81597, 1.810695], [-78.815697, 1.810695], [-78.815697, 1.810417], [-78.815141, 1.810417], [-78.815141, 1.810139], [-78.814582, 1.810139], [-78.814582, 1.809861], [-78.814309, 1.809861], [-78.814309, 1.809305], [-78.814026, 1.809305], [-78.814026, 1.809029], [-78.813751, 1.809029], [-78.813751, 1.808751], [-78.813468, 1.808751], [-78.813468, 1.808473], [-78.813194, 1.808473], [-78.813194, 1.807917], [-78.812919, 1.807917], [-78.812919, 1.806807], [-78.813194, 1.806807], [-78.813194, 1.806529], [-78.813468, 1.806529], [-78.813468, 1.805972], [-78.813751, 1.805972], [-78.813751, 1.805416], [-78.814026, 1.805416], [-78.814026, 1.805138], [-78.814309, 1.805138], [-78.814309, 1.804863], [-78.814582, 1.804863], [-78.814582, 1.804582], [-78.814858, 1.804582], [-78.814858, 1.804306], [-78.815141, 1.804306], [-78.815141, 1.804028], [-78.815414, 1.804028], [-78.815414, 1.80375], [-78.815697, 1.80375], [-78.815697, 1.803194], [-78.81597, 1.803194], [-78.81597, 1.802916], [-78.816253, 1.802916], [-78.816253, 1.80236], [-78.816529, 1.802362], [-78.816529, 1.801806], [-78.816802, 1.801806], [-78.816802, 1.80125], [-78.817085, 1.80125], [-78.817085, 1.800972], [-78.817361, 1.800972], [-78.817361, 1.800694], [-78.817641, 1.800694], [-78.817641, 1.800416], [-78.817917, 1.800416], [-78.817917, 1.800138], [-78.818193, 1.80014], [-78.818193, 1.799862], [-78.820137, 1.799862], [-78.820137, 1.80014], [-78.820969, 1.80014], [-78.820969, 1.799584], [-78.820693, 1.799584], [-78.820693, 1.799306], [-78.820419, 1.799306], [-78.820419, 1.79875], [-78.820137, 1.79875], [-78.820137, 1.798472], [-78.819863, 1.798472], [-78.819863, 1.798194], [-78.819305, 1.798194], [-78.819305, 1.797916], [-78.819031, 1.797916], [-78.819031, 1.79764], [-78.818473, 1.79764], [-78.818473, 1.797916], [-78.817917, 1.797916], [-78.817917, 1.798194], [-78.817361, 1.798194], [-78.817361, 1.798472], [-78.817085, 1.798472], [-78.817085, 1.79875], [-78.816802, 1.79875], [-78.816802, 1.799306], [-78.816529, 1.799306], [-78.816529, 1.799862], [-78.816253, 1.799862], [-78.816253, 1.80014], [-78.81597, 1.800138], [-78.81597, 1.800416], [-78.815697, 1.800416], [-78.815697, 1.800694], [-78.815414, 1.800694], [-78.815414, 1.800972], [-78.815141, 1.800972], [-78.815141, 1.80125], [-78.814582, 1.80125], [-78.814582, 1.801528], [-78.814026, 1.801528], [-78.814026, 1.801806], [-78.813194, 1.801806], [-78.813194, 1.802084], [-78.812638, 1.802084], [-78.812638, 1.802362], [-78.812363, 1.802362], [-78.812363, 1.80264], [-78.81208, 1.802638], [-78.81208, 1.802916], [-78.811806, 1.802916], [-78.811806, 1.803194], [-78.810143, 1.803194], [-78.810143, 1.803472], [-78.80986, 1.803472], [-78.80986, 1.80375], [-78.809587, 1.80375], [-78.809587, 1.804028], [-78.809304, 1.804028], [-78.809304, 1.80375], [-78.808746, 1.80375], [-78.808746, 1.803472], [-78.808196, 1.803472], [-78.808196, 1.803194], [-78.80764, 1.803194], [-78.80764, 1.802916], [-78.807358, 1.802916], [-78.807358, 1.802638], [-78.807084, 1.80264], [-78.807084, 1.801806], [-78.807358, 1.801806], [-78.807358, 1.800972], [-78.807084, 1.800972], [-78.807084, 1.800694], [-78.80597, 1.800694], [-78.80597, 1.800416], [-78.805138, 1.800416], [-78.805138, 1.800138], [-78.804306, 1.80014], [-78.804306, 1.799862], [-78.803191, 1.799862], [-78.803191, 1.80014], [-78.802918, 1.800138], [-78.802918, 1.800416], [-78.802635, 1.800416], [-78.802635, 1.800694], [-78.802359, 1.800694], [-78.802359, 1.800972], [-78.802086, 1.800972], [-78.802086, 1.80125], [-78.801803, 1.80125], [-78.801803, 1.801806], [-78.80153, 1.801806], [-78.80153, 1.802084], [-78.801247, 1.802084], [-78.801247, 1.802362], [-78.800971, 1.802362], [-78.800971, 1.80264], [-78.800698, 1.802638], [-78.800698, 1.803194], [-78.800415, 1.803194], [-78.800415, 1.80375], [-78.799857, 1.80375], [-78.799857, 1.804028], [-78.799583, 1.804028], [-78.799583, 1.804306], [-78.798752, 1.804306], [-78.798752, 1.804582], [-78.798195, 1.804582], [-78.798195, 1.804863], [-78.797637, 1.804863], [-78.797637, 1.805138], [-78.797364, 1.805138], [-78.797364, 1.805416], [-78.797081, 1.805416], [-78.797081, 1.805694], [-78.796805, 1.805694], [-78.796805, 1.805972], [-78.796525, 1.805972], [-78.796525, 1.806203], [-78.796525, 1.806529], [-78.796249, 1.806529], [-78.796249, 1.806807], [-78.795693, 1.806807], [-78.795693, 1.807082], [-78.794585, 1.807082], [-78.794585, 1.806807], [-78.793197, 1.806807], [-78.793197, 1.807082], [-78.792083, 1.807082], [-78.792083, 1.806529], [-78.791809, 1.806529], [-78.791809, 1.806251], [-78.791527, 1.806251], [-78.791527, 1.805708], [-78.791397, 1.805701], [-78.791253, 1.805694], [-78.791253, 1.804306], [-78.791527, 1.804306], [-78.791527, 1.804028], [-78.791253, 1.804028], [-78.791253, 1.803472], [-78.790971, 1.803472], [-78.790971, 1.803194], [-78.790695, 1.803194], [-78.790695, 1.802916], [-78.790139, 1.802916], [-78.790139, 1.80236], [-78.78958, 1.80236], [-78.78958, 1.802916], [-78.789024, 1.802916], [-78.789024, 1.802638], [-78.788751, 1.80264], [-78.788751, 1.802362], [-78.788475, 1.802362], [-78.788475, 1.80125], [-78.788192, 1.80125], [-78.788192, 1.800972], [-78.787919, 1.800972], [-78.787919, 1.800694], [-78.786804, 1.800694], [-78.786804, 1.800416], [-78.786248, 1.800416], [-78.786248, 1.800138], [-78.785141, 1.800138], [-78.785141, 1.800416], [-78.783753, 1.800416], [-78.783753, 1.800694], [-78.782914, 1.800694], [-78.782914, 1.80125], [-78.782082, 1.80125], [-78.782082, 1.801444], [-78.782082, 1.801528], [-78.781524, 1.801528], [-78.781524, 1.801127], [-78.781524, 1.800694], [-78.78125, 1.800694], [-78.78125, 1.800416], [-78.780694, 1.800416], [-78.780694, 1.799584], [-78.780136, 1.799584], [-78.780136, 1.799306], [-78.779862, 1.799306], [-78.779862, 1.799028], [-78.779586, 1.799028], [-78.779586, 1.79875], [-78.779304, 1.79875], [-78.779304, 1.798472], [-78.778472, 1.798472], [-78.778472, 1.797916], [-78.778198, 1.797916], [-78.778198, 1.797362], [-78.777916, 1.797362], [-78.777916, 1.797084], [-78.778198, 1.797084], [-78.778198, 1.796806], [-78.777916, 1.796806], [-78.777916, 1.796528], [-78.777642, 1.796528], [-78.777642, 1.795972], [-78.77736, 1.795972], [-78.77736, 1.794584], [-78.777642, 1.794584], [-78.777642, 1.793196], [-78.777916, 1.793196], [-78.777916, 1.792083], [-78.777642, 1.792083], [-78.777642, 1.791527], [-78.77736, 1.791527], [-78.77736, 1.790695], [-78.777084, 1.790695], [-78.777084, 1.790139], [-78.776801, 1.790139], [-78.776801, 1.789583], [-78.776528, 1.789583], [-78.776528, 1.789305], [-78.776252, 1.789305], [-78.776252, 1.789027], [-78.775969, 1.789029], [-78.775969, 1.788751], [-78.775413, 1.788751], [-78.775413, 1.788473], [-78.774864, 1.788473], [-78.774864, 1.788195], [-78.774308, 1.788195], [-78.774308, 1.787917], [-78.773749, 1.787917], [-78.773749, 1.787639], [-78.772361, 1.787639], [-78.772361, 1.787361], [-78.772088, 1.787361], [-78.772088, 1.787083], [-78.77153, 1.787083], [-78.77153, 1.786805], [-78.770974, 1.786805], [-78.770974, 1.786527], [-78.770417, 1.786527], [-78.770417, 1.786251], [-78.768754, 1.786251], [-78.768754, 1.786527], [-78.768195, 1.786527], [-78.768195, 1.787639], [-78.768754, 1.787639], [-78.768754, 1.787917], [-78.769303, 1.787917], [-78.769303, 1.788195], [-78.769859, 1.788195], [-78.769859, 1.788473], [-78.770417, 1.788473], [-78.770417, 1.788751], [-78.77153, 1.788751], [-78.77153, 1.789029], [-78.772918, 1.789027], [-78.772918, 1.789583], [-78.773193, 1.789583], [-78.773193, 1.789861], [-78.774025, 1.789861], [-78.774025, 1.790139], [-78.774581, 1.790139], [-78.774581, 1.790417], [-78.775696, 1.790417], [-78.775696, 1.792918], [-78.775413, 1.792918], [-78.775413, 1.793196], [-78.775969, 1.793193], [-78.775969, 1.793471], [-78.775696, 1.793471], [-78.775696, 1.793749], [-78.773476, 1.793749], [-78.773476, 1.794028], [-78.772918, 1.794028], [-78.772918, 1.794306], [-78.772637, 1.794306], [-78.772637, 1.794584], [-78.772361, 1.794584], [-78.772361, 1.794862], [-78.772088, 1.794862], [-78.772088, 1.79514], [-78.771805, 1.79514], [-78.771805, 1.795415], [-78.771247, 1.795415], [-78.771247, 1.79514], [-78.770974, 1.79514], [-78.770974, 1.794862], [-78.770691, 1.794862], [-78.770691, 1.793471], [-78.770417, 1.793471], [-78.770417, 1.792915], [-78.770142, 1.792918], [-78.770142, 1.792083], [-78.769859, 1.792083], [-78.769859, 1.791527], [-78.769586, 1.791527], [-78.769586, 1.790971], [-78.769303, 1.790973], [-78.769303, 1.790139], [-78.769027, 1.790139], [-78.769027, 1.789583], [-78.768195, 1.789583], [-78.768195, 1.789305], [-78.767366, 1.789305], [-78.767366, 1.789027], [-78.767083, 1.789029], [-78.767083, 1.788473], [-78.766807, 1.788473], [-78.766807, 1.788195], [-78.766525, 1.788195], [-78.766525, 1.787917], [-78.764305, 1.787917], [-78.764305, 1.787639], [-78.764031, 1.787639], [-78.764031, 1.787917], [-78.763473, 1.787917], [-78.763473, 1.787639], [-78.76319, 1.787639], [-78.76319, 1.787361], [-78.762641, 1.787361], [-78.762641, 1.787083], [-78.761802, 1.787083], [-78.761802, 1.787361], [-78.761529, 1.787361], [-78.761529, 1.787917], [-78.761253, 1.787917], [-78.761253, 1.788195], [-78.76097, 1.788195], [-78.76097, 1.788473], [-78.760697, 1.788473], [-78.760697, 1.789029], [-78.760414, 1.789027], [-78.760414, 1.789305], [-78.760138, 1.789305], [-78.760138, 1.789583], [-78.760414, 1.789583], [-78.760414, 1.790139], [-78.760697, 1.790139], [-78.760697, 1.790695], [-78.76097, 1.790693], [-78.76097, 1.791249], [-78.761253, 1.791249], [-78.761253, 1.791527], [-78.76097, 1.791527], [-78.76097, 1.791805], [-78.760414, 1.791805], [-78.760414, 1.792083], [-78.760138, 1.792083], [-78.760138, 1.792361], [-78.759582, 1.792361], [-78.759582, 1.79264], [-78.759309, 1.79264], [-78.759309, 1.793196], [-78.759026, 1.793193], [-78.759026, 1.793749], [-78.758468, 1.793749], [-78.758468, 1.794028], [-78.758194, 1.794028], [-78.758194, 1.795415], [-78.757919, 1.795415], [-78.757919, 1.795694], [-78.757636, 1.795694], [-78.757636, 1.79625], [-78.757363, 1.79625], [-78.757363, 1.796528], [-78.75708, 1.796528], [-78.75708, 1.797084], [-78.756806, 1.797084], [-78.756806, 1.797916], [-78.756531, 1.797916], [-78.756531, 1.798194], [-78.756248, 1.798194], [-78.756248, 1.798472], [-78.755692, 1.798472], [-78.755692, 1.799028], [-78.755416, 1.799028], [-78.755416, 1.799306], [-78.755143, 1.799306], [-78.755143, 1.799584], [-78.75486, 1.799584], [-78.75486, 1.799862], [-78.754304, 1.799862], [-78.754304, 1.80014], [-78.753472, 1.800138], [-78.753472, 1.800247], [-78.753472, 1.800416], [-78.752914, 1.800416], [-78.752914, 1.800694], [-78.750694, 1.800694], [-78.750694, 1.800416], [-78.749862, 1.800416], [-78.749862, 1.800694], [-78.749579, 1.800694], [-78.749579, 1.800972], [-78.748474, 1.800972], [-78.748474, 1.800694], [-78.747359, 1.800694], [-78.747359, 1.800416], [-78.747086, 1.800416], [-78.747086, 1.800138], [-78.746803, 1.80014], [-78.746803, 1.799862], [-78.746527, 1.799862], [-78.746527, 1.799584], [-78.745971, 1.799584], [-78.745971, 1.799306], [-78.745698, 1.799306], [-78.745698, 1.796528], [-78.745415, 1.796528], [-78.745415, 1.793471], [-78.745698, 1.793471], [-78.745698, 1.793305], [-78.745698, 1.79264], [-78.745415, 1.79264], [-78.745415, 1.791249], [-78.745139, 1.791249], [-78.745139, 1.789861], [-78.744308, 1.789861], [-78.744308, 1.790973], [-78.744027, 1.790971], [-78.744027, 1.791812], [-78.744027, 1.792361], [-78.743752, 1.792361], [-78.743752, 1.793749], [-78.743469, 1.793749], [-78.743469, 1.794862], [-78.743195, 1.794862], [-78.743195, 1.795694], [-78.74292, 1.795694], [-78.74292, 1.796528], [-78.742637, 1.796528], [-78.742637, 1.797084], [-78.742364, 1.797084], [-78.742364, 1.797362], [-78.742081, 1.797362], [-78.742081, 1.798472], [-78.741805, 1.798472], [-78.741805, 1.79875], [-78.741532, 1.79875], [-78.741532, 1.799028], [-78.740417, 1.799028], [-78.740417, 1.79875], [-78.739861, 1.79875], [-78.739861, 1.798472], [-78.739585, 1.798472], [-78.739585, 1.798194], [-78.739303, 1.798194], [-78.739303, 1.797916], [-78.739029, 1.797916], [-78.739029, 1.797362], [-78.738473, 1.797362], [-78.738473, 1.797084], [-78.738197, 1.797084], [-78.738197, 1.796806], [-78.737915, 1.796806], [-78.737915, 1.795972], [-78.737641, 1.795972], [-78.737641, 1.795694], [-78.737359, 1.795694], [-78.737359, 1.795415], [-78.736251, 1.795415], [-78.736251, 1.79514], [-78.734863, 1.79514], [-78.734863, 1.794862], [-78.733748, 1.794862], [-78.733748, 1.794584], [-78.732636, 1.794584], [-78.732636, 1.794306], [-78.732513, 1.794306], [-78.731246, 1.794306], [-78.731246, 1.794028], [-78.730141, 1.794028], [-78.730141, 1.793749], [-78.729026, 1.793749], [-78.729026, 1.793471], [-78.727638, 1.793471], [-78.727638, 1.793193], [-78.726524, 1.793196], [-78.726524, 1.792918], [-78.725136, 1.792918], [-78.725136, 1.79264], [-78.72403, 1.79264], [-78.72403, 1.792361], [-78.722916, 1.792361], [-78.722916, 1.792083], [-78.72181, 1.792083], [-78.721528, 1.792083], [-78.721528, 1.791805], [-78.720413, 1.791805], [-78.720413, 1.791527], [-78.719581, 1.791527], [-78.719581, 1.791805], [-78.719308, 1.791805], [-78.719308, 1.792083], [-78.719025, 1.792083], [-78.719025, 1.792361], [-78.718749, 1.792361], [-78.718749, 1.79264], [-78.718476, 1.79264], [-78.718476, 1.792918], [-78.718193, 1.792918], [-78.718193, 1.793196], [-78.717918, 1.793193], [-78.717918, 1.793471], [-78.716247, 1.793471], [-78.716247, 1.793193], [-78.715415, 1.793196], [-78.715415, 1.792918], [-78.714859, 1.792918], [-78.714859, 1.79264], [-78.714585, 1.79264], [-78.714585, 1.792361], [-78.714303, 1.792361], [-78.714303, 1.791805], [-78.714027, 1.791805], [-78.714027, 1.791249], [-78.713471, 1.791249], [-78.713471, 1.790973], [-78.713195, 1.790973], [-78.713195, 1.790693], [-78.712639, 1.790695], [-78.712639, 1.790417], [-78.712363, 1.790417], [-78.712363, 1.788749], [-78.712083, 1.788751], [-78.712083, 1.788473], [-78.712363, 1.788473], [-78.712363, 1.788195], [-78.712083, 1.788195], [-78.712083, 1.787083], [-78.712363, 1.787083], [-78.712363, 1.786527], [-78.712083, 1.786527], [-78.712083, 1.785695], [-78.711807, 1.785695], [-78.711807, 1.785139], [-78.711525, 1.785139], [-78.711525, 1.784861], [-78.711251, 1.784861], [-78.711251, 1.784583], [-78.710975, 1.784583], [-78.710975, 1.784029], [-78.710693, 1.784029], [-78.710693, 1.783473], [-78.710419, 1.783473], [-78.710419, 1.782917], [-78.710137, 1.782917], [-78.710137, 1.782639], [-78.709861, 1.782639], [-78.709861, 1.782361], [-78.709587, 1.782361], [-78.709587, 1.782083], [-78.709305, 1.782083], [-78.709305, 1.781804], [-78.709031, 1.781804], [-78.709031, 1.781529], [-78.708749, 1.781529], [-78.708749, 1.780973], [-78.708473, 1.780973], [-78.708473, 1.780417], [-78.70819, 1.780417], [-78.70819, 1.780138], [-78.707917, 1.780138], [-78.707917, 1.779582], [-78.707641, 1.779582], [-78.707641, 1.779307], [-78.707358, 1.779307], [-78.707358, 1.779029], [-78.707085, 1.779029], [-78.707085, 1.77875], [-78.706802, 1.77875], [-78.706802, 1.778194], [-78.706529, 1.778194], [-78.706529, 1.777916], [-78.706253, 1.777916], [-78.706253, 1.777082], [-78.70597, 1.777082], [-78.70597, 1.776806], [-78.705697, 1.776806], [-78.705697, 1.776528], [-78.705414, 1.776528], [-78.705414, 1.77625], [-78.704865, 1.77625], [-78.704865, 1.775972], [-78.704307, 1.775972], [-78.704307, 1.775694], [-78.701531, 1.775694], [-78.701531, 1.775416], [-78.700974, 1.775416], [-78.700974, 1.775138], [-78.700692, 1.77514], [-78.700692, 1.774862], [-78.700416, 1.774862], [-78.700416, 1.774584], [-78.700143, 1.774584], [-78.700143, 1.773472], [-78.69986, 1.773472], [-78.69986, 1.772916], [-78.700143, 1.772916], [-78.700143, 1.772362], [-78.701248, 1.772362], [-78.701248, 1.77264], [-78.702362, 1.77264], [-78.702362, 1.772362], [-78.70208, 1.772362], [-78.70208, 1.771806], [-78.701804, 1.771806], [-78.701804, 1.771528], [-78.701248, 1.771528], [-78.701248, 1.77125], [-78.700974, 1.77125], [-78.700974, 1.770972], [-78.700692, 1.770972], [-78.700692, 1.76875], [-78.700416, 1.76875], [-78.700416, 1.767915], [-78.700143, 1.767918], [-78.700143, 1.766806], [-78.69986, 1.766806], [-78.69986, 1.766527], [-78.699584, 1.766527], [-78.699584, 1.766249], [-78.699304, 1.766249], [-78.699304, 1.765971], [-78.698752, 1.765971], [-78.698752, 1.766249], [-78.699028, 1.766249], [-78.699028, 1.768193], [-78.699304, 1.768193], [-78.699304, 1.76875], [-78.699584, 1.76875], [-78.699584, 1.769028], [-78.69986, 1.769028], [-78.69986, 1.769584], [-78.699584, 1.769584], [-78.699584, 1.770416], [-78.699304, 1.770416], [-78.699304, 1.770694], [-78.699028, 1.770694], [-78.699028, 1.770972], [-78.698891, 1.770972], [-78.698752, 1.770972], [-78.698752, 1.77125], [-78.697914, 1.77125], [-78.697914, 1.771528], [-78.69764, 1.771528], [-78.69764, 1.772084], [-78.697364, 1.772084], [-78.697364, 1.772362], [-78.697082, 1.772362], [-78.697082, 1.77264], [-78.696526, 1.77264], [-78.696526, 1.77375], [-78.696808, 1.77375], [-78.696808, 1.774028], [-78.697082, 1.774028], [-78.697082, 1.774306], [-78.696808, 1.774306], [-78.696808, 1.774862], [-78.695969, 1.774862], [-78.695969, 1.77514], [-78.695694, 1.775138], [-78.695694, 1.775416], [-78.69542, 1.775416], [-78.69542, 1.775694], [-78.695138, 1.775694], [-78.695138, 1.779029], [-78.69542, 1.779029], [-78.69542, 1.780695], [-78.695694, 1.780695], [-78.695694, 1.781529], [-78.695969, 1.781529], [-78.695969, 1.782083], [-78.695694, 1.782083], [-78.695694, 1.783195], [-78.695969, 1.783195], [-78.695969, 1.783473], [-78.696252, 1.783473], [-78.696252, 1.784029], [-78.696526, 1.784029], [-78.696526, 1.784861], [-78.696252, 1.784861], [-78.696252, 1.785417], [-78.695969, 1.785417], [-78.695969, 1.786251], [-78.695694, 1.786251], [-78.695694, 1.786527], [-78.695138, 1.786527], [-78.695138, 1.786805], [-78.694862, 1.786805], [-78.694862, 1.786527], [-78.69403, 1.786527], [-78.69403, 1.786251], [-78.693061, 1.786251], [-78.692918, 1.786251], [-78.692918, 1.785695], [-78.692359, 1.785695], [-78.692359, 1.785139], [-78.692086, 1.785139], [-78.692086, 1.784861], [-78.691803, 1.784861], [-78.691803, 1.782083], [-78.691527, 1.782083], [-78.691527, 1.781804], [-78.690415, 1.781804], [-78.690415, 1.781529], [-78.688751, 1.781529], [-78.688751, 1.781251], [-78.68792, 1.781251], [-78.68792, 1.781529], [-78.687637, 1.781529], [-78.687637, 1.782083], [-78.687081, 1.782083], [-78.687081, 1.782361], [-78.686805, 1.782361], [-78.686805, 1.782639], [-78.686249, 1.782639], [-78.686249, 1.783195], [-78.685973, 1.783195], [-78.685973, 1.783473], [-78.685417, 1.783473], [-78.685417, 1.783751], [-78.685144, 1.783751], [-78.685144, 1.784029], [-78.684861, 1.784029], [-78.684861, 1.784305], [-78.684585, 1.784305], [-78.684585, 1.784583], [-78.683471, 1.784583], [-78.683471, 1.784861], [-78.683197, 1.784861], [-78.683197, 1.785417], [-78.682915, 1.785417], [-78.682915, 1.785973], [-78.682641, 1.785973], [-78.682641, 1.786251], [-78.682358, 1.786251], [-78.682358, 1.786527], [-78.682083, 1.786527], [-78.682083, 1.786805], [-78.681809, 1.786805], [-78.681809, 1.787083], [-78.681527, 1.787083], [-78.681527, 1.787361], [-78.681251, 1.787361], [-78.681251, 1.787917], [-78.680968, 1.787917], [-78.680968, 1.788195], [-78.680214, 1.788195], [-78.680139, 1.788195], [-78.680139, 1.788473], [-78.679863, 1.788473], [-78.679863, 1.788751], [-78.67958, 1.788751], [-78.67958, 1.789029], [-78.679307, 1.789027], [-78.679307, 1.789305], [-78.678192, 1.789305], [-78.678192, 1.789583], [-78.67736, 1.789583], [-78.67736, 1.789305], [-78.677087, 1.789305], [-78.677087, 1.788749], [-78.676804, 1.788751], [-78.676804, 1.787917], [-78.675972, 1.787917], [-78.675972, 1.787639], [-78.674309, 1.787639], [-78.674309, 1.787361], [-78.673194, 1.787361], [-78.673194, 1.787639], [-78.672638, 1.787639], [-78.672638, 1.787917], [-78.672082, 1.787917], [-78.672082, 1.787639], [-78.670135, 1.787639], [-78.670135, 1.787361], [-78.66903, 1.787361], [-78.66903, 1.787083], [-78.668198, 1.787083], [-78.668198, 1.787361], [-78.667359, 1.787361], [-78.667359, 1.787083], [-78.666252, 1.787083], [-78.666252, 1.786805], [-78.664308, 1.786805], [-78.664308, 1.786527], [-78.663476, 1.786527], [-78.663476, 1.786251], [-78.663193, 1.786251], [-78.663193, 1.785973], [-78.662377, 1.785973], [-78.661805, 1.785973], [-78.661805, 1.785695], [-78.660973, 1.785695], [-78.660973, 1.785417], [-78.660415, 1.785417], [-78.660415, 1.785139], [-78.659859, 1.785139], [-78.659859, 1.784861], [-78.659303, 1.784861], [-78.659303, 1.784583], [-78.659027, 1.784583], [-78.659027, 1.784029], [-78.655693, 1.784029], [-78.655693, 1.784305], [-78.655419, 1.784305], [-78.655419, 1.784861], [-78.655693, 1.784861], [-78.655693, 1.785695], [-78.655975, 1.785695], [-78.655975, 1.786527], [-78.655693, 1.786527], [-78.655693, 1.786805], [-78.655136, 1.786805], [-78.655136, 1.787867], [-78.655136, 1.788195], [-78.654861, 1.788195], [-78.654861, 1.789029], [-78.654587, 1.789027], [-78.654587, 1.789305], [-78.654305, 1.789305], [-78.654305, 1.789861], [-78.654029, 1.789861], [-78.654029, 1.790695], [-78.653748, 1.790693], [-78.653748, 1.790973], [-78.653473, 1.790973], [-78.653473, 1.791249], [-78.653199, 1.791249], [-78.653199, 1.791527], [-78.652917, 1.791527], [-78.652917, 1.792083], [-78.652641, 1.792083], [-78.652641, 1.79264], [-78.652358, 1.79264], [-78.652358, 1.793196], [-78.652085, 1.793193], [-78.652085, 1.793471], [-78.651802, 1.793471], [-78.651802, 1.793749], [-78.65097, 1.793749], [-78.65097, 1.794028], [-78.650414, 1.794028], [-78.650414, 1.793749], [-78.650138, 1.793749], [-78.650138, 1.793471], [-78.649865, 1.793471], [-78.649865, 1.793193], [-78.649306, 1.793196], [-78.649306, 1.792918], [-78.648194, 1.792918], [-78.648194, 1.79264], [-78.647362, 1.79264], [-78.647362, 1.792361], [-78.646804, 1.792361], [-78.646804, 1.792083], [-78.64653, 1.792083], [-78.64653, 1.791527], [-78.646248, 1.791527], [-78.646248, 1.791249], [-78.645974, 1.791249], [-78.645974, 1.790973], [-78.644028, 1.790973], [-78.644028, 1.791249], [-78.643196, 1.791249], [-78.643196, 1.790973], [-78.642913, 1.790973], [-78.642913, 1.791249], [-78.64264, 1.791249], [-78.64264, 1.790973], [-78.64042, 1.790973], [-78.64042, 1.790693], [-78.638747, 1.790693], [-78.638747, 1.790973], [-78.637359, 1.790973], [-78.637359, 1.790693], [-78.635971, 1.790693], [-78.635971, 1.790973], [-78.635139, 1.790973], [-78.635139, 1.791249], [-78.632637, 1.791249], [-78.632637, 1.791527], [-78.632081, 1.791527], [-78.632081, 1.791805], [-78.630141, 1.791805], [-78.630141, 1.792083], [-78.629861, 1.792083], [-78.629861, 1.792361], [-78.629302, 1.792361], [-78.629302, 1.79264], [-78.628471, 1.79264], [-78.628471, 1.792361], [-78.627358, 1.792361], [-78.627358, 1.79264], [-78.626526, 1.79264], [-78.626526, 1.792918], [-78.623748, 1.792918], [-78.623748, 1.793196], [-78.621246, 1.793193], [-78.621246, 1.793471], [-78.620696, 1.793471], [-78.620696, 1.793749], [-78.619026, 1.793749], [-78.619026, 1.794028], [-78.61792, 1.794028], [-78.61792, 1.793749], [-78.617082, 1.793749], [-78.617082, 1.794028], [-78.616806, 1.794028], [-78.616806, 1.793749], [-78.615974, 1.793749], [-78.615974, 1.793471], [-78.615691, 1.793471], [-78.615691, 1.793193], [-78.614586, 1.793193], [-78.614586, 1.793471], [-78.614303, 1.793471], [-78.614303, 1.793749], [-78.61403, 1.793749], [-78.61403, 1.794028], [-78.613747, 1.794028], [-78.613747, 1.794306], [-78.613472, 1.794306], [-78.613472, 1.794584], [-78.612915, 1.794584], [-78.612915, 1.794862], [-78.611252, 1.794862], [-78.611252, 1.794584], [-78.610696, 1.794584], [-78.610696, 1.794862], [-78.609305, 1.794862], [-78.609305, 1.794584], [-78.607635, 1.794584], [-78.607635, 1.794862], [-78.606247, 1.794862], [-78.606247, 1.79514], [-78.604309, 1.79514], [-78.604309, 1.794306], [-78.604027, 1.794306], [-78.604027, 1.793749], [-78.603471, 1.793749], [-78.603471, 1.793471], [-78.603195, 1.793471], [-78.603195, 1.793193], [-78.602639, 1.793196], [-78.602639, 1.792918], [-78.602363, 1.792918], [-78.602363, 1.79264], [-78.601807, 1.79264], [-78.601807, 1.792361], [-78.601524, 1.792361], [-78.601524, 1.792083], [-78.600975, 1.792083], [-78.600975, 1.791805], [-78.600419, 1.791805], [-78.600419, 1.791527], [-78.600136, 1.791527], [-78.600136, 1.791249], [-78.599861, 1.791249], [-78.599861, 1.790973], [-78.599587, 1.790973], [-78.599587, 1.790693], [-78.599304, 1.790695], [-78.599304, 1.790139], [-78.599029, 1.790139], [-78.599029, 1.789305], [-78.599304, 1.789305], [-78.599304, 1.788749], [-78.600692, 1.788751], [-78.600692, 1.788473], [-78.60208, 1.788473], [-78.60208, 1.788195], [-78.601807, 1.788195], [-78.601807, 1.787639], [-78.60208, 1.787639], [-78.60208, 1.787083], [-78.602363, 1.787083], [-78.602363, 1.786805], [-78.602639, 1.786805], [-78.602639, 1.786527], [-78.603195, 1.786527], [-78.603195, 1.785973], [-78.604027, 1.785973], [-78.604027, 1.786527], [-78.603751, 1.786527], [-78.603751, 1.787083], [-78.603471, 1.787083], [-78.603471, 1.787361], [-78.602912, 1.787361], [-78.602912, 1.788195], [-78.603195, 1.788195], [-78.603195, 1.788473], [-78.603471, 1.788473], [-78.603471, 1.788751], [-78.604859, 1.788751], [-78.604859, 1.788473], [-78.605141, 1.788473], [-78.605141, 1.788195], [-78.605415, 1.788195], [-78.605415, 1.787917], [-78.605697, 1.787917], [-78.605697, 1.787639], [-78.605973, 1.787639], [-78.605973, 1.786251], [-78.606247, 1.786251], [-78.606247, 1.785695], [-78.607085, 1.785695], [-78.607085, 1.786527], [-78.607361, 1.786527], [-78.607361, 1.786805], [-78.607085, 1.786805], [-78.607085, 1.787083], [-78.607361, 1.787083], [-78.607361, 1.787361], [-78.607917, 1.787361], [-78.607917, 1.787083], [-78.608476, 1.787083], [-78.608476, 1.786805], [-78.609025, 1.786805], [-78.609025, 1.786251], [-78.609305, 1.786251], [-78.609305, 1.785695], [-78.609581, 1.785695], [-78.609581, 1.785417], [-78.609864, 1.785417], [-78.609864, 1.785139], [-78.610137, 1.785139], [-78.610137, 1.784305], [-78.609864, 1.784305], [-78.609864, 1.784583], [-78.609581, 1.784583], [-78.609581, 1.784861], [-78.608749, 1.784861], [-78.608749, 1.784583], [-78.608193, 1.784583], [-78.608193, 1.784305], [-78.607917, 1.784305], [-78.607917, 1.783751], [-78.607635, 1.783751], [-78.607635, 1.782917], [-78.607361, 1.782917], [-78.607361, 1.782639], [-78.607085, 1.782639], [-78.607085, 1.782361], [-78.606803, 1.782361], [-78.606803, 1.781804], [-78.606529, 1.781804], [-78.606529, 1.780973], [-78.605973, 1.780973], [-78.605973, 1.780695], [-78.605697, 1.780695], [-78.605697, 1.780417], [-78.605415, 1.780417], [-78.605415, 1.779307], [-78.605697, 1.779307], [-78.605697, 1.779029], [-78.605973, 1.779029], [-78.605973, 1.779307], [-78.606803, 1.779307], [-78.606803, 1.779029], [-78.606529, 1.779029], [-78.606529, 1.778472], [-78.606247, 1.778472], [-78.606247, 1.777916], [-78.605973, 1.777916], [-78.605973, 1.777638], [-78.605697, 1.777641], [-78.605697, 1.777082], [-78.605415, 1.777082], [-78.605415, 1.776806], [-78.605141, 1.776806], [-78.605141, 1.776528], [-78.604859, 1.776528], [-78.604859, 1.775694], [-78.604583, 1.775694], [-78.604583, 1.775138], [-78.604309, 1.77514], [-78.604309, 1.774862], [-78.604027, 1.774862], [-78.604027, 1.774584], [-78.603751, 1.774584], [-78.603751, 1.774028], [-78.603471, 1.774028], [-78.603471, 1.77375], [-78.603195, 1.77375], [-78.603195, 1.773472], [-78.602639, 1.773472], [-78.602639, 1.773194], [-78.602363, 1.773194], [-78.602363, 1.773472], [-78.60208, 1.773472], [-78.60208, 1.77375], [-78.601251, 1.77375], [-78.601251, 1.772916], [-78.600975, 1.772916], [-78.600975, 1.772638], [-78.600692, 1.77264], [-78.600692, 1.772084], [-78.600975, 1.772084], [-78.600975, 1.770972], [-78.600692, 1.770972], [-78.600692, 1.770694], [-78.600419, 1.770694], [-78.600419, 1.77014], [-78.599861, 1.77014], [-78.599861, 1.769862], [-78.599304, 1.769862], [-78.599304, 1.769584], [-78.598473, 1.769584], [-78.598473, 1.769306], [-78.597916, 1.769306], [-78.597916, 1.769028], [-78.597358, 1.769028], [-78.597358, 1.76875], [-78.596802, 1.76875], [-78.596802, 1.768472], [-78.596253, 1.768472], [-78.596253, 1.768193], [-78.59597, 1.768193], [-78.59597, 1.767918], [-78.595697, 1.767918], [-78.595697, 1.768193], [-78.595414, 1.768193], [-78.595414, 1.768472], [-78.594582, 1.768472], [-78.594582, 1.76875], [-78.593474, 1.76875], [-78.593474, 1.769028], [-78.592918, 1.769028], [-78.592918, 1.769306], [-78.592362, 1.769306], [-78.592362, 1.769584], [-78.591804, 1.769584], [-78.591804, 1.769862], [-78.59153, 1.769862], [-78.59153, 1.770694], [-78.591248, 1.770694], [-78.591248, 1.770972], [-78.590972, 1.770972], [-78.590972, 1.77125], [-78.590416, 1.77125], [-78.590416, 1.771528], [-78.58986, 1.771528], [-78.58986, 1.77125], [-78.589028, 1.77125], [-78.589028, 1.770972], [-78.588469, 1.770972], [-78.588469, 1.770694], [-78.587364, 1.770694], [-78.587364, 1.770416], [-78.586808, 1.770416], [-78.586808, 1.769862], [-78.586525, 1.769862], [-78.586525, 1.769584], [-78.585976, 1.769584], [-78.585976, 1.769306], [-78.585693, 1.769306], [-78.585693, 1.769028], [-78.585137, 1.769028], [-78.585137, 1.76875], [-78.584588, 1.76875], [-78.584588, 1.768472], [-78.584305, 1.768472], [-78.584305, 1.768193], [-78.58403, 1.768193], [-78.58403, 1.767918], [-78.583747, 1.767918], [-78.583747, 1.76764], [-78.583474, 1.76764], [-78.583474, 1.767362], [-78.583191, 1.767362], [-78.583191, 1.767084], [-78.582915, 1.767084], [-78.582915, 1.766806], [-78.582359, 1.766806], [-78.582359, 1.766249], [-78.582086, 1.766249], [-78.582086, 1.765971], [-78.581803, 1.765971], [-78.581803, 1.765418], [-78.580971, 1.765418], [-78.580971, 1.765139], [-78.580413, 1.765139], [-78.580413, 1.765418], [-78.580139, 1.765418], [-78.580139, 1.765139], [-78.579863, 1.765139], [-78.579863, 1.764861], [-78.579307, 1.764861], [-78.579307, 1.764583], [-78.578751, 1.764583], [-78.578751, 1.764305], [-78.577919, 1.764305], [-78.577919, 1.764027], [-78.577637, 1.764027], [-78.577637, 1.763751], [-78.577361, 1.763751], [-78.577361, 1.762639], [-78.577081, 1.762639], [-78.577081, 1.762361], [-78.576805, 1.762361], [-78.576805, 1.762083], [-78.576531, 1.762083], [-78.576531, 1.761805], [-78.575973, 1.761805], [-78.575973, 1.761527], [-78.57569, 1.761529], [-78.57569, 1.761251], [-78.575141, 1.761251], [-78.575141, 1.760973], [-78.574585, 1.760973], [-78.574585, 1.760695], [-78.574302, 1.760695], [-78.574302, 1.760417], [-78.574029, 1.760417], [-78.574029, 1.759861], [-78.573753, 1.759861], [-78.573753, 1.759583], [-78.57347, 1.759583], [-78.57347, 1.759305], [-78.573113, 1.759305], [-78.572914, 1.759305], [-78.572914, 1.759027], [-78.572639, 1.759027], [-78.572639, 1.758751], [-78.572365, 1.758751], [-78.572365, 1.757083], [-78.572082, 1.757083], [-78.572082, 1.756529], [-78.571809, 1.756529], [-78.571809, 1.755695], [-78.571526, 1.755695], [-78.571526, 1.754861], [-78.571251, 1.754861], [-78.571251, 1.754582], [-78.570968, 1.754582], [-78.570968, 1.754307], [-78.570694, 1.754307], [-78.570694, 1.753751], [-78.570419, 1.753751], [-78.570419, 1.753195], [-78.570136, 1.753195], [-78.570136, 1.752916], [-78.56958, 1.752916], [-78.56958, 1.752638], [-78.569306, 1.752638], [-78.569306, 1.75236], [-78.569031, 1.75236], [-78.569031, 1.752082], [-78.568748, 1.752082], [-78.568748, 1.750694], [-78.568475, 1.750694], [-78.568475, 1.74986], [-78.568748, 1.749862], [-78.568748, 1.749584], [-78.569031, 1.749584], [-78.569031, 1.749028], [-78.569306, 1.749028], [-78.569306, 1.74875], [-78.56958, 1.74875], [-78.56958, 1.747362], [-78.569863, 1.747362], [-78.569863, 1.747084], [-78.570136, 1.747084], [-78.570136, 1.746806], [-78.570419, 1.746806], [-78.570419, 1.746528], [-78.570968, 1.746528], [-78.570968, 1.74625], [-78.571251, 1.74625], [-78.571251, 1.745972], [-78.571809, 1.745972], [-78.571809, 1.745694], [-78.572365, 1.745694], [-78.572365, 1.745416], [-78.572914, 1.745416], [-78.572914, 1.745138], [-78.573197, 1.74514], [-78.573197, 1.744862], [-78.573753, 1.744862], [-78.573753, 1.744584], [-78.574029, 1.744584], [-78.574029, 1.744306], [-78.573753, 1.744306], [-78.573753, 1.744028], [-78.57347, 1.744028], [-78.57347, 1.74375], [-78.573197, 1.74375], [-78.573197, 1.743472], [-78.572082, 1.743472], [-78.572082, 1.74375], [-78.571526, 1.74375], [-78.571526, 1.744028], [-78.570694, 1.744028], [-78.570694, 1.744306], [-78.569863, 1.744306], [-78.569863, 1.744584], [-78.56958, 1.744584], [-78.56958, 1.744862], [-78.569306, 1.744862], [-78.569306, 1.74514], [-78.569031, 1.745138], [-78.569031, 1.745416], [-78.568748, 1.745416], [-78.568748, 1.745694], [-78.568475, 1.745694], [-78.568475, 1.745972], [-78.568192, 1.745972], [-78.568192, 1.74625], [-78.567916, 1.74625], [-78.567916, 1.746806], [-78.567643, 1.746806], [-78.567643, 1.747084], [-78.56736, 1.747084], [-78.56736, 1.747362], [-78.567084, 1.747362], [-78.567084, 1.74764], [-78.56736, 1.747638], [-78.56736, 1.747916], [-78.566528, 1.747916], [-78.566528, 1.748472], [-78.565972, 1.748472], [-78.565972, 1.74875], [-78.565414, 1.74875], [-78.565414, 1.749028], [-78.56514, 1.749028], [-78.56514, 1.749306], [-78.564858, 1.749306], [-78.564858, 1.749584], [-78.564582, 1.749584], [-78.564582, 1.749862], [-78.564308, 1.749862], [-78.564308, 1.750138], [-78.564026, 1.750138], [-78.564026, 1.750416], [-78.563752, 1.750416], [-78.563752, 1.750694], [-78.56347, 1.750694], [-78.56347, 1.750972], [-78.563194, 1.750972], [-78.563194, 1.75125], [-78.56292, 1.75125], [-78.56292, 1.751528], [-78.562638, 1.751528], [-78.562638, 1.751807], [-78.562362, 1.751807], [-78.562362, 1.752082], [-78.562079, 1.752082], [-78.562079, 1.75236], [-78.561806, 1.75236], [-78.561806, 1.752916], [-78.56153, 1.752916], [-78.56153, 1.753195], [-78.56125, 1.753195], [-78.56125, 1.753473], [-78.560974, 1.753473], [-78.560974, 1.754307], [-78.560691, 1.754304], [-78.560691, 1.755139], [-78.557915, 1.755139], [-78.557915, 1.755417], [-78.557083, 1.755417], [-78.557083, 1.755695], [-78.556525, 1.755695], [-78.556525, 1.755973], [-78.555969, 1.755973], [-78.555969, 1.756251], [-78.555695, 1.756251], [-78.555695, 1.756529], [-78.55542, 1.756529], [-78.55542, 1.757083], [-78.554581, 1.757083], [-78.554581, 1.757361], [-78.554305, 1.757361], [-78.554305, 1.757639], [-78.554032, 1.757639], [-78.554032, 1.757917], [-78.553473, 1.757917], [-78.553473, 1.758195], [-78.552635, 1.758195], [-78.552635, 1.758473], [-78.552085, 1.758473], [-78.552085, 1.758751], [-78.550973, 1.758751], [-78.550973, 1.759027], [-78.550141, 1.759027], [-78.550141, 1.758751], [-78.549583, 1.758751], [-78.549583, 1.758473], [-78.549027, 1.758473], [-78.549027, 1.757917], [-78.548751, 1.757917], [-78.548751, 1.757639], [-78.548471, 1.757639], [-78.548471, 1.757361], [-78.548195, 1.757361], [-78.548195, 1.756805], [-78.547921, 1.756805], [-78.547921, 1.756529], [-78.547639, 1.756529], [-78.547639, 1.755973], [-78.547363, 1.755973], [-78.547363, 1.755417], [-78.54708, 1.755417], [-78.54708, 1.754861], [-78.546524, 1.754861], [-78.546524, 1.755139], [-78.545975, 1.755139], [-78.545975, 1.757361], [-78.546248, 1.757361], [-78.546248, 1.757917], [-78.546524, 1.757917], [-78.546524, 1.758195], [-78.546807, 1.758195], [-78.546807, 1.758473], [-78.54708, 1.758473], [-78.54708, 1.758751], [-78.547639, 1.758751], [-78.547639, 1.759027], [-78.547921, 1.759027], [-78.547921, 1.759305], [-78.548195, 1.759305], [-78.548195, 1.759583], [-78.548471, 1.759583], [-78.548471, 1.759861], [-78.548751, 1.759861], [-78.548751, 1.760139], [-78.549309, 1.760139], [-78.549309, 1.760417], [-78.551247, 1.760417], [-78.551247, 1.760139], [-78.552361, 1.760139], [-78.552361, 1.759861], [-78.553193, 1.759861], [-78.553193, 1.759583], [-78.553749, 1.759583], [-78.553749, 1.759305], [-78.554032, 1.759305], [-78.554032, 1.759027], [-78.554581, 1.759027], [-78.554581, 1.758751], [-78.55542, 1.758751], [-78.55542, 1.758473], [-78.555695, 1.758473], [-78.555695, 1.758195], [-78.555969, 1.758195], [-78.555969, 1.757917], [-78.556525, 1.757917], [-78.556525, 1.758195], [-78.55764, 1.758195], [-78.55764, 1.757917], [-78.558198, 1.757917], [-78.558198, 1.758195], [-78.559303, 1.758195], [-78.559303, 1.758473], [-78.559586, 1.758473], [-78.559586, 1.758751], [-78.560142, 1.758751], [-78.560142, 1.759027], [-78.560418, 1.759027], [-78.560418, 1.759305], [-78.56125, 1.759305], [-78.56125, 1.759583], [-78.561806, 1.759583], [-78.561806, 1.760139], [-78.562079, 1.760139], [-78.562079, 1.760417], [-78.562362, 1.760417], [-78.562362, 1.762083], [-78.562638, 1.762083], [-78.562638, 1.762639], [-78.562362, 1.762639], [-78.562362, 1.766527], [-78.562638, 1.766527], [-78.562638, 1.766806], [-78.562362, 1.766806], [-78.562362, 1.767084], [-78.562638, 1.767084], [-78.562638, 1.76764], [-78.562362, 1.76764], [-78.562362, 1.768193], [-78.562638, 1.768193], [-78.562638, 1.768472], [-78.562362, 1.768472], [-78.562362, 1.77014], [-78.562079, 1.77014], [-78.562079, 1.771806], [-78.561806, 1.771806], [-78.561806, 1.774306], [-78.562079, 1.774306], [-78.562079, 1.774584], [-78.561806, 1.774584], [-78.561806, 1.775972], [-78.562079, 1.775972], [-78.562079, 1.77625], [-78.561806, 1.77625], [-78.561806, 1.776806], [-78.56153, 1.776806], [-78.56153, 1.779582], [-78.56125, 1.779582], [-78.56125, 1.782639], [-78.560974, 1.782639], [-78.560974, 1.783195], [-78.560691, 1.783195], [-78.560691, 1.785695], [-78.560974, 1.785695], [-78.560974, 1.786251], [-78.56125, 1.786251], [-78.56125, 1.786527], [-78.56153, 1.786527], [-78.56153, 1.788195], [-78.561806, 1.788195], [-78.561806, 1.790417], [-78.562079, 1.790417], [-78.562079, 1.791249], [-78.562362, 1.791249], [-78.562362, 1.791527], [-78.562079, 1.791527], [-78.562079, 1.792083], [-78.561806, 1.792083], [-78.561806, 1.792918], [-78.56153, 1.792918], [-78.56153, 1.793196], [-78.56125, 1.793196], [-78.56125, 1.793781], [-78.56125, 1.794028], [-78.560974, 1.794028], [-78.560974, 1.794306], [-78.560798, 1.794306], [-78.560691, 1.794306], [-78.560691, 1.794426], [-78.560691, 1.794584], [-78.560555, 1.794584], [-78.560418, 1.794584], [-78.560418, 1.794743], [-78.560418, 1.794862], [-78.560142, 1.794862], [-78.560142, 1.795051], [-78.560142, 1.79514], [-78.559586, 1.79514], [-78.559586, 1.795415], [-78.559303, 1.795415], [-78.559303, 1.795694], [-78.559028, 1.795694], [-78.559028, 1.795972], [-78.558747, 1.795972], [-78.558747, 1.79625], [-78.558471, 1.79625], [-78.558471, 1.796528], [-78.557357, 1.796528], [-78.557357, 1.796806], [-78.556525, 1.796806], [-78.556525, 1.796528], [-78.555137, 1.796528], [-78.555137, 1.796806], [-78.554581, 1.796806], [-78.554581, 1.797084], [-78.551803, 1.797084], [-78.551803, 1.796806], [-78.549859, 1.796806], [-78.549859, 1.797084], [-78.549309, 1.797084], [-78.549309, 1.797362], [-78.549027, 1.797362], [-78.549027, 1.79875], [-78.548471, 1.79875], [-78.548471, 1.799028], [-78.547639, 1.799028], [-78.547639, 1.799306], [-78.54708, 1.799306], [-78.54708, 1.799584], [-78.545975, 1.799584], [-78.545975, 1.799862], [-78.545136, 1.799862], [-78.545136, 1.80014], [-78.54486, 1.800138], [-78.54486, 1.800416], [-78.544304, 1.800416], [-78.544304, 1.800694], [-78.543746, 1.800694], [-78.543746, 1.800972], [-78.543472, 1.800972], [-78.543472, 1.80125], [-78.542916, 1.80125], [-78.542916, 1.802084], [-78.542358, 1.802084], [-78.542358, 1.802362], [-78.542084, 1.802362], [-78.542084, 1.80264], [-78.541809, 1.802638], [-78.541809, 1.802916], [-78.541526, 1.802916], [-78.541526, 1.803194], [-78.541253, 1.803194], [-78.541253, 1.80375], [-78.54097, 1.80375], [-78.54097, 1.804028], [-78.539024, 1.804028], [-78.539024, 1.80375], [-78.53875, 1.80375], [-78.53875, 1.803472], [-78.538474, 1.803472], [-78.538474, 1.803194], [-78.537918, 1.803194], [-78.537918, 1.802916], [-78.537636, 1.802916], [-78.537636, 1.802638], [-78.537362, 1.80264], [-78.537362, 1.802362], [-78.537086, 1.802362], [-78.537086, 1.801806], [-78.536804, 1.801806], [-78.536804, 1.801528], [-78.53653, 1.801528], [-78.53653, 1.80125], [-78.536248, 1.80125], [-78.536248, 1.800694], [-78.535972, 1.800694], [-78.535972, 1.800416], [-78.535698, 1.800416], [-78.535698, 1.800138], [-78.53514, 1.80014], [-78.53514, 1.799862], [-78.53486, 1.799862], [-78.53486, 1.799584], [-78.534584, 1.799584], [-78.534584, 1.799306], [-78.534301, 1.799306], [-78.534301, 1.799028], [-78.534028, 1.799028], [-78.534028, 1.79875], [-78.533752, 1.79875], [-78.533752, 1.798472], [-78.533469, 1.798472], [-78.533469, 1.798194], [-78.532364, 1.798194], [-78.532364, 1.798472], [-78.531808, 1.798472], [-78.531808, 1.79875], [-78.529861, 1.79875], [-78.529861, 1.799028], [-78.530137, 1.799028], [-78.530137, 1.799584], [-78.530418, 1.799584], [-78.530418, 1.80014], [-78.531525, 1.800138], [-78.531525, 1.800416], [-78.531808, 1.800416], [-78.531808, 1.800694], [-78.532364, 1.800694], [-78.532364, 1.800972], [-78.532637, 1.800972], [-78.532637, 1.80125], [-78.533196, 1.80125], [-78.533196, 1.801528], [-78.533752, 1.801528], [-78.533752, 1.801806], [-78.534028, 1.801806], [-78.534028, 1.802084], [-78.534301, 1.802084], [-78.534301, 1.802362], [-78.534584, 1.80236], [-78.534584, 1.802916], [-78.53486, 1.802916], [-78.53486, 1.803194], [-78.53514, 1.803194], [-78.53514, 1.80375], [-78.535416, 1.80375], [-78.535416, 1.804306], [-78.535698, 1.804306], [-78.535698, 1.804582], [-78.535972, 1.804582], [-78.535972, 1.804863], [-78.53653, 1.804863], [-78.53653, 1.805138], [-78.536804, 1.805138], [-78.536804, 1.805416], [-78.537362, 1.805416], [-78.537362, 1.805694], [-78.537636, 1.805694], [-78.537636, 1.805972], [-78.538192, 1.805972], [-78.538192, 1.806251], [-78.538474, 1.806251], [-78.538474, 1.806529], [-78.542641, 1.806529], [-78.542641, 1.806251], [-78.543472, 1.806251], [-78.543472, 1.805972], [-78.545419, 1.805972], [-78.545419, 1.805694], [-78.545136, 1.805694], [-78.545136, 1.805416], [-78.546319, 1.805416], [-78.546524, 1.805416], [-78.546524, 1.805694], [-78.546807, 1.805694], [-78.546807, 1.805998], [-78.546807, 1.806251], [-78.54708, 1.806251], [-78.54708, 1.807917], [-78.547363, 1.807917], [-78.547363, 1.808195], [-78.547639, 1.808195], [-78.547639, 1.808473], [-78.547921, 1.808473], [-78.547921, 1.812639], [-78.548195, 1.812639], [-78.548195, 1.813751], [-78.548471, 1.813751], [-78.548471, 1.814029], [-78.548195, 1.814027], [-78.548195, 1.814305], [-78.548471, 1.814305], [-78.548471, 1.814861], [-78.548751, 1.814861], [-78.548751, 1.815695], [-78.549027, 1.815695], [-78.549027, 1.816251], [-78.548751, 1.816251], [-78.548751, 1.819027], [-78.549027, 1.819027], [-78.549027, 1.82014], [-78.549309, 1.82014], [-78.549309, 1.821249], [-78.549583, 1.821249], [-78.549583, 1.822084], [-78.549309, 1.822084], [-78.549309, 1.82264], [-78.549027, 1.82264], [-78.549027, 1.822918], [-78.548195, 1.822918], [-78.548195, 1.823194], [-78.547921, 1.823194], [-78.547921, 1.824306], [-78.548195, 1.824306], [-78.548195, 1.825416], [-78.548471, 1.825416], [-78.548471, 1.825694], [-78.548195, 1.825694], [-78.548195, 1.826806], [-78.547921, 1.826806], [-78.547921, 1.827084], [-78.548195, 1.827084], [-78.548195, 1.827362], [-78.548471, 1.82736], [-78.548471, 1.827916], [-78.548751, 1.827916], [-78.548751, 1.829584], [-78.549027, 1.829584], [-78.549027, 1.830416], [-78.548751, 1.830416], [-78.548751, 1.830694], [-78.548471, 1.830694], [-78.548471, 1.831528], [-78.547921, 1.831528], [-78.547921, 1.831806], [-78.547639, 1.831806], [-78.547639, 1.832082], [-78.547363, 1.832082], [-78.547363, 1.83236], [-78.54708, 1.83236], [-78.54708, 1.832916], [-78.546807, 1.832916], [-78.546807, 1.833473], [-78.546524, 1.833473], [-78.546524, 1.834029], [-78.546248, 1.834029], [-78.546248, 1.835417], [-78.545975, 1.835417], [-78.545975, 1.835695], [-78.545692, 1.835695], [-78.545692, 1.835973], [-78.545419, 1.835973], [-78.545419, 1.836251], [-78.54486, 1.836251], [-78.54486, 1.836529], [-78.544587, 1.836529], [-78.544587, 1.836805], [-78.544304, 1.836805], [-78.544304, 1.837361], [-78.544029, 1.837361], [-78.544029, 1.837639], [-78.543746, 1.837639], [-78.543746, 1.837917], [-78.543472, 1.837917], [-78.543472, 1.838195], [-78.543197, 1.838195], [-78.543197, 1.838473], [-78.542916, 1.838473], [-78.542916, 1.839583], [-78.542641, 1.839583], [-78.542641, 1.840139], [-78.542358, 1.840139], [-78.542358, 1.840695], [-78.542084, 1.840695], [-78.542084, 1.842083], [-78.541809, 1.842083], [-78.541809, 1.842639], [-78.541526, 1.842639], [-78.541526, 1.844305], [-78.541253, 1.844305], [-78.541253, 1.845139], [-78.540694, 1.845139], [-78.540694, 1.845696], [-78.540414, 1.845693], [-78.540414, 1.846249], [-78.540138, 1.846249], [-78.540138, 1.847083], [-78.539865, 1.847083], [-78.539865, 1.84764], [-78.539582, 1.84764], [-78.539582, 1.849862], [-78.539306, 1.849862], [-78.539306, 1.850694], [-78.539024, 1.850694], [-78.539024, 1.852084], [-78.53875, 1.852084], [-78.53875, 1.852362], [-78.538474, 1.852362], [-78.538474, 1.85264], [-78.538192, 1.85264], [-78.538192, 1.853472], [-78.537918, 1.853472], [-78.537918, 1.854862], [-78.537636, 1.854862], [-78.537636, 1.85625], [-78.537918, 1.85625], [-78.537918, 1.856528], [-78.538474, 1.856528], [-78.538474, 1.856806], [-78.53875, 1.856806], [-78.53875, 1.857082], [-78.538964, 1.857082], [-78.539024, 1.857362], [-78.539582, 1.857362], [-78.539582, 1.857082], [-78.540138, 1.857082], [-78.540138, 1.857362], [-78.540414, 1.857362], [-78.540414, 1.857638], [-78.540694, 1.857638], [-78.540694, 1.857916], [-78.54097, 1.857916], [-78.54097, 1.858194], [-78.542641, 1.858194], [-78.542641, 1.857638], [-78.542916, 1.857638], [-78.542916, 1.857362], [-78.543197, 1.857362], [-78.543197, 1.857082], [-78.543472, 1.857082], [-78.543472, 1.856806], [-78.544029, 1.856806], [-78.544029, 1.857082], [-78.544587, 1.857082], [-78.544587, 1.857362], [-78.54486, 1.85736], [-78.54486, 1.859307], [-78.544587, 1.859307], [-78.544587, 1.860694], [-78.544304, 1.860694], [-78.544304, 1.861804], [-78.544029, 1.861804], [-78.544029, 1.863195], [-78.544304, 1.863195], [-78.544304, 1.863473], [-78.544029, 1.863473], [-78.544029, 1.864305], [-78.544304, 1.864305], [-78.544304, 1.865139], [-78.544587, 1.865139], [-78.544587, 1.865695], [-78.54486, 1.865695], [-78.54486, 1.865973], [-78.545136, 1.865973], [-78.545136, 1.867361], [-78.545419, 1.867361], [-78.545419, 1.867917], [-78.545692, 1.867917], [-78.545692, 1.869305], [-78.545975, 1.869305], [-78.545975, 1.871527], [-78.546248, 1.871527], [-78.546248, 1.872361], [-78.546524, 1.872361], [-78.546524, 1.872639], [-78.546807, 1.872639], [-78.546807, 1.874027], [-78.54708, 1.874027], [-78.54708, 1.874305], [-78.546807, 1.874305], [-78.546807, 1.87625], [-78.54708, 1.87625], [-78.54708, 1.876528], [-78.546807, 1.876528], [-78.546807, 1.876806], [-78.54708, 1.876806], [-78.54708, 1.877084], [-78.547363, 1.877084], [-78.547363, 1.877362], [-78.54708, 1.877362], [-78.54708, 1.87764], [-78.546807, 1.87764], [-78.546807, 1.878194], [-78.546524, 1.878194], [-78.546524, 1.878472], [-78.546248, 1.878472], [-78.546248, 1.879306], [-78.545975, 1.879306], [-78.545975, 1.880972], [-78.545692, 1.880972], [-78.545692, 1.882084], [-78.545975, 1.882084], [-78.545975, 1.884028], [-78.546248, 1.884028], [-78.546248, 1.884306], [-78.546524, 1.884306], [-78.546524, 1.884584], [-78.546807, 1.884584], [-78.546807, 1.884862], [-78.547363, 1.884862], [-78.547363, 1.885138], [-78.547921, 1.885138], [-78.547921, 1.885694], [-78.548195, 1.885694], [-78.548195, 1.886807], [-78.547921, 1.886804], [-78.547921, 1.88736], [-78.548195, 1.88736], [-78.548195, 1.888473], [-78.548471, 1.888473], [-78.548471, 1.888751], [-78.548751, 1.888751], [-78.548751, 1.889307], [-78.549027, 1.889304], [-78.549027, 1.889861], [-78.549309, 1.889861], [-78.549309, 1.890695], [-78.549583, 1.890695], [-78.549583, 1.890973], [-78.549859, 1.890973], [-78.549859, 1.891251], [-78.550415, 1.891251], [-78.550415, 1.891805], [-78.550697, 1.891805], [-78.550697, 1.892361], [-78.550973, 1.892361], [-78.550973, 1.894305], [-78.551247, 1.894305], [-78.551247, 1.895417], [-78.551529, 1.895417], [-78.551529, 1.895695], [-78.551247, 1.895695], [-78.551247, 1.895973], [-78.551529, 1.895973], [-78.551529, 1.896529], [-78.550973, 1.896527], [-78.550973, 1.897083], [-78.550697, 1.897083], [-78.550697, 1.897361], [-78.550415, 1.897361], [-78.550415, 1.897639], [-78.550141, 1.897639], [-78.550141, 1.897917], [-78.549583, 1.897917], [-78.549583, 1.898195], [-78.549309, 1.898193], [-78.549309, 1.898471], [-78.548751, 1.898471], [-78.548751, 1.898752], [-78.548195, 1.898752], [-78.548195, 1.899027], [-78.545692, 1.899027], [-78.545692, 1.899305], [-78.545419, 1.899305], [-78.545419, 1.899027], [-78.545136, 1.899027], [-78.545136, 1.899861], [-78.54486, 1.899861], [-78.54486, 1.900418], [-78.544587, 1.900418], [-78.544587, 1.900696], [-78.54486, 1.900693], [-78.54486, 1.900971], [-78.545136, 1.900971], [-78.545136, 1.901249], [-78.545419, 1.901249], [-78.545419, 1.901527], [-78.545975, 1.901527], [-78.545975, 1.901249], [-78.546524, 1.901249], [-78.546524, 1.901527], [-78.548195, 1.901527], [-78.548195, 1.901249], [-78.549309, 1.901249], [-78.549309, 1.900971], [-78.549859, 1.900971], [-78.549859, 1.900415], [-78.550141, 1.900418], [-78.550141, 1.900139], [-78.550415, 1.900139], [-78.550415, 1.899861], [-78.550697, 1.899861], [-78.550697, 1.899583], [-78.550973, 1.899583], [-78.550973, 1.899861], [-78.551247, 1.899861], [-78.551247, 1.899583], [-78.551529, 1.899583], [-78.551529, 1.899027], [-78.553473, 1.899027], [-78.553473, 1.899305], [-78.554032, 1.899305], [-78.554032, 1.899027], [-78.554305, 1.899027], [-78.554305, 1.898471], [-78.555137, 1.898471], [-78.555137, 1.899305], [-78.554305, 1.899305], [-78.554305, 1.899861], [-78.554581, 1.899861], [-78.554581, 1.900696], [-78.554864, 1.900693], [-78.554864, 1.900971], [-78.55542, 1.900971], [-78.55542, 1.901249], [-78.555695, 1.901249], [-78.555695, 1.900139], [-78.555969, 1.900139], [-78.555969, 1.899861], [-78.556252, 1.899861], [-78.556252, 1.900139], [-78.557083, 1.900139], [-78.557083, 1.900418], [-78.557915, 1.900418], [-78.557915, 1.900139], [-78.558198, 1.900139], [-78.558198, 1.899861], [-78.562079, 1.899861], [-78.562079, 1.900139], [-78.562362, 1.900139], [-78.562362, 1.899861], [-78.563752, 1.899861], [-78.563752, 1.900139], [-78.564308, 1.900139], [-78.564308, 1.900418], [-78.564858, 1.900418], [-78.564858, 1.900696], [-78.566255, 1.900696], [-78.566255, 1.900418], [-78.566528, 1.900418], [-78.566528, 1.900696], [-78.566804, 1.900696], [-78.566804, 1.900418], [-78.56736, 1.900418], [-78.56736, 1.900139], [-78.567916, 1.900139], [-78.567916, 1.899861], [-78.568475, 1.899861], [-78.568475, 1.900139], [-78.568748, 1.900139], [-78.568748, 1.900418], [-78.569306, 1.900418], [-78.569306, 1.900696], [-78.570136, 1.900693], [-78.570136, 1.900971], [-78.570694, 1.900971], [-78.570694, 1.901249], [-78.570968, 1.901249], [-78.570968, 1.901527], [-78.572914, 1.901527], [-78.572914, 1.901806], [-78.573753, 1.901806], [-78.573753, 1.902084], [-78.574585, 1.902084], [-78.574585, 1.901806], [-78.574861, 1.901806], [-78.574861, 1.901249], [-78.575141, 1.901249], [-78.575141, 1.900971], [-78.575417, 1.900971], [-78.575417, 1.900415], [-78.57569, 1.900418], [-78.57569, 1.899027], [-78.575973, 1.899027], [-78.575973, 1.898752], [-78.577081, 1.898752], [-78.577081, 1.899027], [-78.577361, 1.899027], [-78.577361, 1.900696], [-78.577637, 1.900693], [-78.577637, 1.900971], [-78.577919, 1.900971], [-78.577919, 1.900693], [-78.578475, 1.900696], [-78.578475, 1.899305], [-78.579307, 1.899305], [-78.579307, 1.899027], [-78.579583, 1.899027], [-78.579583, 1.898752], [-78.579863, 1.898752], [-78.579863, 1.898471], [-78.580971, 1.898471], [-78.580971, 1.898752], [-78.582086, 1.898752], [-78.582086, 1.898471], [-78.583191, 1.898471], [-78.583191, 1.898193], [-78.584305, 1.898195], [-78.584305, 1.897917], [-78.584588, 1.897917], [-78.584588, 1.897639], [-78.584862, 1.897639], [-78.584862, 1.897361], [-78.585137, 1.897361], [-78.585137, 1.896805], [-78.585418, 1.896805], [-78.585418, 1.895695], [-78.585693, 1.895695], [-78.585693, 1.895417], [-78.586525, 1.895417], [-78.586525, 1.895139], [-78.586808, 1.895139], [-78.586808, 1.894861], [-78.587081, 1.894861], [-78.587081, 1.894583], [-78.587364, 1.894583], [-78.587364, 1.894861], [-78.587913, 1.894861], [-78.587913, 1.894583], [-78.588469, 1.894583], [-78.588469, 1.894305], [-78.589584, 1.894305], [-78.589584, 1.894027], [-78.58986, 1.894029], [-78.58986, 1.893195], [-78.590416, 1.893195], [-78.590416, 1.892361], [-78.590698, 1.892361], [-78.590698, 1.892639], [-78.591804, 1.892639], [-78.591804, 1.892917], [-78.592362, 1.892917], [-78.592362, 1.893195], [-78.592636, 1.893195], [-78.592636, 1.892917], [-78.592918, 1.892917], [-78.592918, 1.893195], [-78.593194, 1.893195], [-78.593194, 1.892917], [-78.593474, 1.892917], [-78.593474, 1.893195], [-78.59375, 1.893195], [-78.59375, 1.892917], [-78.594582, 1.892917], [-78.594582, 1.893473], [-78.595138, 1.893473], [-78.595138, 1.893751], [-78.59597, 1.893751], [-78.59597, 1.894029], [-78.597085, 1.894029], [-78.597085, 1.894861], [-78.597358, 1.894861], [-78.597358, 1.895139], [-78.597641, 1.895139], [-78.597641, 1.895417], [-78.597358, 1.895417], [-78.597358, 1.896529], [-78.597085, 1.896527], [-78.597085, 1.896805], [-78.597358, 1.896805], [-78.597358, 1.897361], [-78.597641, 1.897361], [-78.597641, 1.897639], [-78.597916, 1.897639], [-78.597916, 1.898195], [-78.598473, 1.898193], [-78.598473, 1.898752], [-78.599029, 1.898749], [-78.599029, 1.901806], [-78.599304, 1.901806], [-78.599304, 1.903194], [-78.599587, 1.903194], [-78.599587, 1.904028], [-78.599861, 1.904028], [-78.599861, 1.904306], [-78.599587, 1.904306], [-78.599587, 1.905972], [-78.599861, 1.905972], [-78.599861, 1.909028], [-78.599587, 1.909028], [-78.599587, 1.909306], [-78.599304, 1.909306], [-78.599304, 1.909862], [-78.599029, 1.909862], [-78.599029, 1.910972], [-78.599304, 1.910972], [-78.599304, 1.912084], [-78.599029, 1.912082], [-78.599029, 1.91236], [-78.598748, 1.91236], [-78.598748, 1.91486], [-78.599029, 1.91486], [-78.599029, 1.915138], [-78.599304, 1.915138], [-78.599304, 1.915417], [-78.599587, 1.915417], [-78.599587, 1.915973], [-78.599304, 1.915973], [-78.599304, 1.916251], [-78.599587, 1.916251], [-78.599587, 1.916529], [-78.599304, 1.916526], [-78.599304, 1.917639], [-78.599587, 1.917639], [-78.599587, 1.918195], [-78.599861, 1.918195], [-78.599861, 1.919583], [-78.599587, 1.919583], [-78.599587, 1.919861], [-78.599304, 1.919861], [-78.599304, 1.920417], [-78.599587, 1.920417], [-78.599587, 1.920695], [-78.599029, 1.920695], [-78.599029, 1.921527], [-78.598748, 1.921527], [-78.598748, 1.922083], [-78.598473, 1.922083], [-78.598473, 1.924029], [-78.598199, 1.924029], [-78.598199, 1.924861], [-78.598473, 1.924861], [-78.598473, 1.925417], [-78.598748, 1.925417], [-78.598748, 1.925695], [-78.599029, 1.925695], [-78.599029, 1.925974], [-78.599304, 1.925971], [-78.599304, 1.926805], [-78.599587, 1.926805], [-78.599587, 1.927083], [-78.599861, 1.927083], [-78.599861, 1.927918], [-78.600136, 1.927918], [-78.600136, 1.928193], [-78.600419, 1.928193], [-78.600419, 1.928471], [-78.600692, 1.928471], [-78.600692, 1.928749], [-78.600975, 1.928749], [-78.600975, 1.929862], [-78.600692, 1.929862], [-78.600692, 1.931528], [-78.600975, 1.931528], [-78.600975, 1.933194], [-78.601251, 1.933194], [-78.601251, 1.93375], [-78.600975, 1.93375], [-78.600975, 1.934028], [-78.600692, 1.934028], [-78.600692, 1.934862], [-78.600419, 1.934862], [-78.600419, 1.935416], [-78.600692, 1.935416], [-78.600692, 1.935972], [-78.600975, 1.935972], [-78.600975, 1.93625], [-78.601807, 1.93625], [-78.601807, 1.936806], [-78.60208, 1.936806], [-78.60208, 1.937084], [-78.602363, 1.937084], [-78.602363, 1.938194], [-78.60208, 1.938194], [-78.60208, 1.939582], [-78.601807, 1.939582], [-78.601807, 1.939863], [-78.60208, 1.939863], [-78.60208, 1.940138], [-78.602363, 1.940138], [-78.602363, 1.940694], [-78.602639, 1.940694], [-78.602639, 1.941529], [-78.602363, 1.941529], [-78.602363, 1.942082], [-78.60208, 1.942082], [-78.60208, 1.942639], [-78.601807, 1.942639], [-78.601807, 1.944583], [-78.60208, 1.944583], [-78.60208, 1.944861], [-78.602363, 1.944861], [-78.602363, 1.945417], [-78.602639, 1.945417], [-78.602639, 1.945973], [-78.602912, 1.945973], [-78.602912, 1.946805], [-78.602639, 1.946805], [-78.602639, 1.947083], [-78.60208, 1.947083], [-78.60208, 1.947361], [-78.601251, 1.947361], [-78.601251, 1.947917], [-78.600692, 1.947917], [-78.600692, 1.948195], [-78.600419, 1.948195], [-78.600419, 1.949029], [-78.600136, 1.949029], [-78.600136, 1.949861], [-78.599861, 1.949861], [-78.599861, 1.950139], [-78.599587, 1.950139], [-78.599587, 1.950417], [-78.597358, 1.950417], [-78.597358, 1.950695], [-78.597085, 1.950695], [-78.597085, 1.950417], [-78.596802, 1.950417], [-78.596802, 1.950695], [-78.596526, 1.950695], [-78.596526, 1.950417], [-78.596253, 1.950417], [-78.596253, 1.950695], [-78.59597, 1.950695], [-78.59597, 1.950973], [-78.595414, 1.950973], [-78.595414, 1.951251], [-78.594865, 1.951251], [-78.594865, 1.951529], [-78.594582, 1.951527], [-78.594582, 1.951805], [-78.594306, 1.951805], [-78.594306, 1.952083], [-78.594024, 1.952083], [-78.594024, 1.952361], [-78.593474, 1.952361], [-78.593474, 1.953471], [-78.59375, 1.953471], [-78.59375, 1.955971], [-78.593194, 1.955971], [-78.593194, 1.95625], [-78.591248, 1.95625], [-78.591248, 1.956806], [-78.591804, 1.956806], [-78.591804, 1.95875], [-78.59153, 1.95875], [-78.59153, 1.959028], [-78.590972, 1.959028], [-78.590972, 1.958472], [-78.590698, 1.958472], [-78.590698, 1.958194], [-78.590416, 1.958194], [-78.590416, 1.957916], [-78.590142, 1.957916], [-78.590142, 1.95764], [-78.589584, 1.95764], [-78.589584, 1.957362], [-78.589028, 1.957362], [-78.589028, 1.95764], [-78.588752, 1.95764], [-78.588752, 1.95875], [-78.589028, 1.95875], [-78.589028, 1.959862], [-78.588196, 1.959862], [-78.588196, 1.960694], [-78.587913, 1.960694], [-78.587913, 1.96125], [-78.58764, 1.96125], [-78.58764, 1.961528], [-78.587364, 1.961528], [-78.587364, 1.962084], [-78.586525, 1.962084], [-78.586525, 1.962362], [-78.585976, 1.96236], [-78.585976, 1.963194], [-78.587364, 1.963194], [-78.587364, 1.963472], [-78.58764, 1.963472], [-78.58764, 1.964028], [-78.587913, 1.964028], [-78.587913, 1.964584], [-78.588196, 1.964584], [-78.588196, 1.96514], [-78.588469, 1.965138], [-78.588469, 1.965416], [-78.590416, 1.965416], [-78.590416, 1.965694], [-78.590972, 1.965694], [-78.590972, 1.965972], [-78.591248, 1.965972], [-78.591248, 1.966806], [-78.590698, 1.966806], [-78.590698, 1.967082], [-78.589028, 1.967082], [-78.589028, 1.96736], [-78.589301, 1.96736], [-78.589301, 1.969029], [-78.589028, 1.969029], [-78.589028, 1.969582], [-78.588752, 1.969582], [-78.588752, 1.969861], [-78.588469, 1.969861], [-78.588469, 1.970139], [-78.588196, 1.970139], [-78.588196, 1.970417], [-78.587913, 1.970417], [-78.587913, 1.970973], [-78.58764, 1.970973], [-78.58764, 1.971251], [-78.587364, 1.971251], [-78.587364, 1.971805], [-78.58764, 1.971805], [-78.58764, 1.972361], [-78.587913, 1.972361], [-78.587913, 1.972917], [-78.588196, 1.972917], [-78.588196, 1.973751], [-78.588469, 1.973751], [-78.588469, 1.974027], [-78.588752, 1.974027], [-78.588752, 1.974305], [-78.589301, 1.974305], [-78.589301, 1.974583], [-78.589584, 1.974583], [-78.589584, 1.974861], [-78.58986, 1.974861], [-78.58986, 1.975139], [-78.590142, 1.975139], [-78.590142, 1.975417], [-78.590416, 1.975417], [-78.590416, 1.975973], [-78.590698, 1.975973], [-78.590698, 1.976529], [-78.590972, 1.976527], [-78.590972, 1.977083], [-78.591248, 1.977083], [-78.591248, 1.977361], [-78.59153, 1.977361], [-78.59153, 1.977639], [-78.592086, 1.977639], [-78.592086, 1.977917], [-78.592362, 1.977917], [-78.592362, 1.978195], [-78.592918, 1.978195], [-78.592918, 1.978473], [-78.593194, 1.978473], [-78.593194, 1.978749], [-78.595697, 1.978749], [-78.595697, 1.979027], [-78.59597, 1.979027], [-78.59597, 1.979305], [-78.596253, 1.979305], [-78.596253, 1.979583], [-78.596526, 1.979583], [-78.596526, 1.980139], [-78.596802, 1.980139], [-78.596802, 1.981805], [-78.596526, 1.981805], [-78.596526, 1.982362], [-78.596802, 1.982362], [-78.596802, 1.982918], [-78.597085, 1.982915], [-78.597085, 1.983472], [-78.597641, 1.983472], [-78.597641, 1.98375], [-78.598199, 1.98375], [-78.598199, 1.984028], [-78.598473, 1.984028], [-78.598473, 1.984306], [-78.599029, 1.984306], [-78.599029, 1.985694], [-78.598473, 1.985694], [-78.598473, 1.985972], [-78.598199, 1.985972], [-78.598199, 1.986528], [-78.598473, 1.986528], [-78.598473, 1.987084], [-78.598748, 1.987084], [-78.598748, 1.987362], [-78.599587, 1.987362], [-78.599587, 1.98764], [-78.600136, 1.987638], [-78.600136, 1.987916], [-78.600419, 1.987916], [-78.600419, 1.988194], [-78.600975, 1.988194], [-78.600975, 1.988472], [-78.601251, 1.988472], [-78.601251, 1.98875], [-78.601524, 1.98875], [-78.601524, 1.989028], [-78.60208, 1.989028], [-78.60208, 1.989306], [-78.602363, 1.989306], [-78.602363, 1.99014], [-78.602639, 1.99014], [-78.602639, 1.99125], [-78.602912, 1.99125], [-78.602912, 1.991528], [-78.602639, 1.991528], [-78.602639, 1.992084], [-78.602363, 1.992084], [-78.602363, 1.992638], [-78.60208, 1.992638], [-78.60208, 1.993194], [-78.602639, 1.993194], [-78.602639, 1.993472], [-78.604027, 1.993472], [-78.604027, 1.99375], [-78.604583, 1.99375], [-78.604583, 1.994028], [-78.605141, 1.994028], [-78.605141, 1.994307], [-78.605697, 1.994307], [-78.605697, 1.994585], [-78.605973, 1.994585], [-78.605973, 1.99486], [-78.606247, 1.99486], [-78.606247, 1.995138], [-78.606803, 1.995138], [-78.606803, 1.995416], [-78.607085, 1.995416], [-78.607085, 1.995695], [-78.607361, 1.995695], [-78.607361, 1.995973], [-78.609305, 1.995973], [-78.609305, 1.996251], [-78.609581, 1.996251], [-78.609581, 1.996529], [-78.609864, 1.996529], [-78.609864, 1.996807], [-78.61042, 1.996807], [-78.61042, 1.997083], [-78.610696, 1.997083], [-78.610696, 1.997361], [-78.612357, 1.997361], [-78.612357, 1.997639], [-78.613747, 1.997639], [-78.613747, 1.997917], [-78.616532, 1.997917], [-78.616532, 1.997639], [-78.617362, 1.997639], [-78.617362, 1.997917], [-78.617638, 1.997917], [-78.617638, 1.998195], [-78.61792, 1.998195], [-78.61792, 1.998473], [-78.61847, 1.998473], [-78.61847, 1.998751], [-78.618752, 1.998751], [-78.618752, 1.999027], [-78.620414, 1.999027], [-78.620414, 1.999583], [-78.620696, 1.999583], [-78.620696, 1.999861], [-78.621528, 1.999861], [-78.621528, 1.999583], [-78.62236, 1.999583], [-78.62236, 1.999305], [-78.622916, 1.999305], [-78.622916, 1.999583], [-78.623748, 1.999583], [-78.623748, 1.999861], [-78.623748, 2.000139], [-78.624307, 2.000139], [-78.624307, 2.000417], [-78.62458, 2.000417], [-78.62458, 2.001351], [-78.62458, 2.002917], [-78.624863, 2.002917], [-78.624863, 2.003195], [-78.625138, 2.003195], [-78.625138, 2.003473], [-78.625419, 2.003473], [-78.625419, 2.004029], [-78.625695, 2.004027], [-78.625695, 2.004305], [-78.625968, 2.004305], [-78.625968, 2.004583], [-78.626251, 2.004583], [-78.626251, 2.005139], [-78.626526, 2.005139], [-78.626526, 2.005695], [-78.626809, 2.005695], [-78.626809, 2.007361], [-78.627639, 2.007361], [-78.627639, 2.007918], [-78.627914, 2.007915], [-78.627914, 2.009862], [-78.628197, 2.009862], [-78.628197, 2.01014], [-78.628471, 2.01014], [-78.628471, 2.010418], [-78.628753, 2.010418], [-78.628753, 2.010694], [-78.629029, 2.010694], [-78.629029, 2.010972], [-78.629585, 2.010972], [-78.629585, 2.010694], [-78.629585, 2.009027], [-78.629861, 2.009027], [-78.629861, 2.008471], [-78.630141, 2.008471], [-78.630141, 2.006805], [-78.630417, 2.006805], [-78.630417, 2.006527], [-78.631531, 2.006527], [-78.631531, 2.006805], [-78.632637, 2.006805], [-78.632637, 2.007083], [-78.633469, 2.007083], [-78.633469, 2.007361], [-78.633751, 2.007361], [-78.633751, 2.007918], [-78.634025, 2.007918], [-78.634025, 2.008471], [-78.634307, 2.008471], [-78.634307, 2.009027], [-78.634583, 2.009027], [-78.634583, 2.009584], [-78.634866, 2.009584], [-78.634866, 2.009862], [-78.635415, 2.009862], [-78.635415, 2.007915], [-78.635139, 2.007918], [-78.635139, 2.007639], [-78.634866, 2.007639], [-78.634866, 2.007361], [-78.634583, 2.007361], [-78.634583, 2.005973], [-78.634307, 2.005973], [-78.634307, 2.004583], [-78.634025, 2.004583], [-78.634025, 2.001805], [-78.634307, 2.001805], [-78.634307, 2.000139], [-78.634307, 1.999861], [-78.634583, 1.999861], [-78.634583, 1.999583], [-78.634866, 1.999583], [-78.634866, 1.999305], [-78.635139, 1.999305], [-78.635139, 1.998751], [-78.635415, 1.998751], [-78.635415, 1.998473], [-78.635695, 1.998473], [-78.635695, 1.998195], [-78.635971, 1.998195], [-78.635971, 1.997917], [-78.636527, 1.997917], [-78.636527, 1.997639], [-78.637359, 1.997639], [-78.637359, 1.997361], [-78.637642, 1.997361], [-78.637642, 1.996804], [-78.637918, 1.996807], [-78.637918, 1.995416], [-78.638191, 1.995416], [-78.638191, 1.99486], [-78.63903, 1.99486], [-78.63903, 1.994304], [-78.639306, 1.994307], [-78.639306, 1.99375], [-78.640137, 1.99375], [-78.640137, 1.993472], [-78.64042, 1.993472], [-78.64042, 1.993194], [-78.640694, 1.993194], [-78.640694, 1.992916], [-78.640976, 1.992916], [-78.640976, 1.99236], [-78.64125, 1.992362], [-78.64125, 1.992084], [-78.641808, 1.992084], [-78.641808, 1.991806], [-78.64264, 1.991806], [-78.64264, 1.991528], [-78.643752, 1.991528], [-78.643752, 1.99125], [-78.644028, 1.99125], [-78.644028, 1.990972], [-78.644301, 1.990972], [-78.644301, 1.990694], [-78.644584, 1.990694], [-78.644584, 1.990416], [-78.64486, 1.990416], [-78.64486, 1.990138], [-78.645142, 1.99014], [-78.645142, 1.989862], [-78.645416, 1.989862], [-78.645416, 1.989584], [-78.645692, 1.989584], [-78.645692, 1.989306], [-78.645974, 1.989306], [-78.645974, 1.989028], [-78.64653, 1.989028], [-78.64653, 1.98875], [-78.646804, 1.98875], [-78.646804, 1.98764], [-78.647087, 1.98764], [-78.647087, 1.987362], [-78.647636, 1.987362], [-78.647636, 1.987084], [-78.647918, 1.987084], [-78.647918, 1.986806], [-78.647636, 1.986806], [-78.647636, 1.984028], [-78.647362, 1.984028], [-78.647362, 1.980971], [-78.647636, 1.980971], [-78.647636, 1.979861], [-78.647362, 1.979861], [-78.647362, 1.979305], [-78.647087, 1.979305], [-78.647087, 1.979027], [-78.647636, 1.979027], [-78.647636, 1.978749], [-78.64875, 1.978749], [-78.64875, 1.978195], [-78.648475, 1.978195], [-78.648475, 1.977917], [-78.64875, 1.977917], [-78.64875, 1.977639], [-78.649865, 1.977639], [-78.649865, 1.977361], [-78.650414, 1.977361], [-78.650414, 1.977639], [-78.650697, 1.977639], [-78.650697, 1.977917], [-78.651802, 1.977917], [-78.651802, 1.978195], [-78.652641, 1.978195], [-78.652641, 1.978473], [-78.652917, 1.978473], [-78.652917, 1.978749], [-78.653199, 1.978749], [-78.653199, 1.979027], [-78.655136, 1.979027], [-78.655136, 1.978195], [-78.655419, 1.978195], [-78.655419, 1.977917], [-78.655975, 1.977917], [-78.655975, 1.978473], [-78.656524, 1.978473], [-78.656524, 1.978749], [-78.656807, 1.978749], [-78.656807, 1.979305], [-78.657363, 1.979305], [-78.657363, 1.979583], [-78.658195, 1.979583], [-78.658195, 1.979861], [-78.658471, 1.979861], [-78.658471, 1.980139], [-78.658753, 1.980139], [-78.658753, 1.979861], [-78.659583, 1.979861], [-78.659583, 1.979583], [-78.660141, 1.979583], [-78.660141, 1.979305], [-78.660698, 1.979305], [-78.660698, 1.979027], [-78.660973, 1.979027], [-78.660973, 1.976805], [-78.660698, 1.976805], [-78.660698, 1.976527], [-78.660141, 1.976529], [-78.660141, 1.974305], [-78.660698, 1.974305], [-78.660698, 1.973473], [-78.662086, 1.973473], [-78.662086, 1.973751], [-78.662361, 1.973751], [-78.662361, 1.974027], [-78.662635, 1.974027], [-78.662635, 1.973751], [-78.662917, 1.973751], [-78.662917, 1.974027], [-78.664025, 1.974027], [-78.664025, 1.973751], [-78.664308, 1.973751], [-78.664308, 1.973473], [-78.664864, 1.973473], [-78.664864, 1.973751], [-78.665413, 1.973751], [-78.665413, 1.973473], [-78.666252, 1.973473], [-78.666252, 1.973195], [-78.666528, 1.973195], [-78.666528, 1.972917], [-78.66681, 1.972917], [-78.66681, 1.972639], [-78.667359, 1.972639], [-78.667359, 1.972361], [-78.668472, 1.972361], [-78.668472, 1.972639], [-78.66903, 1.972639], [-78.66903, 1.973195], [-78.669586, 1.973195], [-78.669586, 1.972917], [-78.669862, 1.972917], [-78.669862, 1.972639], [-78.670135, 1.972639], [-78.670135, 1.972917], [-78.670418, 1.972917], [-78.670418, 1.973473], [-78.670135, 1.973473], [-78.670135, 1.975139], [-78.670418, 1.975139], [-78.670418, 1.975417], [-78.670692, 1.975417], [-78.670692, 1.975695], [-78.672082, 1.975695], [-78.672082, 1.976251], [-78.672364, 1.976251], [-78.672364, 1.976529], [-78.672082, 1.976527], [-78.672082, 1.976805], [-78.67125, 1.976805], [-78.67125, 1.977083], [-78.670974, 1.977083], [-78.670974, 1.977361], [-78.67125, 1.977361], [-78.67125, 1.977639], [-78.672082, 1.977639], [-78.672082, 1.978195], [-78.672364, 1.978195], [-78.672364, 1.979305], [-78.672921, 1.979305], [-78.672921, 1.979583], [-78.673752, 1.979583], [-78.673752, 1.979861], [-78.674309, 1.979861], [-78.674309, 1.980139], [-78.673752, 1.980139], [-78.673752, 1.980417], [-78.67347, 1.980417], [-78.67347, 1.980971], [-78.673194, 1.980971], [-78.673194, 1.981249], [-78.67347, 1.981249], [-78.67347, 1.981527], [-78.673194, 1.981527], [-78.673194, 1.982362], [-78.67347, 1.982362], [-78.67347, 1.983193], [-78.672921, 1.983193], [-78.672921, 1.983472], [-78.672638, 1.983472], [-78.672638, 1.98375], [-78.672364, 1.98375], [-78.672364, 1.984862], [-78.672638, 1.984862], [-78.672638, 1.98514], [-78.672364, 1.98514], [-78.672364, 1.985416], [-78.672638, 1.985416], [-78.672638, 1.985694], [-78.672364, 1.985694], [-78.672364, 1.986528], [-78.671806, 1.986528], [-78.671806, 1.986806], [-78.669586, 1.986806], [-78.669586, 1.987084], [-78.669862, 1.987084], [-78.669862, 1.987362], [-78.669586, 1.987362], [-78.669586, 1.98764], [-78.669304, 1.98764], [-78.669304, 1.988472], [-78.668747, 1.988472], [-78.668747, 1.98875], [-78.668472, 1.98875], [-78.668472, 1.989028], [-78.66764, 1.989028], [-78.66764, 1.989306], [-78.667084, 1.989306], [-78.667084, 1.989584], [-78.66681, 1.989584], [-78.66681, 1.990972], [-78.667084, 1.990972], [-78.667084, 1.99125], [-78.667359, 1.99125], [-78.667359, 1.992362], [-78.66764, 1.992362], [-78.66764, 1.995138], [-78.667916, 1.995138], [-78.667916, 1.995416], [-78.66764, 1.995416], [-78.66764, 1.995695], [-78.667916, 1.995695], [-78.667916, 1.995973], [-78.66764, 1.995973], [-78.66764, 1.996251], [-78.667916, 1.996251], [-78.667916, 1.996529], [-78.66764, 1.996529], [-78.66764, 1.997361], [-78.667916, 1.997361], [-78.667916, 1.998473], [-78.668198, 1.998473], [-78.668198, 1.998751], [-78.667916, 1.998751], [-78.667916, 1.999861], [-78.66764, 1.999861], [-78.66764, 2.000139], [-78.66764, 2.001527], [-78.667359, 2.001527], [-78.667359, 2.002361], [-78.667084, 2.002361], [-78.667084, 2.002917], [-78.667359, 2.002917], [-78.667359, 2.003195], [-78.667084, 2.003195], [-78.667084, 2.006527], [-78.667359, 2.006527], [-78.667359, 2.01264], [-78.667084, 2.01264], [-78.667084, 2.012916], [-78.66681, 2.012916], [-78.66681, 2.013472], [-78.666528, 2.013472], [-78.666528, 2.01375], [-78.666252, 2.01375], [-78.666252, 2.014028], [-78.665969, 2.014028], [-78.665969, 2.014584], [-78.665696, 2.014584], [-78.665696, 2.01514], [-78.665413, 2.01514], [-78.665413, 2.015972], [-78.665696, 2.015972], [-78.665696, 2.01625], [-78.665969, 2.01625], [-78.665969, 2.016528], [-78.666252, 2.016528], [-78.666252, 2.016806], [-78.666528, 2.016806], [-78.666528, 2.017084], [-78.66681, 2.017084], [-78.66681, 2.017362], [-78.667084, 2.017362], [-78.667084, 2.01764], [-78.667359, 2.017638], [-78.667359, 2.017916], [-78.66764, 2.017916], [-78.66764, 2.019028], [-78.667916, 2.019028], [-78.667916, 2.019582], [-78.668198, 2.019582], [-78.668198, 2.01986], [-78.667916, 2.01986], [-78.667916, 2.020138], [-78.668198, 2.020138], [-78.668198, 2.020694], [-78.668472, 2.020694], [-78.668472, 2.020972], [-78.668747, 2.020972], [-78.668747, 2.023195], [-78.66903, 2.023195], [-78.66903, 2.025695], [-78.669304, 2.025695], [-78.669304, 2.028751], [-78.669586, 2.028751], [-78.669586, 2.030139], [-78.669862, 2.030139], [-78.669862, 2.031527], [-78.670135, 2.031527], [-78.670135, 2.032917], [-78.670418, 2.032917], [-78.670418, 2.034027], [-78.670692, 2.034027], [-78.670692, 2.035971], [-78.670974, 2.035971], [-78.670974, 2.037362], [-78.67125, 2.037362], [-78.67125, 2.03875], [-78.671523, 2.03875], [-78.671523, 2.039584], [-78.671806, 2.039584], [-78.671806, 2.041806], [-78.672082, 2.041806], [-78.672082, 2.042084], [-78.672364, 2.042084], [-78.672364, 2.043194], [-78.672638, 2.043194], [-78.672638, 2.04375], [-78.672921, 2.04375], [-78.672921, 2.044306], [-78.673194, 2.044306], [-78.673194, 2.044584], [-78.67347, 2.044584], [-78.67347, 2.04514], [-78.673752, 2.045138], [-78.673752, 2.045416], [-78.67347, 2.045416], [-78.67347, 2.045694], [-78.673752, 2.045694], [-78.673752, 2.045972], [-78.67347, 2.045972], [-78.67347, 2.04625], [-78.673752, 2.04625], [-78.673752, 2.046806], [-78.674026, 2.046806], [-78.674026, 2.04736], [-78.674309, 2.04736], [-78.674309, 2.049304], [-78.674584, 2.049304], [-78.674584, 2.050973], [-78.67514, 2.050973], [-78.67514, 2.051529], [-78.675414, 2.051529], [-78.675414, 2.052083], [-78.675697, 2.052083], [-78.675697, 2.052917], [-78.675972, 2.052917], [-78.675972, 2.053473], [-78.676246, 2.053473], [-78.676246, 2.054029], [-78.676528, 2.054029], [-78.676528, 2.054861], [-78.676804, 2.054861], [-78.676804, 2.055417], [-78.677087, 2.055417], [-78.677087, 2.055973], [-78.676804, 2.055973], [-78.676804, 2.056251], [-78.677636, 2.056251], [-78.677636, 2.056805], [-78.678475, 2.056805], [-78.678475, 2.057083], [-78.678192, 2.057083], [-78.678192, 2.057361], [-78.678475, 2.057361], [-78.678475, 2.057639], [-78.678748, 2.057639], [-78.678748, 2.058195], [-78.679031, 2.058195], [-78.679031, 2.059027], [-78.679307, 2.059027], [-78.679307, 2.059583], [-78.67958, 2.059583], [-78.67958, 2.060139], [-78.679863, 2.060139], [-78.679863, 2.060693], [-78.680139, 2.060693], [-78.680139, 2.061527], [-78.680419, 2.061527], [-78.680419, 2.062083], [-78.680695, 2.062083], [-78.680695, 2.06264], [-78.680968, 2.06264], [-78.680968, 2.064306], [-78.681251, 2.064306], [-78.681251, 2.065418], [-78.681527, 2.065418], [-78.681527, 2.065694], [-78.681251, 2.065694], [-78.681251, 2.06625], [-78.681527, 2.06625], [-78.681527, 2.066528], [-78.681809, 2.066528], [-78.681809, 2.066806], [-78.681527, 2.066806], [-78.681527, 2.068472], [-78.681809, 2.068472], [-78.681809, 2.069028], [-78.682083, 2.069028], [-78.682083, 2.07125], [-78.682358, 2.07125], [-78.682358, 2.071806], [-78.682641, 2.071806], [-78.682641, 2.073194], [-78.682915, 2.073194], [-78.682915, 2.07486], [-78.683197, 2.07486], [-78.683197, 2.075416], [-78.683471, 2.075416], [-78.683471, 2.076807], [-78.683746, 2.076804], [-78.683746, 2.078473], [-78.684029, 2.078473], [-78.684029, 2.079583], [-78.684303, 2.079583], [-78.684303, 2.080973], [-78.684585, 2.080973], [-78.684585, 2.082361], [-78.684861, 2.082361], [-78.684861, 2.083473], [-78.685144, 2.083473], [-78.685144, 2.084305], [-78.685417, 2.084305], [-78.685417, 2.085139], [-78.685693, 2.085139], [-78.685693, 2.085973], [-78.685973, 2.085973], [-78.685973, 2.086805], [-78.686249, 2.086805], [-78.686249, 2.087639], [-78.686532, 2.087639], [-78.686532, 2.088471], [-78.686805, 2.088471], [-78.686805, 2.088749], [-78.686532, 2.088749], [-78.686532, 2.089862], [-78.686805, 2.089862], [-78.686805, 2.090693], [-78.687081, 2.090693], [-78.687081, 2.090972], [-78.687637, 2.090972], [-78.687637, 2.091806], [-78.68792, 2.091806], [-78.68792, 2.09264], [-78.688195, 2.09264], [-78.688195, 2.094584], [-78.688469, 2.094584], [-78.688469, 2.094862], [-78.688751, 2.094862], [-78.688751, 2.095972], [-78.689025, 2.095972], [-78.689025, 2.096528], [-78.689308, 2.096528], [-78.689308, 2.096806], [-78.689025, 2.096806], [-78.689025, 2.097084], [-78.689308, 2.097084], [-78.689308, 2.098194], [-78.689583, 2.098194], [-78.689583, 2.098472], [-78.689308, 2.098472], [-78.689308, 2.09875], [-78.689583, 2.09875], [-78.689583, 2.099028], [-78.689857, 2.099028], [-78.689857, 2.099306], [-78.689583, 2.099306], [-78.689583, 2.10125], [-78.689857, 2.10125], [-78.689857, 2.101528], [-78.690139, 2.101528], [-78.690139, 2.101807], [-78.690415, 2.101807], [-78.690415, 2.102082], [-78.690698, 2.102082], [-78.690698, 2.10236], [-78.690971, 2.10236], [-78.690971, 2.102638], [-78.691254, 2.102638], [-78.691254, 2.102916], [-78.691527, 2.102916], [-78.691527, 2.103195], [-78.691803, 2.103195], [-78.691803, 2.103473], [-78.692086, 2.103473], [-78.692086, 2.104029], [-78.692359, 2.104029], [-78.692359, 2.104304], [-78.692642, 2.104304], [-78.692642, 2.104583], [-78.692918, 2.104583], [-78.692918, 2.104861], [-78.693191, 2.104861], [-78.693191, 2.105139], [-78.693474, 2.105139], [-78.693474, 2.105417], [-78.69375, 2.105417], [-78.69375, 2.105695], [-78.69403, 2.105695], [-78.69403, 2.105973], [-78.694306, 2.105973], [-78.694306, 2.106529], [-78.694579, 2.106529], [-78.694579, 2.106805], [-78.694862, 2.106805], [-78.694862, 2.107083], [-78.695138, 2.107083], [-78.695138, 2.107361], [-78.69542, 2.107361], [-78.69542, 2.107639], [-78.695694, 2.107639], [-78.695694, 2.107917], [-78.695969, 2.107917], [-78.695969, 2.108195], [-78.696252, 2.108195], [-78.696252, 2.108473], [-78.696526, 2.108473], [-78.696526, 2.108751], [-78.696808, 2.108751], [-78.696808, 2.109305], [-78.697082, 2.109305], [-78.697082, 2.109583], [-78.697364, 2.109583], [-78.697364, 2.109861], [-78.69764, 2.109861], [-78.69764, 2.110139], [-78.697914, 2.110139], [-78.697914, 2.110417], [-78.698196, 2.110417], [-78.698196, 2.110695], [-78.698472, 2.110695], [-78.698472, 2.110973], [-78.698752, 2.110973], [-78.698752, 2.111251], [-78.699028, 2.111249], [-78.699028, 2.111805], [-78.699304, 2.111805], [-78.699304, 2.112083], [-78.699584, 2.112083], [-78.699584, 2.112361], [-78.69986, 2.112361], [-78.69986, 2.112639], [-78.700143, 2.112639], [-78.700143, 2.112917], [-78.700416, 2.112917], [-78.700416, 2.113195], [-78.700692, 2.113195], [-78.700692, 2.113471], [-78.701531, 2.113471], [-78.701531, 2.113195], [-78.701804, 2.113193], [-78.701804, 2.113749], [-78.702362, 2.113749], [-78.702362, 2.114027], [-78.702636, 2.114027], [-78.702636, 2.114583], [-78.702919, 2.114583], [-78.702919, 2.114861], [-78.703194, 2.114861], [-78.703194, 2.115418], [-78.703477, 2.115418], [-78.703477, 2.115971], [-78.70375, 2.115971], [-78.70375, 2.116806], [-78.704026, 2.116806], [-78.704026, 2.117362], [-78.704307, 2.117362], [-78.704307, 2.118194], [-78.704582, 2.118194], [-78.704582, 2.119028], [-78.704865, 2.119028], [-78.704865, 2.119584], [-78.705138, 2.119584], [-78.705138, 2.120416], [-78.705414, 2.120416], [-78.705414, 2.124306], [-78.705697, 2.124306], [-78.705697, 2.124862], [-78.705414, 2.12486], [-78.705414, 2.125972], [-78.705697, 2.125972], [-78.705697, 2.126806], [-78.70597, 2.126806], [-78.70597, 2.129029], [-78.706253, 2.129029], [-78.706253, 2.131251], [-78.706529, 2.131251], [-78.706529, 2.133473], [-78.706802, 2.133473], [-78.706802, 2.135695], [-78.707085, 2.135695], [-78.707085, 2.137083], [-78.707358, 2.137083], [-78.707358, 2.138195], [-78.707641, 2.138195], [-78.707641, 2.139305], [-78.707917, 2.139305], [-78.707917, 2.140417], [-78.70819, 2.140417], [-78.70819, 2.141527], [-78.708473, 2.141527], [-78.708473, 2.142083], [-78.709031, 2.142083], [-78.709031, 2.142361], [-78.708749, 2.142361], [-78.708749, 2.143193], [-78.709031, 2.143193], [-78.709031, 2.145418], [-78.709305, 2.145416], [-78.709305, 2.14625], [-78.709587, 2.14625], [-78.709587, 2.147916], [-78.709861, 2.147916], [-78.709861, 2.149028], [-78.710137, 2.149028], [-78.710137, 2.149306], [-78.710419, 2.149306], [-78.710419, 2.15014], [-78.710693, 2.150138], [-78.710693, 2.151806], [-78.710975, 2.151806], [-78.710975, 2.15375], [-78.711251, 2.15375], [-78.711251, 2.155416], [-78.711525, 2.155416], [-78.711525, 2.15736], [-78.710419, 2.15736], [-78.710419, 2.157639], [-78.710137, 2.157639], [-78.710137, 2.158195], [-78.709587, 2.158195], [-78.709587, 2.158751], [-78.709031, 2.158751], [-78.709031, 2.160139], [-78.709305, 2.160139], [-78.709305, 2.160417], [-78.709587, 2.160417], [-78.709587, 2.161529], [-78.709861, 2.161529], [-78.709861, 2.162361], [-78.708473, 2.162361], [-78.708473, 2.162639], [-78.707641, 2.162639], [-78.707641, 2.162917], [-78.706802, 2.162917], [-78.706802, 2.163195], [-78.707358, 2.163195], [-78.707358, 2.163473], [-78.707917, 2.163473], [-78.707917, 2.163751], [-78.708473, 2.163749], [-78.708473, 2.164027], [-78.70819, 2.164027], [-78.70819, 2.164305], [-78.707641, 2.164305], [-78.707641, 2.164583], [-78.707358, 2.164583], [-78.707358, 2.164861], [-78.707641, 2.164861], [-78.707641, 2.165417], [-78.707917, 2.165417], [-78.707917, 2.165973], [-78.708473, 2.165973], [-78.708473, 2.168195], [-78.708749, 2.168195], [-78.708749, 2.169583], [-78.709305, 2.169583], [-78.709305, 2.169862], [-78.709587, 2.169862], [-78.709587, 2.17014], [-78.710693, 2.17014], [-78.710693, 2.169305], [-78.710975, 2.169305], [-78.710975, 2.168471], [-78.711251, 2.168471], [-78.711251, 2.169027], [-78.711525, 2.169027], [-78.711525, 2.169583], [-78.711807, 2.169583], [-78.711807, 2.170693], [-78.711525, 2.170693], [-78.711525, 2.171806], [-78.711251, 2.171806], [-78.711251, 2.173194], [-78.710975, 2.173194], [-78.710975, 2.174862], [-78.710693, 2.174862], [-78.710693, 2.176806], [-78.710419, 2.176806], [-78.710419, 2.177084], [-78.710137, 2.177084], [-78.710137, 2.178194], [-78.709861, 2.178194], [-78.709861, 2.179028], [-78.709587, 2.179028], [-78.709587, 2.18014], [-78.709305, 2.180138], [-78.709305, 2.180972], [-78.709031, 2.180972], [-78.709031, 2.182085], [-78.708749, 2.182085], [-78.708749, 2.182916], [-78.708473, 2.182916], [-78.708473, 2.183751], [-78.70819, 2.183751], [-78.70819, 2.184861], [-78.707917, 2.184861], [-78.707917, 2.185695], [-78.707641, 2.185695], [-78.707641, 2.186805], [-78.707358, 2.186805], [-78.707358, 2.187361], [-78.707085, 2.187361], [-78.707085, 2.188195], [-78.706802, 2.188195], [-78.706802, 2.189027], [-78.706529, 2.189027], [-78.706529, 2.189583], [-78.706253, 2.189583], [-78.706253, 2.191251], [-78.70597, 2.191251], [-78.70597, 2.192639], [-78.705697, 2.192639], [-78.705697, 2.193195], [-78.704307, 2.193195], [-78.704307, 2.192917], [-78.704026, 2.192917], [-78.704026, 2.192361], [-78.70375, 2.192361], [-78.70375, 2.192083], [-78.703194, 2.192083], [-78.703194, 2.191805], [-78.702362, 2.191805], [-78.702362, 2.191527], [-78.700692, 2.191529], [-78.700692, 2.192361], [-78.700974, 2.192361], [-78.700974, 2.193473], [-78.700143, 2.193473], [-78.700143, 2.193751], [-78.699584, 2.193749], [-78.699584, 2.194027], [-78.698752, 2.194027], [-78.698752, 2.194305], [-78.697364, 2.194305], [-78.697364, 2.194583], [-78.697082, 2.194583], [-78.697082, 2.195139], [-78.696808, 2.195139], [-78.696808, 2.195417], [-78.696526, 2.195417], [-78.696526, 2.195696], [-78.696252, 2.195693], [-78.696252, 2.196249], [-78.695969, 2.196249], [-78.695969, 2.196527], [-78.695694, 2.196527], [-78.695694, 2.196805], [-78.69542, 2.196805], [-78.69542, 2.197362], [-78.695138, 2.197362], [-78.695138, 2.19764], [-78.694862, 2.19764], [-78.694862, 2.197918], [-78.694579, 2.197918], [-78.694579, 2.198472], [-78.694306, 2.198472], [-78.694306, 2.19875], [-78.69403, 2.19875], [-78.69403, 2.199306], [-78.69375, 2.199306], [-78.69375, 2.199862], [-78.693474, 2.199862], [-78.693474, 2.202916], [-78.693191, 2.202916], [-78.693191, 2.205972], [-78.693474, 2.205972], [-78.693474, 2.206528], [-78.69375, 2.206528], [-78.69375, 2.207082], [-78.69403, 2.207082], [-78.69403, 2.207638], [-78.694306, 2.207638], [-78.694306, 2.208194], [-78.694579, 2.208194], [-78.694579, 2.209028], [-78.694862, 2.209028], [-78.694862, 2.209582], [-78.695138, 2.209582], [-78.695138, 2.210138], [-78.69542, 2.210138], [-78.69542, 2.210695], [-78.695694, 2.210695], [-78.695694, 2.211529], [-78.69542, 2.211529], [-78.69542, 2.212361], [-78.694306, 2.212361], [-78.694306, 2.212639], [-78.693191, 2.212639], [-78.693191, 2.212917], [-78.692918, 2.212917], [-78.692918, 2.213473], [-78.692642, 2.213473], [-78.692642, 2.214029], [-78.692359, 2.214029], [-78.692359, 2.214583], [-78.692086, 2.214583], [-78.692086, 2.215139], [-78.691803, 2.215139], [-78.691803, 2.215695], [-78.691527, 2.215695], [-78.691527, 2.216251], [-78.691254, 2.216251], [-78.691254, 2.216805], [-78.690971, 2.216805], [-78.690971, 2.217361], [-78.690698, 2.217361], [-78.690698, 2.217917], [-78.690415, 2.217917], [-78.690415, 2.218751], [-78.690698, 2.218749], [-78.690698, 2.219305], [-78.690971, 2.219305], [-78.690971, 2.219861], [-78.691254, 2.219861], [-78.691254, 2.220417], [-78.691527, 2.220417], [-78.691527, 2.220973], [-78.691803, 2.220973], [-78.691803, 2.221527], [-78.692086, 2.221527], [-78.692086, 2.222083], [-78.692359, 2.222083], [-78.692359, 2.222361], [-78.692642, 2.222361], [-78.692642, 2.222918], [-78.692918, 2.222918], [-78.692918, 2.223193], [-78.693191, 2.223193], [-78.693191, 2.223471], [-78.692918, 2.223471], [-78.692918, 2.224027], [-78.692642, 2.224027], [-78.692642, 2.224584], [-78.692359, 2.224584], [-78.692359, 2.22514], [-78.692086, 2.22514], [-78.692086, 2.225694], [-78.691803, 2.225694], [-78.691803, 2.22625], [-78.691527, 2.22625], [-78.691527, 2.226806], [-78.691254, 2.226806], [-78.691254, 2.227362], [-78.690971, 2.227362], [-78.690971, 2.227916], [-78.690698, 2.227916], [-78.690698, 2.228472], [-78.690415, 2.228472], [-78.690415, 2.229028], [-78.690139, 2.229028], [-78.690139, 2.229306], [-78.689857, 2.229306], [-78.689857, 2.229584], [-78.689583, 2.229584], [-78.689583, 2.229862], [-78.689308, 2.229862], [-78.689308, 2.230416], [-78.689025, 2.230416], [-78.689025, 2.230694], [-78.688751, 2.230694], [-78.688751, 2.230972], [-78.688469, 2.230972], [-78.688469, 2.23125], [-78.688195, 2.23125], [-78.688195, 2.231528], [-78.68792, 2.231528], [-78.68792, 2.232084], [-78.687637, 2.232084], [-78.687637, 2.232362], [-78.687363, 2.232362], [-78.687363, 2.232638], [-78.687081, 2.232638], [-78.687081, 2.232916], [-78.686805, 2.232916], [-78.686805, 2.233194], [-78.686532, 2.233194], [-78.686532, 2.23375], [-78.686249, 2.23375], [-78.686249, 2.234028], [-78.685973, 2.234028], [-78.685973, 2.234306], [-78.685693, 2.234306], [-78.685693, 2.234862], [-78.685417, 2.23486], [-78.685417, 2.235416], [-78.685144, 2.235416], [-78.685144, 2.23625], [-78.684861, 2.23625], [-78.684861, 2.237082], [-78.684585, 2.237082], [-78.684585, 2.238195], [-78.684303, 2.238195], [-78.684303, 2.239029], [-78.684029, 2.239026], [-78.684029, 2.239861], [-78.683746, 2.239861], [-78.683746, 2.240695], [-78.683471, 2.240695], [-78.683471, 2.241529], [-78.683197, 2.241529], [-78.683197, 2.242639], [-78.682915, 2.242639], [-78.682915, 2.243473], [-78.682641, 2.243473], [-78.682641, 2.244029], [-78.682358, 2.244027], [-78.682358, 2.244305], [-78.682083, 2.244305], [-78.682083, 2.244583], [-78.681809, 2.244583], [-78.681809, 2.244861], [-78.681527, 2.244861], [-78.681527, 2.245139], [-78.681251, 2.245139], [-78.681251, 2.245417], [-78.680968, 2.245417], [-78.680968, 2.245695], [-78.680695, 2.245695], [-78.680695, 2.245973], [-78.680419, 2.245973], [-78.680419, 2.246251], [-78.680139, 2.246249], [-78.680139, 2.246527], [-78.67958, 2.246527], [-78.67958, 2.245973], [-78.679307, 2.245973], [-78.679307, 2.244861], [-78.679031, 2.244861], [-78.679031, 2.244305], [-78.678748, 2.244305], [-78.678748, 2.243751], [-78.678475, 2.243751], [-78.678475, 2.243473], [-78.678192, 2.243473], [-78.678192, 2.243195], [-78.677916, 2.243195], [-78.677916, 2.242639], [-78.677636, 2.242639], [-78.677636, 2.242361], [-78.67736, 2.242361], [-78.67736, 2.242083], [-78.676804, 2.242083], [-78.676804, 2.241805], [-78.676246, 2.241805], [-78.676246, 2.241527], [-78.675972, 2.241529], [-78.675972, 2.241251], [-78.675414, 2.241251], [-78.675414, 2.240973], [-78.674858, 2.240973], [-78.674858, 2.240695], [-78.673194, 2.240695], [-78.673194, 2.240417], [-78.670692, 2.240417], [-78.670692, 2.240139], [-78.668198, 2.240139], [-78.668198, 2.240417], [-78.66681, 2.240417], [-78.66681, 2.240139], [-78.666252, 2.240139], [-78.666252, 2.239861], [-78.665969, 2.239861], [-78.665969, 2.239583], [-78.665696, 2.239583], [-78.665696, 2.239305], [-78.664581, 2.239305], [-78.664581, 2.239029], [-78.664025, 2.239029], [-78.664025, 2.238751], [-78.663749, 2.238751], [-78.663749, 2.238473], [-78.663193, 2.238473], [-78.663193, 2.238195], [-78.662917, 2.238195], [-78.662917, 2.237917], [-78.662635, 2.237917], [-78.662635, 2.237638], [-78.662361, 2.237638], [-78.662361, 2.23736], [-78.662086, 2.23736], [-78.662086, 2.236804], [-78.661805, 2.236804], [-78.661805, 2.23625], [-78.661529, 2.23625], [-78.661529, 2.235694], [-78.661247, 2.235694], [-78.661247, 2.23486], [-78.660973, 2.234862], [-78.660973, 2.233472], [-78.661247, 2.233472], [-78.661247, 2.232362], [-78.661529, 2.232362], [-78.661529, 2.231806], [-78.661805, 2.231806], [-78.661805, 2.23125], [-78.662086, 2.23125], [-78.662086, 2.230972], [-78.662361, 2.230972], [-78.662361, 2.230416], [-78.662635, 2.230416], [-78.662635, 2.229862], [-78.662917, 2.229862], [-78.662917, 2.227916], [-78.662361, 2.227916], [-78.662361, 2.228194], [-78.661805, 2.228194], [-78.661805, 2.22875], [-78.661247, 2.22875], [-78.661247, 2.229306], [-78.660973, 2.229306], [-78.660973, 2.229584], [-78.660698, 2.229584], [-78.660698, 2.229862], [-78.660415, 2.229862], [-78.660415, 2.230694], [-78.660141, 2.230694], [-78.660141, 2.231528], [-78.659859, 2.231528], [-78.659859, 2.232916], [-78.659583, 2.232916], [-78.659583, 2.235138], [-78.659859, 2.235138], [-78.659859, 2.236529], [-78.660141, 2.236529], [-78.660141, 2.236804], [-78.660415, 2.236804], [-78.660415, 2.23736], [-78.660698, 2.23736], [-78.660698, 2.237917], [-78.660973, 2.237917], [-78.660973, 2.238195], [-78.661247, 2.238195], [-78.661247, 2.238751], [-78.661805, 2.238751], [-78.661805, 2.239029], [-78.662361, 2.239029], [-78.662361, 2.239305], [-78.662635, 2.239305], [-78.662635, 2.239583], [-78.663193, 2.239583], [-78.663193, 2.239861], [-78.663476, 2.239861], [-78.663476, 2.240139], [-78.664581, 2.240139], [-78.664581, 2.240417], [-78.665137, 2.240417], [-78.665137, 2.240973], [-78.665413, 2.240973], [-78.665413, 2.241251], [-78.665696, 2.241251], [-78.665696, 2.241529], [-78.666252, 2.241527], [-78.666252, 2.242083], [-78.666528, 2.242083], [-78.666528, 2.242361], [-78.667084, 2.242361], [-78.667084, 2.242639], [-78.667359, 2.242639], [-78.667359, 2.242917], [-78.66764, 2.242917], [-78.66764, 2.243473], [-78.668198, 2.243473], [-78.668198, 2.243751], [-78.66903, 2.243751], [-78.66903, 2.244029], [-78.669304, 2.244027], [-78.669304, 2.244305], [-78.669862, 2.244305], [-78.669862, 2.244583], [-78.670135, 2.244583], [-78.670135, 2.244861], [-78.670692, 2.244861], [-78.670692, 2.245139], [-78.670974, 2.245139], [-78.670974, 2.245973], [-78.670692, 2.245973], [-78.670692, 2.247361], [-78.670418, 2.247361], [-78.670418, 2.248195], [-78.670135, 2.248193], [-78.670135, 2.248749], [-78.669862, 2.248749], [-78.669862, 2.249305], [-78.669304, 2.249305], [-78.669304, 2.249027], [-78.668747, 2.249027], [-78.668747, 2.248749], [-78.668472, 2.248749], [-78.668472, 2.248471], [-78.667359, 2.248471], [-78.667359, 2.248749], [-78.666528, 2.248749], [-78.666528, 2.249027], [-78.665969, 2.249027], [-78.665969, 2.249583], [-78.665696, 2.249583], [-78.665696, 2.250418], [-78.665969, 2.250418], [-78.665969, 2.250971], [-78.666252, 2.250971], [-78.666252, 2.251249], [-78.666528, 2.251249], [-78.666528, 2.251528], [-78.66681, 2.251528], [-78.66681, 2.252084], [-78.667084, 2.252084], [-78.667084, 2.253194], [-78.666528, 2.253194], [-78.666528, 2.252916], [-78.665696, 2.252916], [-78.665696, 2.25264], [-78.664864, 2.25264], [-78.664864, 2.252362], [-78.663749, 2.252362], [-78.663749, 2.252084], [-78.662917, 2.252084], [-78.662917, 2.251806], [-78.662086, 2.251806], [-78.662086, 2.251528], [-78.661529, 2.251528], [-78.661529, 2.251249], [-78.659027, 2.251249], [-78.659027, 2.250971], [-78.656807, 2.250971], [-78.656807, 2.250696], [-78.655975, 2.250696], [-78.655975, 2.250418], [-78.655419, 2.250418], [-78.655419, 2.25014], [-78.655136, 2.25014], [-78.655136, 2.249861], [-78.654587, 2.249861], [-78.654587, 2.249583], [-78.654029, 2.249583], [-78.654029, 2.249305], [-78.653473, 2.249305], [-78.653473, 2.249583], [-78.652917, 2.249583], [-78.652917, 2.249861], [-78.652641, 2.249861], [-78.652641, 2.251528], [-78.652358, 2.251528], [-78.652358, 2.252084], [-78.651802, 2.252084], [-78.651802, 2.252362], [-78.651253, 2.252362], [-78.651253, 2.25264], [-78.65097, 2.25264], [-78.65097, 2.253194], [-78.650414, 2.253194], [-78.650414, 2.254584], [-78.650138, 2.254584], [-78.650138, 2.254862], [-78.650414, 2.254862], [-78.650414, 2.25514], [-78.651802, 2.25514], [-78.651802, 2.254862], [-78.652358, 2.254862], [-78.652358, 2.254584], [-78.652917, 2.254584], [-78.652917, 2.254306], [-78.653199, 2.254306], [-78.653199, 2.254584], [-78.653473, 2.254584], [-78.653473, 2.254306], [-78.653748, 2.254306], [-78.653748, 2.254584], [-78.654861, 2.254584], [-78.654861, 2.254306], [-78.655419, 2.254306], [-78.655419, 2.254862], [-78.655975, 2.254862], [-78.655975, 2.25514], [-78.656251, 2.25514], [-78.656251, 2.255694], [-78.656524, 2.255694], [-78.656524, 2.25625], [-78.657363, 2.25625], [-78.657363, 2.256528], [-78.658471, 2.256528], [-78.658471, 2.256806], [-78.658753, 2.256806], [-78.658753, 2.257362], [-78.659303, 2.257362], [-78.659303, 2.25764], [-78.659859, 2.25764], [-78.659859, 2.257916], [-78.660141, 2.257916], [-78.660141, 2.258194], [-78.660415, 2.258194], [-78.660415, 2.25875], [-78.660698, 2.25875], [-78.660698, 2.259028], [-78.660973, 2.259028], [-78.660973, 2.259584], [-78.661247, 2.259584], [-78.661247, 2.260138], [-78.661529, 2.260138], [-78.661529, 2.260694], [-78.661805, 2.260694], [-78.661805, 2.260972], [-78.662086, 2.260972], [-78.662086, 2.261806], [-78.662361, 2.261806], [-78.662361, 2.262638], [-78.662635, 2.262638], [-78.662635, 2.263194], [-78.663193, 2.263194], [-78.663193, 2.263472], [-78.663476, 2.263472], [-78.663476, 2.264029], [-78.663749, 2.264029], [-78.663749, 2.264582], [-78.664025, 2.264582], [-78.664025, 2.265417], [-78.664308, 2.265417], [-78.664308, 2.265973], [-78.664581, 2.265973], [-78.664581, 2.266529], [-78.664864, 2.266529], [-78.664864, 2.267083], [-78.665137, 2.267083], [-78.665137, 2.267917], [-78.665413, 2.267917], [-78.665413, 2.268473], [-78.665696, 2.268473], [-78.665696, 2.269027], [-78.665969, 2.269027], [-78.665969, 2.269583], [-78.666252, 2.269583], [-78.666252, 2.270417], [-78.666528, 2.270417], [-78.666528, 2.272639], [-78.666252, 2.272639], [-78.666252, 2.275139], [-78.665969, 2.275139], [-78.665969, 2.276249], [-78.665696, 2.276249], [-78.665696, 2.277362], [-78.665413, 2.277362], [-78.665413, 2.278471], [-78.665137, 2.278471], [-78.665137, 2.279028], [-78.664864, 2.279028], [-78.664864, 2.279306], [-78.664308, 2.279306], [-78.664308, 2.279584], [-78.664581, 2.279584], [-78.664581, 2.279862], [-78.664025, 2.279862], [-78.664025, 2.28014], [-78.663749, 2.28014], [-78.663749, 2.280418], [-78.663476, 2.280418], [-78.663476, 2.280694], [-78.663193, 2.280694], [-78.663193, 2.280972], [-78.662917, 2.280972], [-78.662917, 2.28125], [-78.662635, 2.28125], [-78.662635, 2.281528], [-78.662086, 2.281528], [-78.662086, 2.281806], [-78.661805, 2.281806], [-78.661805, 2.282084], [-78.661529, 2.282084], [-78.661529, 2.282362], [-78.661247, 2.282362], [-78.661247, 2.283194], [-78.660698, 2.283194], [-78.660698, 2.283472], [-78.660141, 2.283472], [-78.660141, 2.28375], [-78.659859, 2.28375], [-78.659859, 2.284028], [-78.659583, 2.284028], [-78.659583, 2.284306], [-78.659303, 2.284306], [-78.659303, 2.284584], [-78.658753, 2.284584], [-78.658753, 2.284862], [-78.658471, 2.284862], [-78.658471, 2.28514], [-78.657912, 2.285138], [-78.657912, 2.285416], [-78.657363, 2.285416], [-78.657363, 2.285694], [-78.657081, 2.285694], [-78.657081, 2.285972], [-78.656524, 2.285972], [-78.656524, 2.28625], [-78.656251, 2.28625], [-78.656251, 2.286528], [-78.655975, 2.286528], [-78.655975, 2.286806], [-78.655693, 2.286806], [-78.655693, 2.287084], [-78.655136, 2.287084], [-78.655136, 2.287362], [-78.654861, 2.287362], [-78.654861, 2.28764], [-78.654305, 2.287638], [-78.654305, 2.287916], [-78.654029, 2.287916], [-78.654029, 2.288194], [-78.653748, 2.288194], [-78.653748, 2.288472], [-78.653199, 2.288472], [-78.653199, 2.28875], [-78.652917, 2.28875], [-78.652917, 2.289028], [-78.652641, 2.289028], [-78.652641, 2.289306], [-78.652358, 2.289306], [-78.652358, 2.289585], [-78.652085, 2.289582], [-78.652085, 2.290138], [-78.651802, 2.290138], [-78.651802, 2.290694], [-78.651526, 2.290694], [-78.651526, 2.290973], [-78.651253, 2.290973], [-78.651253, 2.291529], [-78.65097, 2.291529], [-78.65097, 2.291804], [-78.650697, 2.291804], [-78.650697, 2.292361], [-78.650414, 2.292361], [-78.650414, 2.292917], [-78.650138, 2.292917], [-78.650138, 2.293195], [-78.649865, 2.293195], [-78.649865, 2.293751], [-78.649582, 2.293751], [-78.649582, 2.294029], [-78.649306, 2.294029], [-78.649306, 2.294583], [-78.649026, 2.294583], [-78.649026, 2.295139], [-78.64875, 2.295139], [-78.64875, 2.295695], [-78.648475, 2.295695], [-78.648475, 2.296251], [-78.648194, 2.296251], [-78.648194, 2.296805], [-78.647918, 2.296805], [-78.647918, 2.297361], [-78.647636, 2.297361], [-78.647636, 2.297917], [-78.647362, 2.297917], [-78.647362, 2.298473], [-78.647087, 2.298473], [-78.647087, 2.299305], [-78.646804, 2.299305], [-78.646804, 2.299861], [-78.64653, 2.299861], [-78.64653, 2.300417], [-78.646248, 2.300417], [-78.646248, 2.300971], [-78.645974, 2.300971], [-78.645974, 2.301527], [-78.645692, 2.301527], [-78.645692, 2.302083], [-78.645416, 2.302083], [-78.645416, 2.302639], [-78.645142, 2.302639], [-78.645142, 2.303471], [-78.64486, 2.303471], [-78.64486, 2.304027], [-78.644584, 2.304027], [-78.644584, 2.304584], [-78.644301, 2.304584], [-78.644301, 2.30514], [-78.644028, 2.30514], [-78.644028, 2.305693], [-78.643752, 2.305693], [-78.643752, 2.30625], [-78.643472, 2.30625], [-78.643472, 2.307084], [-78.643196, 2.307084], [-78.643196, 2.30764], [-78.642913, 2.30764], [-78.642913, 2.308194], [-78.64264, 2.308194], [-78.64264, 2.30875], [-78.642364, 2.30875], [-78.642364, 2.309306], [-78.642082, 2.309306], [-78.642082, 2.309862], [-78.641808, 2.309862], [-78.641808, 2.310416], [-78.641525, 2.310416], [-78.641525, 2.310972], [-78.64125, 2.310972], [-78.64125, 2.311528], [-78.640976, 2.311528], [-78.640976, 2.312084], [-78.640694, 2.312084], [-78.640694, 2.31264], [-78.64042, 2.312638], [-78.64042, 2.313194], [-78.640137, 2.313194], [-78.640137, 2.31375], [-78.639862, 2.31375], [-78.639862, 2.314306], [-78.639579, 2.314306], [-78.639579, 2.314862], [-78.639306, 2.31486], [-78.639306, 2.315416], [-78.63903, 2.315416], [-78.63903, 2.315972], [-78.638747, 2.315972], [-78.638747, 2.316528], [-78.638474, 2.316528], [-78.638474, 2.317082], [-78.638191, 2.317082], [-78.638191, 2.317638], [-78.637918, 2.317638], [-78.637918, 2.317916], [-78.637642, 2.317916], [-78.637642, 2.318473], [-78.637359, 2.318473], [-78.637359, 2.318751], [-78.637086, 2.318751], [-78.637086, 2.319307], [-78.636803, 2.319307], [-78.636803, 2.319583], [-78.636527, 2.319583], [-78.636527, 2.320139], [-78.636254, 2.320139], [-78.636254, 2.320695], [-78.635695, 2.320695], [-78.635695, 2.320417], [-78.635415, 2.320417], [-78.635415, 2.320139], [-78.635139, 2.320139], [-78.635139, 2.319583], [-78.635415, 2.319583], [-78.635415, 2.318473], [-78.635695, 2.318473], [-78.635695, 2.316804], [-78.635971, 2.316807], [-78.635971, 2.315694], [-78.636254, 2.315694], [-78.636254, 2.315138], [-78.636527, 2.315138], [-78.636527, 2.314306], [-78.636803, 2.314306], [-78.636803, 2.313194], [-78.637086, 2.313194], [-78.637086, 2.312638], [-78.637359, 2.31264], [-78.637359, 2.311528], [-78.637642, 2.311528], [-78.637642, 2.310972], [-78.637918, 2.310972], [-78.637918, 2.310694], [-78.637642, 2.310694], [-78.637642, 2.310416], [-78.637918, 2.310416], [-78.637918, 2.309306], [-78.638191, 2.309306], [-78.638191, 2.30875], [-78.637918, 2.30875], [-78.637918, 2.308472], [-78.638191, 2.308472], [-78.638191, 2.307916], [-78.638474, 2.307916], [-78.638474, 2.30625], [-78.638191, 2.30625], [-78.638191, 2.305415], [-78.637918, 2.305418], [-78.637918, 2.304305], [-78.637642, 2.304305], [-78.637642, 2.303471], [-78.637359, 2.303471], [-78.637359, 2.302917], [-78.637086, 2.302917], [-78.637086, 2.302361], [-78.636803, 2.302361], [-78.636803, 2.300417], [-78.636527, 2.300417], [-78.636527, 2.299861], [-78.636254, 2.299861], [-78.636254, 2.299305], [-78.635139, 2.299305], [-78.635139, 2.299861], [-78.635415, 2.299861], [-78.635415, 2.300417], [-78.635695, 2.300417], [-78.635695, 2.300971], [-78.635971, 2.300971], [-78.635971, 2.301249], [-78.636254, 2.301249], [-78.636254, 2.301805], [-78.636527, 2.301805], [-78.636527, 2.302639], [-78.636803, 2.302639], [-78.636803, 2.303471], [-78.637086, 2.303471], [-78.637086, 2.304584], [-78.637359, 2.304584], [-78.637359, 2.305972], [-78.637642, 2.305972], [-78.637642, 2.308472], [-78.637359, 2.308472], [-78.637359, 2.309306], [-78.636803, 2.309306], [-78.636803, 2.308472], [-78.636527, 2.308472], [-78.636527, 2.30875], [-78.636254, 2.30875], [-78.636254, 2.309028], [-78.635971, 2.309028], [-78.635971, 2.309306], [-78.635415, 2.309306], [-78.635415, 2.30875], [-78.635139, 2.30875], [-78.635139, 2.308194], [-78.634866, 2.308194], [-78.634866, 2.30764], [-78.634583, 2.30764], [-78.634583, 2.307084], [-78.634307, 2.307084], [-78.634307, 2.306806], [-78.634025, 2.306806], [-78.634025, 2.30625], [-78.633751, 2.30625], [-78.633751, 2.305972], [-78.633469, 2.305972], [-78.633469, 2.304862], [-78.633193, 2.304862], [-78.633193, 2.303471], [-78.632919, 2.303471], [-78.632919, 2.301805], [-78.633193, 2.301805], [-78.633193, 2.300417], [-78.633469, 2.300417], [-78.633469, 2.299861], [-78.632637, 2.299861], [-78.632637, 2.300417], [-78.632363, 2.300417], [-78.632363, 2.300971], [-78.632081, 2.300971], [-78.632081, 2.302361], [-78.631805, 2.302361], [-78.631805, 2.304584], [-78.632081, 2.304584], [-78.632081, 2.305418], [-78.632363, 2.305418], [-78.632363, 2.305972], [-78.632637, 2.305972], [-78.632637, 2.30764], [-78.632919, 2.30764], [-78.632919, 2.308472], [-78.633193, 2.308472], [-78.633193, 2.309028], [-78.633469, 2.309028], [-78.633469, 2.309584], [-78.633751, 2.309584], [-78.633751, 2.309862], [-78.633469, 2.309862], [-78.633469, 2.31014], [-78.633751, 2.31014], [-78.633751, 2.310694], [-78.634025, 2.310694], [-78.634025, 2.310972], [-78.634307, 2.310972], [-78.634307, 2.311528], [-78.634025, 2.311528], [-78.634025, 2.31375], [-78.633751, 2.31375], [-78.633751, 2.315972], [-78.633469, 2.315972], [-78.633469, 2.31736], [-78.633193, 2.31736], [-78.633193, 2.317638], [-78.632919, 2.317638], [-78.632919, 2.318195], [-78.632637, 2.318195], [-78.632637, 2.319029], [-78.632363, 2.319029], [-78.632363, 2.319583], [-78.631805, 2.319583], [-78.631805, 2.319861], [-78.631249, 2.319861], [-78.631249, 2.320139], [-78.630973, 2.320139], [-78.630973, 2.320417], [-78.630417, 2.320417], [-78.630417, 2.320695], [-78.630141, 2.320695], [-78.630141, 2.320973], [-78.629861, 2.320973], [-78.629861, 2.321527], [-78.629585, 2.321527], [-78.629585, 2.322083], [-78.629302, 2.322083], [-78.629302, 2.323195], [-78.629029, 2.323195], [-78.629029, 2.324305], [-78.628753, 2.324305], [-78.628753, 2.325139], [-78.628471, 2.325139], [-78.628471, 2.325695], [-78.628197, 2.325695], [-78.628197, 2.325973], [-78.627914, 2.325973], [-78.627914, 2.326529], [-78.627639, 2.326527], [-78.627639, 2.327083], [-78.627358, 2.327083], [-78.627358, 2.328195], [-78.627083, 2.328195], [-78.627083, 2.328751], [-78.626809, 2.328749], [-78.626809, 2.329583], [-78.626526, 2.329583], [-78.626526, 2.330418], [-78.625968, 2.330418], [-78.625968, 2.330696], [-78.625695, 2.330693], [-78.625695, 2.331249], [-78.625138, 2.331249], [-78.625138, 2.331527], [-78.624863, 2.331527], [-78.624863, 2.331806], [-78.62458, 2.331806], [-78.62458, 2.332084], [-78.624307, 2.332084], [-78.624307, 2.332362], [-78.624031, 2.332362], [-78.624031, 2.33264], [-78.623748, 2.33264], [-78.623748, 2.332918], [-78.623475, 2.332915], [-78.623475, 2.33375], [-78.623192, 2.33375], [-78.623192, 2.334028], [-78.622916, 2.334028], [-78.622916, 2.334584], [-78.622643, 2.334584], [-78.622643, 2.334862], [-78.62236, 2.334862], [-78.62236, 2.33514], [-78.622087, 2.33514], [-78.622087, 2.335972], [-78.621804, 2.335972], [-78.621804, 2.336528], [-78.621528, 2.336528], [-78.621528, 2.337084], [-78.621246, 2.337084], [-78.621246, 2.33764], [-78.620972, 2.33764], [-78.620972, 2.33875], [-78.620696, 2.33875], [-78.620696, 2.339028], [-78.620972, 2.339028], [-78.620972, 2.339584], [-78.620696, 2.339584], [-78.620696, 2.339862], [-78.620414, 2.339862], [-78.620414, 2.34236], [-78.62014, 2.34236], [-78.62014, 2.343472], [-78.619584, 2.343472], [-78.619584, 2.344307], [-78.619308, 2.344307], [-78.619308, 2.345695], [-78.619026, 2.345695], [-78.619026, 2.345973], [-78.618752, 2.345973], [-78.618752, 2.346251], [-78.61847, 2.346251], [-78.61847, 2.346805], [-78.61792, 2.346805], [-78.61792, 2.347083], [-78.617638, 2.347083], [-78.617638, 2.347361], [-78.617082, 2.347361], [-78.617082, 2.347639], [-78.616532, 2.347639], [-78.616532, 2.347917], [-78.615974, 2.347917], [-78.615974, 2.348195], [-78.615691, 2.348195], [-78.615691, 2.349029], [-78.615974, 2.349029], [-78.615974, 2.349861], [-78.61625, 2.349861], [-78.61625, 2.350417], [-78.616532, 2.350417], [-78.616532, 2.352361], [-78.616806, 2.352361], [-78.616806, 2.355139], [-78.616532, 2.355139], [-78.616532, 2.35764], [-78.61625, 2.35764], [-78.61625, 2.358193], [-78.615974, 2.358193], [-78.615974, 2.358471], [-78.615691, 2.358471], [-78.615691, 2.359028], [-78.615418, 2.359028], [-78.615418, 2.359584], [-78.615135, 2.359584], [-78.615135, 2.360418], [-78.61486, 2.360416], [-78.61486, 2.360972], [-78.614586, 2.360972], [-78.614586, 2.36125], [-78.614303, 2.36125], [-78.614303, 2.361806], [-78.613472, 2.361806], [-78.613472, 2.361528], [-78.61264, 2.361528], [-78.61264, 2.360972], [-78.612084, 2.360972], [-78.612084, 2.360694], [-78.610969, 2.360694], [-78.610969, 2.36014], [-78.609864, 2.36014], [-78.609864, 2.359862], [-78.609025, 2.359862], [-78.609025, 2.359584], [-78.608193, 2.359584], [-78.608193, 2.359306], [-78.607635, 2.359306], [-78.607635, 2.359028], [-78.606803, 2.359028], [-78.606803, 2.358749], [-78.606247, 2.358749], [-78.606247, 2.358471], [-78.605697, 2.358471], [-78.605697, 2.358193], [-78.605415, 2.358193], [-78.605415, 2.357918], [-78.602639, 2.357918], [-78.602639, 2.358193], [-78.602363, 2.358193], [-78.602363, 2.358471], [-78.601807, 2.358471], [-78.601807, 2.358749], [-78.601524, 2.358749], [-78.601524, 2.359028], [-78.601251, 2.359028], [-78.601251, 2.359306], [-78.600136, 2.359306], [-78.600136, 2.359584], [-78.599861, 2.359584], [-78.599861, 2.359862], [-78.599029, 2.359862], [-78.599029, 2.36014], [-78.598473, 2.36014], [-78.598473, 2.360694], [-78.598199, 2.360694], [-78.598199, 2.360972], [-78.597916, 2.360972], [-78.597916, 2.36125], [-78.597641, 2.36125], [-78.597641, 2.361528], [-78.597085, 2.361528], [-78.597085, 2.361806], [-78.596565, 2.361806], [-78.59597, 2.361806], [-78.59597, 2.361528], [-78.595697, 2.361528], [-78.595697, 2.36125], [-78.595414, 2.36125], [-78.595414, 2.360972], [-78.595138, 2.360972], [-78.595138, 2.360694], [-78.594582, 2.360694], [-78.594582, 2.360972], [-78.594306, 2.360972], [-78.594306, 2.361528], [-78.594865, 2.361528], [-78.594865, 2.362084], [-78.595138, 2.362084], [-78.595138, 2.362362], [-78.595414, 2.362362], [-78.595414, 2.363194], [-78.59597, 2.363194], [-78.59597, 2.363472], [-78.596526, 2.363472], [-78.596526, 2.363194], [-78.596802, 2.363194], [-78.596802, 2.362916], [-78.597085, 2.362916], [-78.597085, 2.36264], [-78.597358, 2.36264], [-78.597358, 2.362362], [-78.598199, 2.362362], [-78.598199, 2.361806], [-78.598748, 2.361806], [-78.598748, 2.361528], [-78.599029, 2.361528], [-78.599029, 2.36125], [-78.599304, 2.36125], [-78.599304, 2.360972], [-78.599587, 2.360972], [-78.599587, 2.360416], [-78.600136, 2.360418], [-78.600136, 2.36014], [-78.600419, 2.36014], [-78.600419, 2.359862], [-78.600692, 2.359862], [-78.600692, 2.359584], [-78.601524, 2.359584], [-78.601524, 2.359306], [-78.602639, 2.359306], [-78.602639, 2.359028], [-78.602912, 2.359028], [-78.602912, 2.358749], [-78.603471, 2.358749], [-78.603471, 2.359028], [-78.603751, 2.359028], [-78.603751, 2.359306], [-78.604027, 2.359306], [-78.604027, 2.359584], [-78.604309, 2.359584], [-78.604309, 2.36014], [-78.604859, 2.36014], [-78.604859, 2.360418], [-78.605141, 2.360418], [-78.605141, 2.360694], [-78.605697, 2.360694], [-78.605697, 2.360972], [-78.605973, 2.360972], [-78.605973, 2.36125], [-78.606529, 2.36125], [-78.606529, 2.361528], [-78.607361, 2.361528], [-78.607361, 2.361806], [-78.607917, 2.361806], [-78.607917, 2.362084], [-78.608476, 2.362084], [-78.608476, 2.362362], [-78.609025, 2.362362], [-78.609025, 2.36264], [-78.609864, 2.36264], [-78.609864, 2.362916], [-78.61042, 2.362916], [-78.61042, 2.363194], [-78.610696, 2.363194], [-78.610696, 2.363472], [-78.611527, 2.363472], [-78.611527, 2.36375], [-78.611808, 2.36375], [-78.611808, 2.364028], [-78.612084, 2.364028], [-78.612084, 2.364306], [-78.61264, 2.364306], [-78.61264, 2.364584], [-78.613198, 2.364584], [-78.613198, 2.364862], [-78.613472, 2.364862], [-78.613472, 2.36514], [-78.61403, 2.365138], [-78.61403, 2.365416], [-78.614303, 2.365416], [-78.614303, 2.36625], [-78.614586, 2.36625], [-78.614586, 2.366528], [-78.61486, 2.366528], [-78.61486, 2.368194], [-78.615135, 2.368194], [-78.615135, 2.369028], [-78.615418, 2.369028], [-78.615418, 2.369584], [-78.615691, 2.369584], [-78.615691, 2.36986], [-78.61625, 2.36986], [-78.61625, 2.368472], [-78.615974, 2.368472], [-78.615974, 2.366806], [-78.616806, 2.366806], [-78.616806, 2.367084], [-78.617082, 2.367084], [-78.617082, 2.36764], [-78.617362, 2.367638], [-78.617362, 2.368194], [-78.617638, 2.368194], [-78.617638, 2.368472], [-78.61792, 2.368472], [-78.61792, 2.369306], [-78.618194, 2.369306], [-78.618194, 2.370138], [-78.61847, 2.370138], [-78.61847, 2.370694], [-78.618752, 2.370694], [-78.618752, 2.370972], [-78.619026, 2.370972], [-78.619026, 2.371251], [-78.619308, 2.371251], [-78.619308, 2.372917], [-78.619584, 2.372917], [-78.619584, 2.375695], [-78.619308, 2.375695], [-78.619308, 2.376251], [-78.619026, 2.376251], [-78.619026, 2.376805], [-78.619858, 2.376805], [-78.619858, 2.377083], [-78.619584, 2.377083], [-78.619584, 2.377639], [-78.619308, 2.377639], [-78.619308, 2.377917], [-78.619026, 2.377917], [-78.619026, 2.378195], [-78.618752, 2.378195], [-78.618752, 2.378473], [-78.61847, 2.378473], [-78.61847, 2.378751], [-78.618194, 2.378751], [-78.618194, 2.379305], [-78.61792, 2.379305], [-78.61792, 2.379583], [-78.617638, 2.379583], [-78.617638, 2.379861], [-78.617362, 2.379861], [-78.617362, 2.380139], [-78.617082, 2.380139], [-78.617082, 2.380417], [-78.616806, 2.380417], [-78.616806, 2.380695], [-78.616532, 2.380695], [-78.616532, 2.380973], [-78.61625, 2.380973], [-78.61625, 2.381251], [-78.615974, 2.381249], [-78.615974, 2.381527], [-78.615691, 2.381527], [-78.615691, 2.381805], [-78.615418, 2.381805], [-78.615418, 2.382361], [-78.615135, 2.382361], [-78.615135, 2.382639], [-78.61486, 2.382639], [-78.61486, 2.382917], [-78.614586, 2.382917], [-78.614586, 2.383195], [-78.614303, 2.383195], [-78.614303, 2.383471], [-78.61403, 2.383471], [-78.61403, 2.383749], [-78.613747, 2.383749], [-78.613747, 2.384027], [-78.613472, 2.384027], [-78.613472, 2.384305], [-78.613198, 2.384305], [-78.613198, 2.384862], [-78.612915, 2.384862], [-78.612915, 2.38514], [-78.61264, 2.38514], [-78.61264, 2.385418], [-78.612357, 2.385418], [-78.612357, 2.385693], [-78.61264, 2.385693], [-78.61264, 2.385971], [-78.612357, 2.385971], [-78.612357, 2.38625], [-78.612084, 2.38625], [-78.612084, 2.386528], [-78.611527, 2.386528], [-78.611527, 2.386806], [-78.611252, 2.386806], [-78.611252, 2.387362], [-78.610696, 2.387362], [-78.610696, 2.38764], [-78.608749, 2.38764], [-78.608749, 2.385971], [-78.608476, 2.385971], [-78.608476, 2.385693], [-78.607635, 2.385693], [-78.607635, 2.385418], [-78.606529, 2.385418], [-78.606529, 2.38514], [-78.605697, 2.38514], [-78.605697, 2.384862], [-78.605141, 2.384862], [-78.605141, 2.386528], [-78.605415, 2.386528], [-78.605415, 2.386806], [-78.605697, 2.386806], [-78.605697, 2.387362], [-78.605973, 2.387362], [-78.605973, 2.38764], [-78.606247, 2.38764], [-78.606247, 2.387916], [-78.605973, 2.387916], [-78.605973, 2.388472], [-78.605697, 2.388472], [-78.605697, 2.389028], [-78.605415, 2.389028], [-78.605415, 2.389584], [-78.605141, 2.389584], [-78.605141, 2.389862], [-78.604859, 2.389862], [-78.604859, 2.39014], [-78.604583, 2.39014], [-78.604583, 2.390694], [-78.604309, 2.390694], [-78.604309, 2.390972], [-78.604027, 2.390972], [-78.604027, 2.39125], [-78.603751, 2.39125], [-78.603751, 2.392362], [-78.604027, 2.392362], [-78.604027, 2.39264], [-78.604309, 2.39264], [-78.604309, 2.39375], [-78.604027, 2.39375], [-78.604027, 2.394306], [-78.603751, 2.394306], [-78.603751, 2.395138], [-78.603471, 2.395138], [-78.603471, 2.395972], [-78.603195, 2.395972], [-78.603195, 2.396528], [-78.602912, 2.396528], [-78.602912, 2.396806], [-78.602639, 2.396806], [-78.602639, 2.397082], [-78.602363, 2.397082], [-78.602363, 2.397638], [-78.60208, 2.397638], [-78.60208, 2.397916], [-78.601807, 2.397916], [-78.601807, 2.398194], [-78.601524, 2.398194], [-78.601524, 2.398473], [-78.601251, 2.398473], [-78.601251, 2.399029], [-78.600975, 2.399029], [-78.600975, 2.399307], [-78.600692, 2.399307], [-78.600692, 2.399582], [-78.600419, 2.399582], [-78.600419, 2.400139], [-78.600136, 2.400139], [-78.600136, 2.400695], [-78.599861, 2.400695], [-78.599861, 2.400973], [-78.599587, 2.400973], [-78.599587, 2.401529], [-78.599304, 2.401529], [-78.599304, 2.402083], [-78.599029, 2.402083], [-78.599029, 2.402361], [-78.598748, 2.402361], [-78.598748, 2.402917], [-78.598473, 2.402917], [-78.598473, 2.403473], [-78.598199, 2.403473], [-78.598199, 2.404027], [-78.597916, 2.404027], [-78.597916, 2.404305], [-78.597641, 2.404305], [-78.597641, 2.404861], [-78.597358, 2.404861], [-78.597358, 2.405417], [-78.597085, 2.405417], [-78.597085, 2.405695], [-78.596802, 2.405695], [-78.596802, 2.406251], [-78.596526, 2.406249], [-78.596526, 2.406805], [-78.596253, 2.406805], [-78.596253, 2.407361], [-78.59597, 2.407361], [-78.59597, 2.407917], [-78.595697, 2.407917], [-78.595697, 2.408473], [-78.595414, 2.408473], [-78.595414, 2.408751], [-78.595138, 2.408749], [-78.595138, 2.409305], [-78.594865, 2.409305], [-78.594865, 2.409861], [-78.594582, 2.409861], [-78.594582, 2.410417], [-78.594306, 2.410417], [-78.594306, 2.410971], [-78.594024, 2.410971], [-78.594024, 2.411527], [-78.59375, 2.411527], [-78.59375, 2.411805], [-78.593474, 2.411805], [-78.593474, 2.412362], [-78.593194, 2.412362], [-78.593194, 2.412918], [-78.592918, 2.412915], [-78.592918, 2.413472], [-78.592636, 2.413472], [-78.592636, 2.414028], [-78.592362, 2.414028], [-78.592362, 2.414584], [-78.592086, 2.414584], [-78.592086, 2.414862], [-78.591804, 2.414862], [-78.591804, 2.415416], [-78.59153, 2.415416], [-78.59153, 2.415972], [-78.591248, 2.415972], [-78.591248, 2.416528], [-78.590972, 2.416528], [-78.590972, 2.417084], [-78.590698, 2.417084], [-78.590698, 2.41764], [-78.590416, 2.41764], [-78.590416, 2.417918], [-78.590142, 2.417916], [-78.590142, 2.418472], [-78.58986, 2.418472], [-78.58986, 2.419028], [-78.589584, 2.419028], [-78.589584, 2.419584], [-78.589301, 2.419584], [-78.589301, 2.420138], [-78.589028, 2.420138], [-78.589028, 2.420694], [-78.588752, 2.420694], [-78.588752, 2.423194], [-78.588196, 2.423194], [-78.588196, 2.423472], [-78.587913, 2.423472], [-78.587913, 2.42375], [-78.587364, 2.42375], [-78.587364, 2.424028], [-78.586808, 2.424028], [-78.586808, 2.424307], [-78.586525, 2.424307], [-78.586525, 2.424585], [-78.585976, 2.424585], [-78.585976, 2.42486], [-78.585693, 2.42486], [-78.585693, 2.425416], [-78.585418, 2.425416], [-78.585418, 2.425695], [-78.585137, 2.425695], [-78.585137, 2.426251], [-78.584862, 2.426251], [-78.584862, 2.426529], [-78.584588, 2.426529], [-78.584588, 2.427082], [-78.584305, 2.427082], [-78.584305, 2.427361], [-78.58403, 2.427361], [-78.58403, 2.427917], [-78.583747, 2.427917], [-78.583747, 2.428195], [-78.583474, 2.428195], [-78.583474, 2.428751], [-78.583191, 2.428751], [-78.583191, 2.429305], [-78.582915, 2.429305], [-78.582915, 2.429861], [-78.582642, 2.429861], [-78.582642, 2.430139], [-78.582359, 2.430139], [-78.582359, 2.430695], [-78.582086, 2.430695], [-78.582086, 2.431251], [-78.581803, 2.431251], [-78.581803, 2.431805], [-78.581527, 2.431805], [-78.581527, 2.432083], [-78.581254, 2.432083], [-78.581254, 2.432639], [-78.580971, 2.432639], [-78.580971, 2.433195], [-78.580695, 2.433195], [-78.580695, 2.433751], [-78.580413, 2.433749], [-78.580413, 2.434027], [-78.580139, 2.434027], [-78.580139, 2.434583], [-78.579863, 2.434583], [-78.579863, 2.435139], [-78.579583, 2.435139], [-78.579583, 2.435695], [-78.579307, 2.435695], [-78.579307, 2.435971], [-78.579025, 2.435971], [-78.579025, 2.436527], [-78.578751, 2.436527], [-78.578751, 2.437083], [-78.578475, 2.437083], [-78.578475, 2.437639], [-78.578193, 2.437639], [-78.578193, 2.437918], [-78.577919, 2.437918], [-78.577919, 2.438471], [-78.577637, 2.438471], [-78.577637, 2.439027], [-78.577361, 2.439027], [-78.577361, 2.439584], [-78.577081, 2.439584], [-78.577081, 2.439862], [-78.576805, 2.439862], [-78.576805, 2.440415], [-78.576531, 2.440415], [-78.576531, 2.440693], [-78.576249, 2.440693], [-78.576249, 2.44125], [-78.575973, 2.44125], [-78.575973, 2.441528], [-78.57569, 2.441528], [-78.57569, 2.442084], [-78.575417, 2.442084], [-78.575417, 2.442362], [-78.575141, 2.442362], [-78.575141, 2.442916], [-78.574861, 2.442916], [-78.574861, 2.443194], [-78.574585, 2.443194], [-78.574585, 2.44375], [-78.574302, 2.44375], [-78.574302, 2.444028], [-78.574029, 2.444028], [-78.574029, 2.444584], [-78.573753, 2.444584], [-78.573753, 2.444862], [-78.57347, 2.444862], [-78.57347, 2.445416], [-78.573197, 2.445416], [-78.573197, 2.445694], [-78.572914, 2.445694], [-78.572914, 2.44625], [-78.572639, 2.44625], [-78.572639, 2.446528], [-78.572365, 2.446528], [-78.572365, 2.447084], [-78.572082, 2.447084], [-78.572082, 2.44764], [-78.571809, 2.447638], [-78.571809, 2.447916], [-78.570968, 2.447916], [-78.570968, 2.448194], [-78.569863, 2.448194], [-78.569863, 2.448472], [-78.569031, 2.448472], [-78.569031, 2.44875], [-78.568192, 2.44875], [-78.568192, 2.448472], [-78.567643, 2.448472], [-78.567643, 2.44875], [-78.566804, 2.44875], [-78.566804, 2.449028], [-78.566255, 2.449028], [-78.566255, 2.449306], [-78.565972, 2.449306], [-78.565972, 2.449584], [-78.565414, 2.449584], [-78.565414, 2.44986], [-78.56514, 2.44986], [-78.56514, 2.450138], [-78.564582, 2.450138], [-78.564582, 2.450416], [-78.564308, 2.450416], [-78.564308, 2.450694], [-78.563752, 2.450694], [-78.563752, 2.450972], [-78.56347, 2.450972], [-78.56347, 2.45125], [-78.563194, 2.45125], [-78.563194, 2.451529], [-78.562638, 2.451529], [-78.562638, 2.451807], [-78.562362, 2.451807], [-78.562362, 2.452082], [-78.561806, 2.452082], [-78.561806, 2.45236], [-78.56153, 2.45236], [-78.56153, 2.452638], [-78.560974, 2.452638], [-78.560974, 2.452917], [-78.560691, 2.452917], [-78.560691, 2.453195], [-78.560142, 2.453195], [-78.560142, 2.453473], [-78.559859, 2.453473], [-78.559859, 2.453751], [-78.559303, 2.453751], [-78.559303, 2.454029], [-78.559028, 2.454029], [-78.559028, 2.454307], [-78.558747, 2.454304], [-78.558747, 2.455139], [-78.559028, 2.455139], [-78.559028, 2.455417], [-78.558747, 2.455417], [-78.558747, 2.455695], [-78.559028, 2.455695], [-78.559028, 2.457083], [-78.558747, 2.457083], [-78.558747, 2.457917], [-78.559028, 2.457917], [-78.559028, 2.458195], [-78.558747, 2.458195], [-78.558747, 2.459029], [-78.558471, 2.459027], [-78.558471, 2.459583], [-78.558198, 2.459583], [-78.558198, 2.460417], [-78.557915, 2.460417], [-78.557915, 2.460973], [-78.55764, 2.460973], [-78.55764, 2.461529], [-78.557357, 2.461529], [-78.557357, 2.462639], [-78.557083, 2.462639], [-78.557083, 2.463195], [-78.556808, 2.463195], [-78.556808, 2.464027], [-78.556525, 2.464027], [-78.556525, 2.464583], [-78.556252, 2.464583], [-78.556252, 2.465418], [-78.555969, 2.465415], [-78.555969, 2.465971], [-78.555695, 2.465971], [-78.555695, 2.466806], [-78.55542, 2.466806], [-78.55542, 2.467362], [-78.555137, 2.467362], [-78.555137, 2.468472], [-78.554864, 2.468472], [-78.554864, 2.46875], [-78.554581, 2.46875], [-78.554581, 2.469862], [-78.554305, 2.469862], [-78.554305, 2.47125], [-78.554581, 2.47125], [-78.554581, 2.471806], [-78.554305, 2.471806], [-78.554305, 2.473472], [-78.554032, 2.473472], [-78.554032, 2.47514], [-78.553749, 2.47514], [-78.553749, 2.47625], [-78.553473, 2.47625], [-78.553473, 2.477084], [-78.553193, 2.477084], [-78.553193, 2.477916], [-78.552917, 2.477916], [-78.552917, 2.478751], [-78.552635, 2.478751], [-78.552635, 2.479582], [-78.552361, 2.479582], [-78.552361, 2.480417], [-78.552085, 2.480417], [-78.552085, 2.480973], [-78.551803, 2.480973], [-78.551803, 2.481529], [-78.551529, 2.481529], [-78.551529, 2.482083], [-78.551247, 2.482083], [-78.551247, 2.482639], [-78.550973, 2.482639], [-78.550973, 2.483195], [-78.550697, 2.483195], [-78.550697, 2.483751], [-78.550415, 2.483751], [-78.550415, 2.484305], [-78.551247, 2.484305], [-78.551247, 2.485139], [-78.550973, 2.485139], [-78.550973, 2.485973], [-78.550697, 2.485973], [-78.550697, 2.486805], [-78.550415, 2.486805], [-78.550415, 2.487361], [-78.550141, 2.487361], [-78.550141, 2.487639], [-78.549859, 2.487639], [-78.549859, 2.487917], [-78.549583, 2.487917], [-78.549583, 2.488473], [-78.549309, 2.488473], [-78.549309, 2.488195], [-78.549027, 2.488195], [-78.549027, 2.487639], [-78.547921, 2.487639], [-78.547921, 2.487917], [-78.547639, 2.487917], [-78.547639, 2.489583], [-78.548195, 2.489583], [-78.548195, 2.490139], [-78.547921, 2.490139], [-78.547921, 2.490971], [-78.547639, 2.490971], [-78.547639, 2.491527], [-78.547363, 2.491527], [-78.547363, 2.491805], [-78.54708, 2.491805], [-78.54708, 2.492083], [-78.546807, 2.492083], [-78.546807, 2.49264], [-78.546524, 2.49264], [-78.546524, 2.492918], [-78.546248, 2.492918], [-78.546248, 2.493471], [-78.545975, 2.493471], [-78.545975, 2.493749], [-78.545419, 2.493749], [-78.545419, 2.494028], [-78.54486, 2.494028], [-78.54486, 2.494306], [-78.544304, 2.494306], [-78.544304, 2.494584], [-78.543746, 2.494584], [-78.543746, 2.494862], [-78.543197, 2.494862], [-78.543197, 2.49514], [-78.542641, 2.49514], [-78.542641, 2.495416], [-78.542084, 2.495416], [-78.542084, 2.495694], [-78.541526, 2.495694], [-78.541526, 2.495972], [-78.54097, 2.495972], [-78.54097, 2.49625], [-78.540694, 2.49625], [-78.540694, 2.496528], [-78.540138, 2.496528], [-78.540138, 2.496806], [-78.539865, 2.496806], [-78.539865, 2.497084], [-78.539306, 2.497084], [-78.539306, 2.497362], [-78.539024, 2.497362], [-78.539024, 2.49764], [-78.538474, 2.49764], [-78.538474, 2.497916], [-78.538192, 2.497916], [-78.538192, 2.498194], [-78.537636, 2.498194], [-78.537636, 2.498472], [-78.537362, 2.498472], [-78.537362, 2.49875], [-78.537086, 2.49875], [-78.537086, 2.499028], [-78.536804, 2.499028], [-78.536804, 2.499306], [-78.53653, 2.499306], [-78.53653, 2.499584], [-78.536248, 2.499584], [-78.536248, 2.499862], [-78.535972, 2.499862], [-78.535972, 2.50014], [-78.535698, 2.50014], [-78.535698, 2.500418], [-78.53486, 2.500416], [-78.53486, 2.500694], [-78.534028, 2.500694], [-78.534028, 2.500972], [-78.533196, 2.500972], [-78.533196, 2.50125], [-78.532364, 2.50125], [-78.532364, 2.501528], [-78.531808, 2.501528], [-78.531808, 2.501806], [-78.530976, 2.501806], [-78.530976, 2.502084], [-78.530137, 2.502084], [-78.530137, 2.502362], [-78.529305, 2.502362], [-78.529305, 2.50264], [-78.527642, 2.50264], [-78.527642, 2.502362], [-78.527359, 2.502362], [-78.527359, 2.502084], [-78.527085, 2.502084], [-78.527085, 2.501528], [-78.526803, 2.501528], [-78.526803, 2.49875], [-78.527085, 2.49875], [-78.527085, 2.498194], [-78.527359, 2.498194], [-78.527359, 2.49764], [-78.527642, 2.49764], [-78.527642, 2.497084], [-78.527915, 2.497084], [-78.527915, 2.496528], [-78.528198, 2.496528], [-78.528198, 2.495972], [-78.528473, 2.495972], [-78.528473, 2.49514], [-78.528747, 2.49514], [-78.528747, 2.494584], [-78.52903, 2.494584], [-78.52903, 2.494028], [-78.529586, 2.494028], [-78.529586, 2.493749], [-78.529861, 2.493749], [-78.529861, 2.493471], [-78.530418, 2.493471], [-78.530418, 2.492918], [-78.530693, 2.492918], [-78.530693, 2.491805], [-78.530976, 2.491805], [-78.530976, 2.490971], [-78.531249, 2.490971], [-78.531249, 2.489027], [-78.531525, 2.489027], [-78.531525, 2.488749], [-78.531808, 2.488751], [-78.531808, 2.488473], [-78.532364, 2.488473], [-78.532364, 2.488195], [-78.532637, 2.488195], [-78.532637, 2.487083], [-78.533752, 2.487083], [-78.533752, 2.486805], [-78.534028, 2.486805], [-78.534028, 2.486527], [-78.53486, 2.486527], [-78.53486, 2.486249], [-78.535698, 2.486251], [-78.535698, 2.485973], [-78.53653, 2.485973], [-78.53653, 2.485695], [-78.537362, 2.485695], [-78.537362, 2.485417], [-78.53875, 2.485417], [-78.53875, 2.485139], [-78.537362, 2.485139], [-78.537362, 2.484861], [-78.536804, 2.484861], [-78.536804, 2.484583], [-78.536248, 2.484583], [-78.536248, 2.484305], [-78.535972, 2.484305], [-78.535972, 2.484029], [-78.535416, 2.484029], [-78.535416, 2.485139], [-78.53486, 2.485139], [-78.53486, 2.485417], [-78.534301, 2.485417], [-78.534301, 2.485695], [-78.533469, 2.485695], [-78.533469, 2.485973], [-78.532637, 2.485973], [-78.532637, 2.486527], [-78.532364, 2.486527], [-78.532364, 2.486805], [-78.532081, 2.486805], [-78.532081, 2.486527], [-78.531808, 2.486527], [-78.531808, 2.486805], [-78.530418, 2.486805], [-78.530418, 2.486249], [-78.530137, 2.486251], [-78.530137, 2.485695], [-78.529861, 2.485695], [-78.529861, 2.484861], [-78.529586, 2.484861], [-78.529586, 2.483751], [-78.52903, 2.483751], [-78.52903, 2.487083], [-78.529305, 2.487083], [-78.529305, 2.487917], [-78.52903, 2.487917], [-78.52903, 2.489027], [-78.528747, 2.489027], [-78.528747, 2.490139], [-78.528473, 2.490139], [-78.528473, 2.490971], [-78.528198, 2.490971], [-78.528198, 2.491527], [-78.527642, 2.491527], [-78.527642, 2.492362], [-78.527085, 2.492362], [-78.527085, 2.492918], [-78.526803, 2.492918], [-78.526803, 2.493193], [-78.526527, 2.493193], [-78.526527, 2.494028], [-78.525971, 2.494028], [-78.525971, 2.49514], [-78.525695, 2.49514], [-78.525695, 2.49625], [-78.525413, 2.49625], [-78.525413, 2.497084], [-78.525139, 2.497084], [-78.525139, 2.497916], [-78.524863, 2.497916], [-78.524863, 2.498472], [-78.524583, 2.498472], [-78.524583, 2.49875], [-78.524307, 2.49875], [-78.524307, 2.499028], [-78.524025, 2.499028], [-78.524025, 2.499584], [-78.523751, 2.499584], [-78.523751, 2.499862], [-78.523475, 2.499862], [-78.523475, 2.50014], [-78.523193, 2.500138], [-78.523193, 2.500694], [-78.522919, 2.500694], [-78.522919, 2.500972], [-78.522637, 2.500972], [-78.522637, 2.501528], [-78.521531, 2.501528], [-78.521531, 2.50125], [-78.520141, 2.50125], [-78.520141, 2.500972], [-78.519858, 2.500972], [-78.519858, 2.500694], [-78.516526, 2.500694], [-78.516526, 2.500972], [-78.513748, 2.500972], [-78.513748, 2.501528], [-78.513474, 2.501528], [-78.513474, 2.502362], [-78.513192, 2.50236], [-78.513192, 2.503472], [-78.512916, 2.503472], [-78.512916, 2.505416], [-78.513192, 2.505416], [-78.513192, 2.506529], [-78.512916, 2.506529], [-78.512916, 2.506807], [-78.512643, 2.506804], [-78.512643, 2.50736], [-78.51236, 2.50736], [-78.51236, 2.508195], [-78.512084, 2.508195], [-78.512084, 2.508751], [-78.511802, 2.508751], [-78.511802, 2.509583], [-78.511528, 2.509583], [-78.511528, 2.510139], [-78.511252, 2.510139], [-78.511252, 2.510695], [-78.510972, 2.510695], [-78.510972, 2.511529], [-78.510696, 2.511527], [-78.510696, 2.512083], [-78.510414, 2.512083], [-78.510414, 2.512917], [-78.51014, 2.512917], [-78.51014, 2.513473], [-78.509864, 2.513473], [-78.509864, 2.514305], [-78.509582, 2.514305], [-78.509582, 2.514861], [-78.509308, 2.514861], [-78.509308, 2.515695], [-78.509026, 2.515695], [-78.509026, 2.516251], [-78.50875, 2.516249], [-78.50875, 2.516805], [-78.508469, 2.516805], [-78.508469, 2.517639], [-78.508194, 2.517639], [-78.508194, 2.518196], [-78.50792, 2.518196], [-78.50792, 2.519027], [-78.507638, 2.519027], [-78.507638, 2.52014], [-78.507362, 2.52014], [-78.507362, 2.520693], [-78.507079, 2.520693], [-78.507079, 2.52125], [-78.506806, 2.52125], [-78.506806, 2.521806], [-78.50653, 2.521806], [-78.50653, 2.522362], [-78.506247, 2.522362], [-78.506247, 2.522916], [-78.505974, 2.522916], [-78.505974, 2.523472], [-78.505691, 2.523472], [-78.505691, 2.524028], [-78.505418, 2.524028], [-78.505418, 2.524584], [-78.505142, 2.524584], [-78.505142, 2.52514], [-78.504859, 2.525138], [-78.504859, 2.525694], [-78.504586, 2.525694], [-78.504586, 2.525972], [-78.504303, 2.525972], [-78.504303, 2.526528], [-78.504027, 2.526528], [-78.504027, 2.526806], [-78.503754, 2.526806], [-78.503754, 2.527084], [-78.503471, 2.527084], [-78.503471, 2.527362], [-78.503198, 2.527362], [-78.503198, 2.52764], [-78.502915, 2.527638], [-78.502915, 2.528194], [-78.502639, 2.528194], [-78.502639, 2.528472], [-78.502357, 2.528472], [-78.502357, 2.52875], [-78.502083, 2.52875], [-78.502083, 2.529028], [-78.501808, 2.529028], [-78.501808, 2.529306], [-78.501525, 2.529306], [-78.501525, 2.52986], [-78.501251, 2.52986], [-78.501251, 2.530138], [-78.500969, 2.530138], [-78.500969, 2.530416], [-78.500695, 2.530416], [-78.500695, 2.530694], [-78.50042, 2.530694], [-78.50042, 2.530972], [-78.500137, 2.530972], [-78.500137, 2.531528], [-78.499863, 2.531528], [-78.499863, 2.531807], [-78.499581, 2.531807], [-78.499581, 2.532082], [-78.499305, 2.532082], [-78.499305, 2.53236], [-78.499032, 2.53236], [-78.499032, 2.532638], [-78.498749, 2.532638], [-78.498749, 2.533194], [-78.498473, 2.533194], [-78.498473, 2.533473], [-78.498193, 2.533473], [-78.498193, 2.533751], [-78.497917, 2.533751], [-78.497917, 2.534029], [-78.497644, 2.534029], [-78.497644, 2.534304], [-78.497361, 2.534304], [-78.497361, 2.534861], [-78.497085, 2.534861], [-78.497085, 2.535139], [-78.496803, 2.535139], [-78.496803, 2.535417], [-78.496529, 2.535417], [-78.496529, 2.535695], [-78.496246, 2.535695], [-78.496246, 2.535973], [-78.495971, 2.535973], [-78.495971, 2.536251], [-78.495697, 2.536251], [-78.495697, 2.536805], [-78.495415, 2.536805], [-78.495415, 2.537083], [-78.495141, 2.537083], [-78.495141, 2.537361], [-78.494858, 2.537361], [-78.494858, 2.537639], [-78.494583, 2.537639], [-78.494583, 2.537917], [-78.494309, 2.537917], [-78.494309, 2.538473], [-78.494027, 2.538473], [-78.494027, 2.538751], [-78.493751, 2.538751], [-78.493751, 2.539027], [-78.493468, 2.539027], [-78.493468, 2.539305], [-78.493195, 2.539305], [-78.493195, 2.539583], [-78.492919, 2.539583], [-78.492919, 2.539861], [-78.492639, 2.539861], [-78.492639, 2.540417], [-78.492363, 2.540417], [-78.492363, 2.540695], [-78.49208, 2.540695], [-78.49208, 2.540973], [-78.491807, 2.540973], [-78.491807, 2.541251], [-78.491531, 2.541249], [-78.491531, 2.541527], [-78.491248, 2.541527], [-78.491248, 2.541805], [-78.490975, 2.541805], [-78.490975, 2.542361], [-78.490692, 2.542361], [-78.490692, 2.542639], [-78.490416, 2.542639], [-78.490416, 2.542917], [-78.490136, 2.542917], [-78.490136, 2.543195], [-78.48986, 2.543195], [-78.48986, 2.543473], [-78.489587, 2.543473], [-78.489587, 2.544027], [-78.489304, 2.544027], [-78.489304, 2.544305], [-78.489028, 2.544305], [-78.489028, 2.544583], [-78.488197, 2.544583], [-78.488197, 2.544861], [-78.48764, 2.544861], [-78.48764, 2.545139], [-78.487358, 2.545139], [-78.487358, 2.545418], [-78.487084, 2.545418], [-78.487084, 2.545693], [-78.486809, 2.545693], [-78.486809, 2.545971], [-78.486526, 2.545971], [-78.486526, 2.546249], [-78.486252, 2.546249], [-78.486252, 2.546805], [-78.48597, 2.546805], [-78.48597, 2.547084], [-78.485694, 2.547084], [-78.485694, 2.547362], [-78.485421, 2.547362], [-78.485421, 2.54764], [-78.485138, 2.54764], [-78.485138, 2.547918], [-78.484862, 2.547918], [-78.484862, 2.548193], [-78.484582, 2.548193], [-78.484582, 2.548472], [-78.484023, 2.548472], [-78.484023, 2.54875], [-78.48375, 2.54875], [-78.48375, 2.549028], [-78.483192, 2.549028], [-78.483192, 2.549306], [-78.482918, 2.549306], [-78.482918, 2.549584], [-78.48236, 2.549584], [-78.48236, 2.549862], [-78.482086, 2.549862], [-78.482086, 2.55014], [-78.481804, 2.55014], [-78.481804, 2.550416], [-78.481247, 2.550416], [-78.481247, 2.550694], [-78.480972, 2.550694], [-78.480972, 2.550972], [-78.480416, 2.550972], [-78.480416, 2.55125], [-78.48014, 2.55125], [-78.48014, 2.551528], [-78.479584, 2.551528], [-78.479584, 2.551806], [-78.479308, 2.551806], [-78.479308, 2.552084], [-78.479028, 2.552084], [-78.479028, 2.552362], [-78.478752, 2.552362], [-78.478752, 2.55264], [-78.478469, 2.55264], [-78.478469, 2.552916], [-78.478196, 2.552916], [-78.478196, 2.553194], [-78.477913, 2.553194], [-78.477913, 2.553472], [-78.477637, 2.553472], [-78.477637, 2.55375], [-78.477364, 2.55375], [-78.477364, 2.554028], [-78.477081, 2.554028], [-78.477081, 2.554306], [-78.476808, 2.554306], [-78.476808, 2.554584], [-78.476525, 2.554584], [-78.476525, 2.554862], [-78.475976, 2.554862], [-78.475976, 2.55514], [-78.475417, 2.555138], [-78.475417, 2.555416], [-78.475135, 2.555416], [-78.475135, 2.555694], [-78.474586, 2.555694], [-78.474586, 2.555972], [-78.474305, 2.555972], [-78.474305, 2.55625], [-78.474029, 2.55625], [-78.474029, 2.556528], [-78.473747, 2.556528], [-78.473747, 2.556806], [-78.473473, 2.556806], [-78.473473, 2.557084], [-78.472915, 2.557084], [-78.472915, 2.557362], [-78.472641, 2.557362], [-78.472641, 2.557638], [-78.472359, 2.557638], [-78.472359, 2.557916], [-78.472083, 2.557916], [-78.472083, 2.558194], [-78.471803, 2.558194], [-78.471803, 2.558472], [-78.471527, 2.558472], [-78.471527, 2.55875], [-78.471253, 2.55875], [-78.471253, 2.559029], [-78.470971, 2.559029], [-78.470971, 2.559307], [-78.470412, 2.559307], [-78.470412, 2.559582], [-78.470139, 2.559582], [-78.470139, 2.55986], [-78.469863, 2.55986], [-78.469863, 2.560138], [-78.469581, 2.560138], [-78.469581, 2.560416], [-78.469307, 2.560416], [-78.469307, 2.560695], [-78.469024, 2.560695], [-78.469024, 2.560973], [-78.468751, 2.560973], [-78.468751, 2.561251], [-78.468193, 2.561251], [-78.468193, 2.561529], [-78.467919, 2.561529], [-78.467919, 2.561804], [-78.467636, 2.561804], [-78.467636, 2.562083], [-78.467361, 2.562083], [-78.467361, 2.562361], [-78.467087, 2.562361], [-78.467087, 2.562639], [-78.466805, 2.562639], [-78.466805, 2.562917], [-78.466529, 2.562917], [-78.466529, 2.563195], [-78.466249, 2.563195], [-78.466249, 2.563473], [-78.465699, 2.563473], [-78.465699, 2.563751], [-78.465417, 2.563751], [-78.465417, 2.564029], [-78.465141, 2.564029], [-78.465141, 2.564305], [-78.464858, 2.564305], [-78.464858, 2.564583], [-78.464585, 2.564583], [-78.464585, 2.564861], [-78.464302, 2.564861], [-78.464302, 2.565139], [-78.464026, 2.565139], [-78.464026, 2.565695], [-78.463753, 2.565695], [-78.463753, 2.565973], [-78.46347, 2.565973], [-78.46347, 2.566251], [-78.463197, 2.566251], [-78.463197, 2.566805], [-78.462914, 2.566805], [-78.462914, 2.567083], [-78.462638, 2.567083], [-78.462638, 2.567639], [-78.462365, 2.567639], [-78.462365, 2.568751], [-78.462082, 2.568751], [-78.462082, 2.569861], [-78.461806, 2.569861], [-78.461806, 2.570971], [-78.461524, 2.570971], [-78.461524, 2.572083], [-78.46125, 2.572083], [-78.46125, 2.573196], [-78.460975, 2.573196], [-78.460975, 2.574306], [-78.460694, 2.574306], [-78.460694, 2.574862], [-78.460136, 2.574862], [-78.460136, 2.57514], [-78.459862, 2.57514], [-78.459862, 2.575415], [-78.459304, 2.575415], [-78.459304, 2.575694], [-78.45903, 2.575694], [-78.45903, 2.575972], [-78.458748, 2.575972], [-78.458748, 2.576528], [-78.458472, 2.576528], [-78.458472, 2.576806], [-78.458192, 2.576806], [-78.458192, 2.577362], [-78.457916, 2.577362], [-78.457916, 2.57764], [-78.457642, 2.57764], [-78.457642, 2.577916], [-78.45736, 2.577916], [-78.45736, 2.578472], [-78.457084, 2.578472], [-78.457084, 2.57875], [-78.456801, 2.57875], [-78.456801, 2.579306], [-78.456528, 2.579306], [-78.456528, 2.579584], [-78.456252, 2.579584], [-78.456252, 2.58014], [-78.455972, 2.580138], [-78.455972, 2.580416], [-78.455696, 2.580416], [-78.455696, 2.580972], [-78.455413, 2.580972], [-78.455413, 2.58125], [-78.45514, 2.58125], [-78.45514, 2.581528], [-78.454864, 2.581528], [-78.454864, 2.582084], [-78.454582, 2.582084], [-78.454582, 2.582362], [-78.454308, 2.582362], [-78.454308, 2.582916], [-78.454026, 2.582916], [-78.454026, 2.583194], [-78.45375, 2.583194], [-78.45375, 2.58375], [-78.453476, 2.58375], [-78.453476, 2.584028], [-78.453194, 2.584028], [-78.453194, 2.584306], [-78.45292, 2.584306], [-78.45292, 2.58486], [-78.452638, 2.58486], [-78.452638, 2.585138], [-78.452362, 2.585138], [-78.452362, 2.585694], [-78.452079, 2.585694], [-78.452079, 2.586529], [-78.451806, 2.586529], [-78.451806, 2.587917], [-78.45153, 2.587917], [-78.45153, 2.589583], [-78.451247, 2.589583], [-78.451247, 2.590695], [-78.450974, 2.590695], [-78.450974, 2.591529], [-78.450691, 2.591529], [-78.450691, 2.592083], [-78.450418, 2.592083], [-78.450418, 2.592639], [-78.450142, 2.592639], [-78.450142, 2.592917], [-78.449859, 2.592917], [-78.449859, 2.593473], [-78.449586, 2.593473], [-78.449586, 2.593751], [-78.449303, 2.593751], [-78.449303, 2.595139], [-78.449027, 2.595139], [-78.449027, 2.597361], [-78.448754, 2.597361], [-78.448754, 2.598195], [-78.448471, 2.598195], [-78.448471, 2.597917], [-78.447366, 2.597917], [-78.447366, 2.597639], [-78.446251, 2.597639], [-78.446251, 2.597361], [-78.444863, 2.597361], [-78.444863, 2.597083], [-78.44319, 2.597083], [-78.44319, 2.597361], [-78.441253, 2.597361], [-78.441253, 2.597639], [-78.439309, 2.597639], [-78.439309, 2.597917], [-78.437636, 2.597917], [-78.437636, 2.598195], [-78.435692, 2.598195], [-78.435692, 2.598471], [-78.433746, 2.598471], [-78.433746, 2.598749], [-78.43264, 2.598749], [-78.43264, 2.599027], [-78.432472, 2.599027], [-78.431526, 2.599027], [-78.431526, 2.599305], [-78.430694, 2.599305], [-78.430694, 2.599583], [-78.430138, 2.599583], [-78.430138, 2.599861], [-78.429582, 2.599861], [-78.429582, 2.60014], [-78.429032, 2.60014], [-78.429032, 2.600418], [-78.428474, 2.600418], [-78.428474, 2.600693], [-78.427918, 2.600693], [-78.427918, 2.600971], [-78.427635, 2.600971], [-78.427635, 2.601249], [-78.42736, 2.601249], [-78.42736, 2.601528], [-78.427086, 2.601528], [-78.427086, 2.601806], [-78.426804, 2.601806], [-78.426804, 2.602362], [-78.42653, 2.602362], [-78.42653, 2.60264], [-78.426247, 2.60264], [-78.426247, 2.602918], [-78.425972, 2.602918], [-78.425972, 2.603194], [-78.425698, 2.603194], [-78.425698, 2.603472], [-78.425416, 2.603472], [-78.425416, 2.60375], [-78.42514, 2.60375], [-78.42514, 2.604028], [-78.424857, 2.604028], [-78.424857, 2.604584], [-78.424584, 2.604584], [-78.424584, 2.604862], [-78.424308, 2.604862], [-78.424308, 2.60514], [-78.423752, 2.60514], [-78.423752, 2.605418], [-78.422637, 2.605416], [-78.422637, 2.605694], [-78.420976, 2.605694], [-78.420976, 2.605972], [-78.419029, 2.605972], [-78.419029, 2.605694], [-78.41458, 2.605694], [-78.41458, 2.605416], [-78.411246, 2.605416], [-78.411246, 2.605138], [-78.407914, 2.60514], [-78.407914, 2.604862], [-78.404304, 2.604862], [-78.404304, 2.604584], [-78.40097, 2.604584], [-78.40097, 2.604306], [-78.397637, 2.604306], [-78.397637, 2.604028], [-78.395691, 2.604028], [-78.395691, 2.604306], [-78.395415, 2.604306], [-78.395415, 2.604862], [-78.395142, 2.604862], [-78.395142, 2.60514], [-78.394859, 2.605138], [-78.394859, 2.605694], [-78.394586, 2.605694], [-78.394586, 2.605972], [-78.394303, 2.605972], [-78.394303, 2.606528], [-78.394027, 2.606528], [-78.394027, 2.607084], [-78.393754, 2.607084], [-78.393754, 2.607362], [-78.393471, 2.607362], [-78.393471, 2.607916], [-78.393195, 2.607916], [-78.393195, 2.608194], [-78.392913, 2.608194], [-78.392913, 2.60875], [-78.392639, 2.60875], [-78.392639, 2.609028], [-78.392363, 2.609028], [-78.392363, 2.609584], [-78.392083, 2.609584], [-78.392083, 2.609862], [-78.391807, 2.60986], [-78.391807, 2.610416], [-78.391525, 2.610416], [-78.391525, 2.610972], [-78.391251, 2.610972], [-78.391251, 2.61125], [-78.390975, 2.61125], [-78.390975, 2.611806], [-78.390693, 2.611806], [-78.390693, 2.612084], [-78.390419, 2.612082], [-78.390419, 2.612638], [-78.390137, 2.612638], [-78.390137, 2.613194], [-78.389861, 2.613194], [-78.389861, 2.613472], [-78.389581, 2.613472], [-78.389581, 2.614029], [-78.389305, 2.614029], [-78.389305, 2.614304], [-78.389031, 2.614304], [-78.389031, 2.61486], [-78.388749, 2.61486], [-78.388749, 2.615417], [-78.388473, 2.615417], [-78.388473, 2.615695], [-78.38819, 2.615695], [-78.38819, 2.616251], [-78.387917, 2.616251], [-78.387917, 2.616529], [-78.387641, 2.616529], [-78.387641, 2.617083], [-78.387359, 2.617083], [-78.387359, 2.617639], [-78.387085, 2.617639], [-78.387085, 2.617917], [-78.386802, 2.617917], [-78.386802, 2.618473], [-78.386529, 2.618473], [-78.386529, 2.618751], [-78.386253, 2.618751], [-78.386253, 2.619305], [-78.385971, 2.619305], [-78.385971, 2.619861], [-78.385697, 2.619861], [-78.385697, 2.620417], [-78.385414, 2.620417], [-78.385414, 2.620973], [-78.385139, 2.620973], [-78.385139, 2.621527], [-78.384865, 2.621527], [-78.384865, 2.622083], [-78.384583, 2.622083], [-78.384583, 2.622639], [-78.384307, 2.622639], [-78.384307, 2.623195], [-78.384026, 2.623195], [-78.384026, 2.623749], [-78.383751, 2.623749], [-78.383751, 2.624305], [-78.383468, 2.624305], [-78.383468, 2.624861], [-78.383195, 2.624861], [-78.383195, 2.625417], [-78.382919, 2.625417], [-78.382919, 2.625695], [-78.382636, 2.625695], [-78.382636, 2.625971], [-78.382363, 2.625971], [-78.382363, 2.626249], [-78.38208, 2.626249], [-78.38208, 2.626527], [-78.381807, 2.626527], [-78.381807, 2.626805], [-78.381531, 2.626805], [-78.381531, 2.627083], [-78.381248, 2.627083], [-78.381248, 2.627362], [-78.380975, 2.627362], [-78.380975, 2.62764], [-78.380692, 2.62764], [-78.380692, 2.627918], [-78.380416, 2.627918], [-78.380416, 2.628193], [-78.380143, 2.628193], [-78.380143, 2.628471], [-78.37986, 2.628471], [-78.37986, 2.62875], [-78.379584, 2.62875], [-78.379584, 2.629028], [-78.379304, 2.629028], [-78.379304, 2.629306], [-78.379028, 2.629306], [-78.379028, 2.629584], [-78.378755, 2.629584], [-78.378755, 2.629862], [-78.378472, 2.629862], [-78.378472, 2.63014], [-78.378196, 2.63014], [-78.378196, 2.630416], [-78.377914, 2.630416], [-78.377914, 2.630694], [-78.37764, 2.630694], [-78.37764, 2.630972], [-78.377082, 2.630972], [-78.377082, 2.63125], [-78.376526, 2.63125], [-78.376526, 2.631528], [-78.376252, 2.631528], [-78.376252, 2.631806], [-78.375694, 2.631806], [-78.375694, 2.632084], [-78.37542, 2.632084], [-78.37542, 2.632362], [-78.374862, 2.632362], [-78.374862, 2.63264], [-78.374306, 2.63264], [-78.374306, 2.632916], [-78.37403, 2.632916], [-78.37403, 2.633194], [-78.373474, 2.633194], [-78.373474, 2.633472], [-78.373191, 2.633472], [-78.373191, 2.63375], [-78.372642, 2.63375], [-78.372642, 2.634028], [-78.372086, 2.634028], [-78.372086, 2.634306], [-78.371803, 2.634306], [-78.371803, 2.634584], [-78.371247, 2.634584], [-78.371247, 2.634862], [-78.370972, 2.634862], [-78.370972, 2.63514], [-78.370415, 2.635138], [-78.370415, 2.635416], [-78.369857, 2.635416], [-78.369857, 2.635694], [-78.369584, 2.635694], [-78.369584, 2.635972], [-78.369025, 2.635972], [-78.369025, 2.63625], [-78.368469, 2.63625], [-78.368469, 2.636528], [-78.368196, 2.636528], [-78.368196, 2.636806], [-78.367637, 2.636806], [-78.367637, 2.637084], [-78.367081, 2.637084], [-78.367081, 2.63736], [-78.366805, 2.63736], [-78.366805, 2.637638], [-78.366249, 2.637638], [-78.366249, 2.637916], [-78.365973, 2.637916], [-78.365973, 2.638194], [-78.365417, 2.638194], [-78.365417, 2.638472], [-78.364861, 2.638472], [-78.364861, 2.63875], [-78.364585, 2.63875], [-78.364585, 2.639028], [-78.364029, 2.639028], [-78.364029, 2.639306], [-78.363471, 2.639306], [-78.363471, 2.639582], [-78.363197, 2.639582], [-78.363197, 2.63986], [-78.362641, 2.63986], [-78.362641, 2.640138], [-78.362083, 2.640138], [-78.362083, 2.640416], [-78.361527, 2.640416], [-78.361527, 2.640694], [-78.360971, 2.640694], [-78.360971, 2.640973], [-78.360419, 2.640973], [-78.360419, 2.641251], [-78.359863, 2.641251], [-78.359863, 2.641529], [-78.359307, 2.641529], [-78.359307, 2.641807], [-78.358749, 2.641807], [-78.358749, 2.642085], [-78.358192, 2.642085], [-78.358192, 2.642361], [-78.357636, 2.642361], [-78.357636, 2.642639], [-78.357087, 2.642639], [-78.357087, 2.642917], [-78.356529, 2.642917], [-78.356529, 2.643195], [-78.355973, 2.643195], [-78.355973, 2.643473], [-78.355416, 2.643473], [-78.355416, 2.643751], [-78.354858, 2.643751], [-78.354858, 2.644027], [-78.354309, 2.644027], [-78.354309, 2.644305], [-78.353753, 2.644305], [-78.353753, 2.644583], [-78.353194, 2.644583], [-78.353194, 2.644861], [-78.352638, 2.644861], [-78.352638, 2.645139], [-78.352082, 2.645139], [-78.352082, 2.645417], [-78.351524, 2.645417], [-78.351524, 2.645695], [-78.350974, 2.645695], [-78.350974, 2.645973], [-78.350418, 2.645973], [-78.350418, 2.646251], [-78.349862, 2.646251], [-78.349862, 2.646529], [-78.349304, 2.646527], [-78.349304, 2.646805], [-78.348748, 2.646805], [-78.348748, 2.647083], [-78.348198, 2.647083], [-78.348198, 2.647361], [-78.34764, 2.647361], [-78.34764, 2.647639], [-78.347084, 2.647639], [-78.347084, 2.647917], [-78.346528, 2.647917], [-78.346528, 2.648195], [-78.345969, 2.648195], [-78.345969, 2.648473], [-78.345413, 2.648473], [-78.345413, 2.648751], [-78.344864, 2.648751], [-78.344864, 2.649029], [-78.344308, 2.649027], [-78.344308, 2.649305], [-78.34375, 2.649305], [-78.34375, 2.649583], [-78.343193, 2.649583], [-78.343193, 2.649861], [-78.342635, 2.649861], [-78.342635, 2.650139], [-78.342086, 2.650139], [-78.342086, 2.650417], [-78.34153, 2.650417], [-78.34153, 2.650695], [-78.340974, 2.650695], [-78.340974, 2.650973], [-78.340698, 2.650973], [-78.340698, 2.651251], [-78.340142, 2.651251], [-78.340142, 2.651527], [-78.339859, 2.651527], [-78.339859, 2.651805], [-78.339583, 2.651805], [-78.339583, 2.652083], [-78.339027, 2.652083], [-78.339027, 2.652361], [-78.338754, 2.652361], [-78.338754, 2.652639], [-78.338471, 2.652639], [-78.338471, 2.652917], [-78.337913, 2.652917], [-78.337913, 2.653196], [-78.337639, 2.653196], [-78.337639, 2.653471], [-78.337363, 2.653471], [-78.337363, 2.653749], [-78.337081, 2.653749], [-78.337081, 2.654027], [-78.336525, 2.654027], [-78.336525, 2.654305], [-78.336251, 2.654305], [-78.336251, 2.654584], [-78.335975, 2.654584], [-78.335975, 2.654862], [-78.335419, 2.654862], [-78.335419, 2.65514], [-78.335137, 2.65514], [-78.335137, 2.655418], [-78.334861, 2.655418], [-78.334861, 2.655693], [-78.334305, 2.655693], [-78.334305, 2.655972], [-78.334031, 2.655972], [-78.334031, 2.65625], [-78.333473, 2.65625], [-78.333473, 2.655972], [-78.332917, 2.655972], [-78.332917, 2.655693], [-78.332358, 2.655693], [-78.332358, 2.655418], [-78.332085, 2.655418], [-78.332085, 2.65514], [-78.331529, 2.65514], [-78.331529, 2.654862], [-78.33097, 2.654862], [-78.33097, 2.654584], [-78.330697, 2.654584], [-78.330697, 2.654305], [-78.330139, 2.654305], [-78.330139, 2.654027], [-78.329582, 2.654027], [-78.329582, 2.653749], [-78.328477, 2.653749], [-78.328477, 2.654027], [-78.326804, 2.654027], [-78.326804, 2.654305], [-78.32486, 2.654305], [-78.32486, 2.654584], [-78.322914, 2.654584], [-78.322914, 2.654862], [-78.32125, 2.654862], [-78.32125, 2.65514], [-78.319306, 2.65514], [-78.319306, 2.655418], [-78.317642, 2.655418], [-78.317642, 2.655693], [-78.315696, 2.655693], [-78.315696, 2.655972], [-78.314025, 2.655972], [-78.314025, 2.65625], [-78.312081, 2.65625], [-78.312081, 2.656528], [-78.310141, 2.656528], [-78.310141, 2.656806], [-78.308471, 2.656806], [-78.308471, 2.657084], [-78.306527, 2.657084], [-78.306527, 2.657362], [-78.304863, 2.657362], [-78.304863, 2.65764], [-78.303192, 2.65764], [-78.303192, 2.657362], [-78.301804, 2.657362], [-78.301804, 2.657084], [-78.300414, 2.657084], [-78.300414, 2.656806], [-78.298753, 2.656806], [-78.298753, 2.656528], [-78.297362, 2.656528], [-78.297362, 2.65625], [-78.295974, 2.65625], [-78.295974, 2.655972], [-78.294586, 2.655972], [-78.294586, 2.655693], [-78.293198, 2.655693], [-78.293198, 2.655418], [-78.291808, 2.655418], [-78.291808, 2.65514], [-78.290413, 2.65514], [-78.290413, 2.654862], [-78.288749, 2.654862], [-78.288749, 2.654584], [-78.287086, 2.654584], [-78.287086, 2.654305], [-78.285698, 2.654305], [-78.285698, 2.654584], [-78.284583, 2.654584], [-78.284583, 2.654862], [-78.280137, 2.654862], [-78.280137, 2.65514], [-78.275138, 2.65514], [-78.275138, 2.655418], [-78.272362, 2.655418], [-78.272362, 2.655693], [-78.270692, 2.655693], [-78.270692, 2.655972], [-78.270143, 2.655972], [-78.270143, 2.65625], [-78.269584, 2.65625], [-78.269584, 2.656528], [-78.269028, 2.656528], [-78.269028, 2.656806], [-78.26847, 2.656806], [-78.26847, 2.657084], [-78.268196, 2.657084], [-78.268196, 2.657362], [-78.26764, 2.657362], [-78.26764, 2.65764], [-78.267082, 2.65764], [-78.267082, 2.657918], [-78.266526, 2.657918], [-78.266526, 2.658194], [-78.265976, 2.658194], [-78.265976, 2.658472], [-78.265418, 2.658472], [-78.265418, 2.65875], [-78.264862, 2.65875], [-78.264862, 2.659028], [-78.26403, 2.659028], [-78.26403, 2.659306], [-78.263191, 2.659306], [-78.263191, 2.659584], [-78.262642, 2.659584], [-78.262642, 2.659862], [-78.261803, 2.659862], [-78.261803, 2.66014], [-78.261254, 2.660138], [-78.261254, 2.660416], [-78.260696, 2.660416], [-78.260696, 2.660694], [-78.259866, 2.660694], [-78.259866, 2.660972], [-78.259308, 2.660972], [-78.259308, 2.66125], [-78.258751, 2.66125], [-78.258751, 2.661528], [-78.258193, 2.661528], [-78.258193, 2.661806], [-78.256805, 2.661806], [-78.256805, 2.662084], [-78.254861, 2.662084], [-78.254861, 2.662362], [-78.253197, 2.662362], [-78.253197, 2.66264], [-78.251251, 2.662638], [-78.251251, 2.662916], [-78.24958, 2.662916], [-78.24958, 2.663194], [-78.247916, 2.663194], [-78.247916, 2.663472], [-78.247085, 2.663472], [-78.247085, 2.66375], [-78.246743, 2.66375], [-78.246528, 2.66375], [-78.246528, 2.664028], [-78.245972, 2.664028], [-78.245972, 2.664306], [-78.24569, 2.664306], [-78.245414, 2.664306], [-78.245414, 2.664584], [-78.244858, 2.664584], [-78.244858, 2.66486], [-78.244309, 2.66486], [-78.244309, 2.665138], [-78.239228, 2.665138], [-78.238198, 2.665138], [-78.238198, 2.665416], [-78.235969, 2.665416], [-78.235969, 2.665694], [-78.233749, 2.665694], [-78.233749, 2.665972], [-78.231529, 2.665972], [-78.231529, 2.66625], [-78.22931, 2.66625], [-78.22931, 2.666528], [-78.227081, 2.666528], [-78.227081, 2.666807], [-78.224861, 2.666807], [-78.224861, 2.667082], [-78.222358, 2.667082], [-78.222358, 2.66736], [-78.220138, 2.66736], [-78.220138, 2.667638], [-78.217918, 2.667638], [-78.217918, 2.667916], [-78.215699, 2.667916], [-78.215699, 2.668195], [-78.213691, 2.668195], [-78.21347, 2.668195], [-78.21347, 2.668473], [-78.21125, 2.668473], [-78.21125, 2.668751], [-78.20903, 2.668751], [-78.20903, 2.669029], [-78.202637, 2.669029], [-78.202637, 2.669304], [-78.196526, 2.669304], [-78.196526, 2.669583], [-78.194863, 2.669583], [-78.194863, 2.669861], [-78.192916, 2.669861], [-78.192916, 2.670139], [-78.191253, 2.670139], [-78.191253, 2.670417], [-78.189582, 2.670417], [-78.189582, 2.670695], [-78.18792, 2.670695], [-78.18792, 2.670973], [-78.18625, 2.670973], [-78.18625, 2.671251], [-78.185142, 2.671251], [-78.185142, 2.671529], [-78.184586, 2.671529], [-78.184586, 2.671805], [-78.184028, 2.671805], [-78.184028, 2.672083], [-78.183198, 2.672083], [-78.183198, 2.672361], [-78.18264, 2.672361], [-78.18264, 2.672639], [-78.182084, 2.672639], [-78.182084, 2.672917], [-78.181525, 2.672917], [-78.181525, 2.673195], [-78.180696, 2.673195], [-78.180696, 2.673473], [-78.179581, 2.673473], [-78.179581, 2.673751], [-78.178749, 2.673749], [-78.178749, 2.674027], [-78.177917, 2.674027], [-78.177917, 2.674305], [-78.176803, 2.674305], [-78.176803, 2.674583], [-78.175971, 2.674583], [-78.175971, 2.674861], [-78.174859, 2.674861], [-78.174859, 2.675139], [-78.173195, 2.675139], [-78.173195, 2.675417], [-78.171524, 2.675417], [-78.171524, 2.675695], [-78.169861, 2.675695], [-78.169861, 2.675973], [-78.165694, 2.675973], [-78.165694, 2.676251], [-78.162362, 2.676249], [-78.162362, 2.676527], [-78.162086, 2.676527], [-78.162086, 2.676805], [-78.161804, 2.676805], [-78.161804, 2.677361], [-78.16153, 2.677361], [-78.16153, 2.677639], [-78.161248, 2.677639], [-78.161248, 2.677917], [-78.160972, 2.677917], [-78.160972, 2.678195], [-78.160698, 2.678195], [-78.160698, 2.678471], [-78.160416, 2.678471], [-78.160416, 2.679027], [-78.16014, 2.679027], [-78.16014, 2.679305], [-78.15986, 2.679305], [-78.15986, 2.679583], [-78.159584, 2.679583], [-78.159584, 2.679861], [-78.159301, 2.679861], [-78.159301, 2.680139], [-78.159028, 2.680139], [-78.159028, 2.680693], [-78.158752, 2.680693], [-78.158752, 2.680971], [-78.158469, 2.680971], [-78.158469, 2.681249], [-78.158196, 2.681249], [-78.158196, 2.681527], [-78.157913, 2.681527], [-78.157913, 2.681806], [-78.157638, 2.681806], [-78.157638, 2.682362], [-78.157364, 2.682362], [-78.157364, 2.68264], [-78.157081, 2.68264], [-78.157081, 2.682918], [-78.155135, 2.682918], [-78.155135, 2.683194], [-78.151803, 2.683194], [-78.151803, 2.683472], [-78.146529, 2.683472]]]]}}]}