scaler,discretizer,reducer,model,kernel,config_id,status,error,accuracy_mean,accuracy_std,f1_macro_mean,f1_macro_std,mcc_mean,mcc_std,auc_ovr_macro_mean,auc_ovr_macro_std,fit_seconds_mean,fit_seconds_std,score_seconds_mean,score_seconds_std,n_classes_mean,n_classes_std
standard,uniform,pca,ksvc,linear,standard__uniform__pca__ksvc__linear,ok,,0.7088205897051475,0.03286553417529583,0.43141735096706907,0.02743880129160744,0.5349624172082221,0.04293537849062289,0.7856214995616629,0.029369861631390926,0.004788749999230883,0.003464993182519686,0.0006958946669328725,3.365557420280834e-05,5.0,0.0
standard,uniform,pca,ksvc,poly,standard__uniform__pca__ksvc__poly,ok,,0.7347576211894054,0.042046259287930876,0.5204379639489515,0.04695922946701622,0.5857253497850271,0.05950249995414561,0.8323624900653267,0.025553752292506324,0.004788573332916712,0.003301192633482828,0.0007291813326446572,2.210090388877646e-05,5.0,0.0
standard,uniform,pca,ksvc,rbf,standard__uniform__pca__ksvc__rbf,ok,,0.7175412293853074,0.036409308985611726,0.4064500280546859,0.01608194917456444,0.5540116744672857,0.03667543122555802,0.7992668191324475,0.010825956883986848,0.004626831000374902,0.0035299988266674384,0.0010362170002432929,8.323499540033797e-05,5.0,0.0
standard,uniform,pca,ksvc,hyperbolic,standard__uniform__pca__ksvc__hyperbolic,ok,,0.6369315342328836,0.05043640087782691,0.3385707433076144,0.043377836711154416,0.42660281623703006,0.0550907662731341,0.6808168096190542,0.01651280338570553,0.0049283063338710536,0.003585812393280902,0.0007663790001970483,4.505114803205043e-05,5.0,0.0
standard,uniform,pca,ksvc,triangle,standard__uniform__pca__ksvc__triangle,ok,,0.714567716141929,0.044898578637477406,0.42724645797344074,0.020638090614988946,0.5497349262782764,0.062288473891285834,0.8127557818438301,0.020455082439117842,0.0028303603339736583,0.0005808602202170326,0.0012138393334074256,0.00015135352414949547,5.0,0.0
standard,uniform,pca,ksvc,radial_basic,standard__uniform__pca__ksvc__radial_basic,ok,,0.7231384307846076,0.052116774293864944,0.47517489343330926,0.08174707891968273,0.5674786264384699,0.07986575646894868,0.8017873918598731,0.018685842931993834,0.003979406332897876,0.0005483198647927048,0.0018646040007297415,0.00011952107887158045,5.0,0.0
standard,uniform,pca,ksvc,rquadratic,standard__uniform__pca__ksvc__rquadratic,ok,,0.7174412793603199,0.03989932826020115,0.4235455607869179,0.04107729533257537,0.5523975770845808,0.05791443630869261,0.8034569604532282,0.015789590906965828,0.0024107793330282825,0.00018405076510961155,0.0011402923337300308,9.190965110204395e-05,5.0,0.0
standard,uniform,pca,ksvc,canberra,standard__uniform__pca__ksvc__canberra,ok,,0.7030484757621189,0.04101508676205093,0.3434122796166114,0.030605218745434575,0.5375822744012243,0.055762141785663494,0.7908428867416358,0.014516402893759805,0.0043586293334859265,0.0003873540639918117,0.002444270333095725,4.1398655064927384e-05,5.0,0.0
standard,uniform,pca,ksvc,truncated,standard__uniform__pca__ksvc__truncated,ok,,0.6915542228885556,0.0474801544999318,0.3822898348428343,0.03130516814653376,0.5041410319024088,0.05969400305551907,0.8159376166814521,0.0024926735511202817,0.0071294096669589635,0.00045191085162488213,0.0021734866665307586,0.0001133853015203022,5.0,0.0
standard,uniform,pca,kannc,linear,standard__uniform__pca__kannc__linear,ok,,0.7059220389805096,0.08698897789923433,0.439804390484633,0.09632295607281585,0.5527908548871325,0.11537572888466989,0.8457859077468705,0.04566028982128433,0.2363256500005567,0.018227256295908326,0.17535759200048537,0.0004797616936478185,5.0,0.0
standard,uniform,pca,kannc,poly,standard__uniform__pca__kannc__poly,ok,,0.6628685657171415,0.017794332877572858,0.32933959743543906,0.04758881370878341,0.44061261653149414,0.041819718281599964,0.7578249578651107,0.023175112353002455,0.24614396399980856,0.007095954171005051,0.19668693199916257,0.0019411391115023986,5.0,0.0
standard,uniform,pca,kannc,rbf,standard__uniform__pca__kannc__rbf,ok,,0.5561969015492254,0.003526869445019997,0.1731080865628358,0.021549828406346973,0.1328938147636314,0.06493782998557102,0.610393539436176,0.19854867748615865,2.096418117333087,0.08568526917914082,1.6303369896674365,0.06423642574095031,5.0,0.0
standard,uniform,pca,kannc,hyperbolic,standard__uniform__pca__kannc__hyperbolic,ok,,0.6112443778110944,0.07232615446442754,0.26706991706080546,0.07321534658571821,0.3054615803378696,0.15890469272020985,0.6546632742844497,0.13490027367386204,0.24999501866659557,0.008986859397420157,0.2101552566667427,0.005496779864046077,5.0,0.0
standard,uniform,pca,kannc,triangle,standard__uniform__pca__kannc__triangle,ok,,0.5851574212893552,0.035789297366329687,0.2223268697793429,0.035711940555846804,0.23878156598207653,0.08716678100344798,0.692626169542539,0.11426783891953339,2.435227775332654,0.0512662050489552,1.9668278496671217,0.07340355339026661,5.0,0.0
standard,uniform,pca,kannc,radial_basic,standard__uniform__pca__kannc__radial_basic,ok,,0.6399050474762619,0.03763737270364406,0.25663088209757995,0.03830179971276666,0.37544201164319185,0.11414371154941043,0.7851252526183425,0.03245181089935851,0.27426549366646213,0.008414820413087266,0.21826015800009677,0.008904893504868559,5.0,0.0
standard,uniform,pca,kannc,rquadratic,standard__uniform__pca__kannc__rquadratic,ok,,0.5562218890554722,0.009487029238665448,0.17727598139672396,0.027720427292502025,0.11088955728596846,0.08088445804365971,0.606215549777903,0.18321826752713838,1.9759727119999297,0.06413061372551403,1.5943092409997917,0.056714766766193844,5.0,0.0
standard,uniform,pca,kannc,canberra,standard__uniform__pca__kannc__canberra,ok,,0.5331834082958521,0.023518115570015274,0.1645027600708827,0.03196958298131829,0.03338054241125541,0.07809419481454483,0.534436760377401,0.1415265753293594,0.40121997833375644,0.003596949824547561,0.3249622736663393,0.018097515471570846,5.0,0.0
standard,uniform,pca,kannc,truncated,standard__uniform__pca__kannc__truncated,ok,,0.5475762118940529,0.009463372664592464,0.15875378421621195,0.01232652242312586,0.057806897315015954,0.06998721422306764,0.5966154500017848,0.07894136859819782,0.3125456029999138,0.012809457839494236,0.2482929946660685,0.010796252017972003,5.0,0.0
standard,uniform,pca,kridge,linear,standard__uniform__pca__kridge__linear,ok,,0.7057721139430285,0.08659549985253356,0.48318410019355507,0.10339188382168031,0.5587170012343422,0.11801269424921264,0.8013225932708647,0.042429463284945304,0.0017831623342014307,0.0001768484087716853,0.00045997133262668893,1.3744507520099759e-05,5.0,0.0
standard,uniform,pca,kridge,poly,standard__uniform__pca__kridge__poly,ok,,0.7117441279360319,0.05229606283547889,0.418852616204052,0.03510039376274051,0.529272240406793,0.07722194271544512,0.8551879913531971,0.03937879331711303,0.0017082926660805242,4.347513552111648e-05,0.00048769066658375476,2.9071577181355553e-05,5.0,0.0
standard,uniform,pca,kridge,rbf,standard__uniform__pca__kridge__rbf,ok,,0.7030734632683658,0.057864169835777274,0.3929906860481573,0.05645704358665468,0.5212113999189428,0.08325079317606612,0.8446130490803765,0.03123665931270971,0.0018667850011600724,1.0286567530686982e-05,0.0008318666671887817,2.8890362568380602e-05,5.0,0.0
standard,uniform,pca,kridge,hyperbolic,standard__uniform__pca__kridge__hyperbolic,ok,,0.4607196401799101,0.11180407739988212,0.2723616054165198,0.07825540727053379,0.2123179917416803,0.13451013021955568,0.6623358890419513,0.06432581943319089,0.0017680966666375753,0.00013092731603375494,0.0005163923330352797,3.328858759525038e-05,5.0,0.0
standard,uniform,pca,kridge,triangle,standard__uniform__pca__kridge__triangle,ok,,0.7002748625687157,0.017897928206414282,0.42334191655589715,0.0241057233685409,0.5226160813066635,0.005571224617743789,0.8218866663229627,0.01563620655334103,0.0019735353325813776,4.747700630849832e-05,0.0009509746669209562,0.00010230380977932865,5.0,0.0
standard,uniform,pca,kridge,radial_basic,standard__uniform__pca__kridge__radial_basic,ok,,0.7117191404297851,0.04537003191088207,0.4148363210492864,0.04230721902879831,0.5373996630074077,0.06105838769431161,0.8568648466173215,0.027433092845876535,0.0038852966675525145,0.00041079780923199117,0.002154383999974622,0.00010931334625957473,5.0,0.0
standard,uniform,pca,kridge,rquadratic,standard__uniform__pca__kridge__rquadratic,ok,,0.7116691654172914,0.04789122682705673,0.41481247780607194,0.04084451957033981,0.542870845241357,0.068340978790735,0.8622510870903474,0.016666230064442556,0.001968496333574876,0.0002544343721829305,0.0008872563327410413,0.00010174573481582792,5.0,0.0
standard,uniform,pca,kridge,canberra,standard__uniform__pca__kridge__canberra,ok,,0.7002248875562219,0.02912259281994123,0.4166202218702919,0.010765143825560479,0.514973367342291,0.02845732986752309,0.8483450687477232,0.017098438098393943,0.003556555999845538,0.00012076792250164435,0.00222124799984158,0.00013917581600496738,5.0,0.0
standard,uniform,pca,kridge,truncated,standard__uniform__pca__kridge__truncated,ok,,0.6915292353823089,0.0476773798479708,0.3970342673053336,0.04477992221344913,0.5032675363131068,0.06757405236619626,0.8544604637389206,0.011572632957175874,0.006214985332917422,0.00034186660673279635,0.0018589499995869119,4.11447395685283e-05,5.0,0.0
standard,uniform,lda,ksvc,linear,standard__uniform__lda__ksvc__linear,ok,,0.7751624187906047,0.04424170467144836,0.5931192578688337,0.057284721674257,0.6475188020980773,0.0568341290788219,0.849108765732388,0.025986424641063217,0.0025825339998846175,0.0001138814851516845,0.0006741626669584851,1.305126745602941e-05,5.0,0.0
standard,uniform,lda,ksvc,poly,standard__uniform__lda__ksvc__poly,ok,,0.7721889055472264,0.04770597259477923,0.5845945013842527,0.10692507911099981,0.6462506232126692,0.07295177355158877,0.8844259945342938,0.02302794973567448,0.002626341332870652,0.00011863730951622651,0.0007435216666635824,3.7108907971769295e-05,5.0,0.0
standard,uniform,lda,ksvc,rbf,standard__uniform__lda__ksvc__rbf,ok,,0.7519990004997501,0.05555352629822217,0.5153356828359289,0.0744458803882516,0.6135325096776796,0.07724813668671478,0.8621332072682631,0.02081378536826272,0.0024123596667777747,8.503140540699592e-05,0.0009959003339948442,2.4375472021427142e-05,5.0,0.0
standard,uniform,lda,ksvc,hyperbolic,standard__uniform__lda__ksvc__hyperbolic,ok,,0.6541479260369815,0.039441510219101084,0.3587173621859943,0.013054210238134644,0.4488715032266802,0.04406659195450256,0.7514366822111249,0.05567137280689726,0.00229046033321841,4.8841292756602965e-05,0.0007492529997155847,4.5023237558983124e-05,5.0,0.0
standard,uniform,lda,ksvc,triangle,standard__uniform__lda__ksvc__triangle,ok,,0.7721639180409795,0.05040159019937068,0.5714001803962853,0.07967413546317265,0.6436893483075203,0.07325157866348604,0.88325162235303,0.025044280867714087,0.002713237333106614,0.00011081997034525446,0.001173662666284751,1.6840466625482836e-05,5.0,0.0
standard,uniform,lda,ksvc,radial_basic,standard__uniform__lda__ksvc__radial_basic,ok,,0.7751374312843579,0.037097502358818805,0.5709228788509036,0.07639933110842884,0.6485216319511314,0.048596239247447076,0.8712105857051634,0.016355870803430334,0.0038661700000375276,0.0002161770258306071,0.0019564126669138204,5.7133733417730956e-05,5.0,0.0
standard,uniform,lda,ksvc,rquadratic,standard__uniform__lda__ksvc__rquadratic,ok,,0.7606446776611694,0.05087177670722963,0.5357481106492217,0.0682505144246769,0.6261031322823305,0.07203227037689088,0.8795682384679325,0.028928037506719746,0.0026524043326692968,8.178377174263853e-05,0.0009904599998359724,4.505227371962243e-05,5.0,0.0
standard,uniform,lda,ksvc,canberra,standard__uniform__lda__ksvc__canberra,ok,,0.749175412293853,0.05550156579852465,0.4939372945310388,0.09898207939349798,0.6033063190069795,0.07711213038243103,0.8488236391776741,0.03183252846128337,0.004354090666917425,7.588816284262513e-05,0.0023694613331220657,9.697194960410729e-05,5.0,0.0
standard,uniform,lda,ksvc,truncated,standard__uniform__lda__ksvc__truncated,ok,,0.755072463768116,0.04283749222931727,0.5207580242721082,0.020546253996948344,0.6125059603293478,0.04930735531960645,0.864933880623949,0.014581585396636267,0.006747698667216658,0.000503880250727257,0.0019857456669948683,6.320365106223709e-05,5.0,0.0
standard,uniform,lda,kannc,linear,standard__uniform__lda__kannc__linear,ok,,0.7376061969015493,0.05273904291888822,0.4967054375150283,0.05011194127072627,0.5887043112863904,0.07328468757724269,0.8953528169159147,0.02322051480816018,0.18998948999978893,0.0042679543673733574,0.15008163566684138,0.004508002822134326,5.0,0.0
standard,uniform,lda,kannc,poly,standard__uniform__lda__kannc__poly,ok,,0.714567716141929,0.044898578637477406,0.4266952202431565,0.047523180341636086,0.5551195510676928,0.05399100241333044,0.8908736952362645,0.021682525788363674,0.2228204760006823,0.003965970945199356,0.17651361766608412,0.004056653920489065,5.0,0.0
standard,uniform,lda,kannc,rbf,standard__uniform__lda__kannc__rbf,ok,,0.5994252873563218,0.03167704317131192,0.24286710682536664,0.06840610853804821,0.3014026619606005,0.13551102568411003,0.746827560970898,0.11007783635476592,1.9363390699994245,0.024984677565085097,1.5754348350001237,0.012564233035111267,5.0,0.0
standard,uniform,lda,kannc,hyperbolic,standard__uniform__lda__kannc__hyperbolic,ok,,0.6974012993503248,0.0352155442299413,0.401558044291552,0.07817741224714249,0.5137347229629731,0.08390572645813678,0.7523362396715706,0.04347224492056518,0.22604009199979677,0.0012691358859173803,0.17451014833325948,0.0008837728767141486,5.0,0.0
standard,uniform,lda,kannc,triangle,standard__uniform__lda__kannc__triangle,ok,,0.6685657171414293,0.015092784729832406,0.3735337488313398,0.026230204065676322,0.4457198314906475,0.04065427415794402,0.8247689915040693,0.052361846318841394,2.390052644333385,0.03137969209800758,1.9329006163340334,0.028203767326966816,5.0,0.0
standard,uniform,lda,kannc,radial_basic,standard__uniform__lda__kannc__radial_basic,ok,,0.6972013993003499,0.06137782027222393,0.37673456145683143,0.04359816007533094,0.5388987644205311,0.070550533066801,0.8564994025956779,0.03665318681721641,0.26431210566685576,0.004798647243445296,0.20269511933353593,0.0003484757831643768,5.0,0.0
standard,uniform,lda,kannc,rquadratic,standard__uniform__lda__kannc__rquadratic,ok,,0.593728135932034,0.024282174091612777,0.22159325470106792,0.05270301867632444,0.25754783025646605,0.10361361900035035,0.7434342626057951,0.09417421046984094,1.9525439126664423,0.011947431918106542,1.583739944666983,0.030384478907564915,5.0,0.0
standard,uniform,lda,kannc,canberra,standard__uniform__lda__kannc__canberra,ok,,0.5272363818090954,0.035338995362002794,0.1747977914308756,0.022028051762362572,0.11139318420028825,0.07922363745053942,0.6327159780315122,0.1350552082362695,0.38891884733432863,0.010030852060897034,0.3123875676665193,0.01331347251689708,5.0,0.0
standard,uniform,lda,kannc,truncated,standard__uniform__lda__kannc__truncated,ok,,0.5447026486756621,0.009068158464880377,0.190579167794682,0.03712691568902371,0.07820384449624813,0.09739429798137111,0.6400508774630157,0.06549042408380604,0.3005186886663675,0.0006871602340661335,0.24110981200040746,0.0032211570187529455,5.0,0.0
standard,uniform,lda,kridge,linear,standard__uniform__lda__kridge__linear,ok,,0.74047976011994,0.04717070720386733,0.5264066679119587,0.052193931354956334,0.6083783401294391,0.06648310962900064,0.8265099271548845,0.041491067715036745,0.0021730093333947784,0.00011837503701227876,0.0004632873333321186,1.0972319984340837e-05,5.0,0.0
standard,uniform,lda,kridge,poly,standard__uniform__lda__kridge__poly,ok,,0.7491254372813593,0.04714235932107271,0.4920211798382946,0.06830357399217578,0.5978716257686683,0.07050320649888016,0.8791328646485895,0.07120637865127341,0.0019374136675954408,2.6525727932332993e-05,0.00044416766650101636,4.108134427076085e-06,5.0,0.0
standard,uniform,lda,kridge,rbf,standard__uniform__lda__kridge__rbf,ok,,0.7635932033983007,0.039408252326080334,0.5356554555148098,0.04063681705755892,0.6243086657651603,0.053395079732404274,0.8957684264892416,0.05403840146731543,0.001999992666848508,1.8897112772344e-05,0.0007287836670002434,1.5967701478008016e-05,5.0,0.0
standard,uniform,lda,kridge,hyperbolic,standard__uniform__lda__kridge__hyperbolic,ok,,0.6224637681159421,0.03187687031540553,0.4535517720548626,0.023729852551609722,0.450485659251673,0.034236533163224406,0.7445403825184691,0.09506737506825354,0.001960196999789332,8.174799588655259e-05,0.00047964533223421313,1.196841997039514e-05,5.0,0.0
standard,uniform,lda,kridge,triangle,standard__uniform__lda__kridge__triangle,ok,,0.7635932033983007,0.025714098658643603,0.5478507522538543,0.05854927809891673,0.6255679633743124,0.04017516153491581,0.8845625691285965,0.03985256185491729,0.0022977743325706492,0.00013269603368142553,0.0008400626672179593,8.015480030615069e-06,5.0,0.0
standard,uniform,lda,kridge,radial_basic,standard__uniform__lda__kridge__radial_basic,ok,,0.7664917541229386,0.03711591053426428,0.5570767966869176,0.04236137565408181,0.631524347225064,0.04841130565999487,0.9005357902654171,0.05012898722954731,0.0036645016668141275,0.0003791543905535859,0.0017657993327399406,0.0001984783191293301,5.0,0.0
standard,uniform,lda,kridge,rquadratic,standard__uniform__lda__kridge__rquadratic,ok,,0.7664417791104446,0.04007592505122429,0.5549005050416344,0.05695371692082647,0.6323804641710302,0.0564407714000353,0.9024048930497682,0.04939111848162396,0.0022285089999058982,0.0001056973780601391,0.0007706203329386577,7.221631097876725e-05,5.0,0.0
standard,uniform,lda,kridge,canberra,standard__uniform__lda__kridge__canberra,ok,,0.7520739630184908,0.030099813533069942,0.533261125323862,0.060369909706767574,0.6093301512837844,0.03834496400847896,0.8936491094493239,0.030520599434222664,0.003920890666146685,0.00022404091354984737,0.0020158829999369723,1.8561621881537962e-05,5.0,0.0
standard,uniform,lda,kridge,truncated,standard__uniform__lda__kridge__truncated,ok,,0.7376311844077961,0.03642823632629028,0.5292037138193432,0.0653284457933954,0.5889310989763716,0.052710555788840846,0.8888260381601917,0.03141684274270638,0.006122234667297259,0.0002973562598261304,0.001809489000152098,0.00016932059807388066,5.0,0.0
standard,kmeans,pca,ksvc,linear,standard__kmeans__pca__ksvc__linear,ok,,0.544727636181909,0.07877031443616953,0.43177686438247703,0.019434671042512373,0.38862413084145525,0.0915114137686436,0.8067746380495269,0.04527279474323337,0.013517390999671383,0.005853222995768612,0.0009662373334625348,9.385715436768521e-06,5.0,0.0
standard,kmeans,pca,ksvc,poly,standard__kmeans__pca__ksvc__poly,ok,,0.55912043978011,0.07812975083775411,0.46792486187044924,0.03169174252426152,0.411914435903521,0.0901918991553596,0.8236547262497504,0.03994198750084176,0.00708081700031471,0.0002082149144295344,0.0007439360003142307,4.356416395759923e-06,5.0,0.0
standard,kmeans,pca,ksvc,rbf,standard__kmeans__pca__ksvc__rbf,ok,,0.55039980009995,0.05338876452244166,0.41305961898922167,0.011512055856824648,0.4005845140196171,0.055316478078232284,0.8032696617853065,0.031483543648707354,0.00779437833322542,0.0008283924438959766,0.0011306473334116163,0.00010912636423361186,5.0,0.0
standard,kmeans,pca,ksvc,hyperbolic,standard__kmeans__pca__ksvc__hyperbolic,ok,,0.41211894052973513,0.07400098806589483,0.2923659807895329,0.05450296920826185,0.218577250128988,0.08460185981565152,0.693015261272782,0.0439755235203534,0.007297366666534799,0.000505964488770898,0.0008447819994520008,6.790447762402237e-05,5.0,0.0
standard,kmeans,pca,ksvc,triangle,standard__kmeans__pca__ksvc__triangle,ok,,0.5908045977011495,0.049698523009490715,0.48996037887799293,0.03224076248357953,0.45521799045343675,0.04839051883965912,0.8395601246293696,0.029918984575425175,0.008357960334251402,0.0009541122024339664,0.0012019733330816962,4.9854787203398964e-05,5.0,0.0
standard,kmeans,pca,ksvc,radial_basic,standard__kmeans__pca__ksvc__radial_basic,ok,,0.5620189905047476,0.05816181185230534,0.46587215400098875,0.015833035909797843,0.41530520134053467,0.061763414280867734,0.8195341601019622,0.03454393039162971,0.008547652666796543,0.00012842037512594397,0.001978358332659506,5.5829568949882755e-05,5.0,0.0
standard,kmeans,pca,ksvc,rquadratic,standard__kmeans__pca__ksvc__rquadratic,ok,,0.5821339330334833,0.05279179462451459,0.45671011051699906,0.01753998918568859,0.4418448088197324,0.05497164387103883,0.824701092250378,0.03206573452204057,0.007002146666612437,0.00012161867547301183,0.0010742230006144382,1.9499133756173876e-05,5.0,0.0
standard,kmeans,pca,ksvc,canberra,standard__kmeans__pca__ksvc__canberra,ok,,0.5447526236881559,0.0699751991592057,0.3913815126520022,0.015342388954533421,0.3995548061124838,0.07791442699648746,0.8109312478971965,0.03960242555085177,0.009042660332852392,0.0002276880237400766,0.0023851270004039784,4.252186502980825e-05,5.0,0.0
standard,kmeans,pca,ksvc,truncated,standard__kmeans__pca__ksvc__truncated,ok,,0.5361319340329835,0.05604794013221214,0.4131377644833005,0.019397512022341443,0.3771489952801379,0.06254024391569712,0.8358588164369367,0.041251003497621085,0.011591270000280929,0.00010634761983866178,0.00213864733329198,3.884222057202734e-05,5.0,0.0
standard,kmeans,pca,kannc,linear,standard__kmeans__pca__kannc__linear,ok,,0.4724887556221889,0.08734290503380623,0.36557251464985036,0.039377424681687395,0.31986656440944916,0.09154375940683512,0.8170776744077455,0.01363625159234911,0.2035776263334507,0.016627685199077556,0.14493764366670803,0.0015885041215886113,5.0,0.0
standard,kmeans,pca,kannc,poly,standard__kmeans__pca__kannc__poly,ok,,0.48718140929535236,0.058673612438260934,0.3393696748893918,0.04112211536098661,0.3106025985826469,0.07333847225076935,0.7793214335183345,0.03671192157055392,0.22916151433370638,0.0019805991822530945,0.17735346700040586,0.003841964864591499,5.0,0.0
standard,kmeans,pca,kannc,rbf,standard__kmeans__pca__kannc__rbf,ok,,0.4296351824087956,0.1271290109460839,0.23595315547941353,0.08441226048700019,0.19302173595170846,0.1859489923934549,0.7087568813444679,0.12866004799664085,1.9740791660005925,0.008850553069903587,1.569305961333157,0.01997549556508962,5.0,0.0
standard,kmeans,pca,kannc,hyperbolic,standard__kmeans__pca__kannc__hyperbolic,ok,,0.4468015992003998,0.06622519820037613,0.2998800681401907,0.0473308314601518,0.2422646763033115,0.09167678704579604,0.7205311376028769,0.08617392713396216,0.2282487863327939,0.010793464514169241,0.1703538646670495,0.0008163347260011317,5.0,0.0
standard,kmeans,pca,kannc,triangle,standard__kmeans__pca__kannc__triangle,ok,,0.4839330334832584,0.10890252992486316,0.2970595347342592,0.10788944497045248,0.28392993097317437,0.15140741027359536,0.8044543329647977,0.027645758708772093,2.3491518346666758,0.02335054146518772,1.9287527386665413,0.07009491753751347,5.0,0.0
standard,kmeans,pca,kannc,radial_basic,standard__kmeans__pca__kannc__radial_basic,ok,,0.5074212893553223,0.09104295885700042,0.3380006235127657,0.012196936566908475,0.33670538773600417,0.1141128637919139,0.812013395380817,0.012066328413487034,0.27685459366693976,0.005889570495262189,0.20841522999944573,0.009606551460112049,5.0,0.0
standard,kmeans,pca,kannc,rquadratic,standard__kmeans__pca__kannc__rquadratic,ok,,0.4729385307346327,0.12818127477594773,0.2784966406957342,0.08210219501171756,0.26819844247815544,0.18487134600008662,0.7198788205692545,0.1398045572225332,2.0015463903328055,0.025667933577197738,1.6204252373336203,0.04638251634080344,5.0,0.0
standard,kmeans,pca,kannc,canberra,standard__kmeans__pca__kannc__canberra,ok,,0.3458520739630185,0.08129662020808508,0.1496817034708107,0.05255862804731207,0.043145790396369954,0.09306169363161322,0.6406976534899983,0.0946873496512638,0.3800019740004548,0.0023248214585287583,0.3052558236662056,0.01012017004129182,5.0,0.0
standard,kmeans,pca,kannc,truncated,standard__kmeans__pca__kannc__truncated,ok,,0.3112693653173413,0.01909081453698385,0.14373598589649483,0.019835464766445713,0.01071863160173911,0.013092709940057347,0.5875886338525178,0.04364982508303526,0.3051607453332205,0.00017740236305175872,0.23934235266642645,0.0031376246248240687,5.0,0.0
standard,kmeans,pca,kridge,linear,standard__kmeans__pca__kridge__linear,ok,,0.5332333833083457,0.08066186079944114,0.45332489263451414,0.05266053893313944,0.3836008976661563,0.09722415483285589,0.8063652170554256,0.02510100465423183,0.006448323666821428,0.00018113972526366136,0.0004498920000817937,9.289686169116162e-06,5.0,0.0
standard,kmeans,pca,kridge,poly,standard__kmeans__pca__kridge__poly,ok,,0.5620439780109945,0.0699960575822733,0.4259517310008271,0.011557646984665555,0.4087696232877723,0.07984451134217983,0.8293373582622791,0.040880305782287754,0.006407966333426884,0.0002452296220146712,0.00045616399923649925,3.6096175078770092e-06,5.0,0.0
standard,kmeans,pca,kridge,rbf,standard__kmeans__pca__kridge__rbf,ok,,0.5476511744127935,0.04593175368491744,0.4136176684689765,0.006719535703632527,0.3915818446420711,0.04572984045493533,0.8430988418000354,0.03340535225563279,0.006540575666804216,0.0002200802108094232,0.0008487593331665266,0.0001317289674272852,5.0,0.0
standard,kmeans,pca,kridge,hyperbolic,standard__kmeans__pca__kridge__hyperbolic,ok,,0.39467766116941533,0.09401497340887313,0.3183650502352076,0.10380291876555836,0.18541322565474874,0.132163610352095,0.6452237220376849,0.07413001705670309,0.006361216999721364,0.0001068187218184038,0.0004933413329126779,6.052847015488322e-06,5.0,0.0
standard,kmeans,pca,kridge,triangle,standard__kmeans__pca__kridge__triangle,ok,,0.5907546226886556,0.08466133660767661,0.4785723810897921,0.06145836996061013,0.4528478775843283,0.09953048782847543,0.8416845621668676,0.02830104395492104,0.006521860333426351,0.00011421883907102585,0.0008636043330625398,4.630346069193672e-06,5.0,0.0
standard,kmeans,pca,kridge,radial_basic,standard__kmeans__pca__kridge__radial_basic,ok,,0.5591704147926038,0.054258274057568556,0.43703027574963677,0.006728613926884025,0.40808792221624574,0.05450083967268401,0.851653539615229,0.03336457073154023,0.007831890000185618,0.00016085445981971964,0.001694980666191744,5.9662777881093454e-05,5.0,0.0
standard,kmeans,pca,kridge,rquadratic,standard__kmeans__pca__kridge__rquadratic,ok,,0.5879810094952523,0.05673925979040034,0.46900602166234745,0.022596266783331195,0.450516702264614,0.05882785514067942,0.8629188179820507,0.0327597282990148,0.006529755667240049,0.00022633053934378492,0.0007577226667005258,1.2009936543136272e-05,5.0,0.0
standard,kmeans,pca,kridge,canberra,standard__kmeans__pca__kridge__canberra,ok,,0.570664667666167,0.05138738829866647,0.4689844433699286,0.010345363127376338,0.42244941175317824,0.05323000580502103,0.8350095555925146,0.024083639892782227,0.008386187333599082,8.330812830895945e-05,0.002196287333087336,8.510993122972505e-05,5.0,0.0
standard,kmeans,pca,kridge,truncated,standard__kmeans__pca__kridge__truncated,ok,,0.5476511744127935,0.07129079605253257,0.4743172306190042,0.04668597410781351,0.3914622751512928,0.08169074012528754,0.8335009954487663,0.03148111133827767,0.01277173199984342,0.0011512457162445966,0.0018031069994322024,0.00010232174460759758,5.0,0.0
standard,kmeans,lda,ksvc,linear,standard__kmeans__lda__ksvc__linear,ok,,0.5879560219890055,0.04470634287483695,0.5321314957150115,0.020798405765133244,0.45235897274874404,0.04766044742917027,0.8430916341618103,0.018395225800873032,0.008921519333550046,0.0009119250627328245,0.0008417326668374395,8.06391997012486e-05,5.0,0.0
standard,kmeans,lda,ksvc,poly,standard__kmeans__lda__ksvc__poly,ok,,0.6110194902548726,0.035855443321496074,0.5391718718201449,0.028137243348825634,0.4795548862042754,0.03607255881964526,0.8636857894164836,0.003268418889913074,0.009042289999342756,0.00043159024729755335,0.000844768333384612,8.805637130482633e-05,5.0,0.0
standard,kmeans,lda,ksvc,rbf,standard__kmeans__lda__ksvc__rbf,ok,,0.5936281859070465,0.04641073964887926,0.49685233004033114,0.04129144725393786,0.46379624031874145,0.0486665251260843,0.8582089268387434,0.017979544509544185,0.007043990000359675,7.665673551903597e-05,0.0010127893341026113,7.020536376709377e-06,5.0,0.0
standard,kmeans,lda,ksvc,hyperbolic,standard__kmeans__lda__ksvc__hyperbolic,ok,,0.3891054472763618,0.015538090532126243,0.3011117221702884,0.0074873870257533125,0.19555118403235108,0.008136460402531197,0.7254713369460974,0.036832036359992555,0.007140030000300612,0.00015820873318752573,0.0007901276664294224,6.0534841485304445e-05,5.0,0.0
standard,kmeans,lda,ksvc,triangle,standard__kmeans__lda__ksvc__triangle,ok,,0.648375812093953,0.03648276887555368,0.570941977966754,0.03683534426494298,0.5314857830722615,0.03895945248237347,0.87061160561484,0.010632159865874537,0.007504212000640109,0.00012155971112953587,0.0011762546661581534,1.8215251164646018e-05,5.0,0.0
standard,kmeans,lda,ksvc,radial_basic,standard__kmeans__lda__ksvc__radial_basic,ok,,0.631184407796102,0.038195346585390456,0.5607555051448586,0.0075107376348322605,0.5093715196877332,0.04041067073654658,0.866045106582396,0.015938604136744253,0.008442322000216032,0.00016720168851215006,0.0019060433326861432,1.664509228782192e-05,5.0,0.0
standard,kmeans,lda,ksvc,rquadratic,standard__kmeans__lda__ksvc__rquadratic,ok,,0.6224887556221889,0.028269782800461354,0.5447486872300397,0.025994243506716763,0.49728351791677144,0.02564883289869647,0.874365903839594,0.010243507079291598,0.0070813646671012975,7.32231021161405e-05,0.0010052916671459873,7.880805045371951e-06,5.0,0.0
standard,kmeans,lda,ksvc,canberra,standard__kmeans__lda__ksvc__canberra,ok,,0.570664667666167,0.044683208945766405,0.478483468231079,0.007675538314189429,0.43080309085358337,0.0421943509473629,0.8599770387739657,0.02176946172650938,0.008899233333674298,8.47670450235435e-05,0.0022706160004114886,2.6022761823242256e-05,5.0,0.0
standard,kmeans,lda,ksvc,truncated,standard__kmeans__lda__ksvc__truncated,ok,,0.6167416291854072,0.049712503951396585,0.5329018661623605,0.016375995158823944,0.48894404764225835,0.05220875322052426,0.8543837092738795,0.023307277991645173,0.011505886666175988,0.00017010504462662944,0.0019633130001845225,3.4170644216396376e-06,5.0,0.0
standard,kmeans,lda,kannc,linear,standard__kmeans__lda__kannc__linear,ok,,0.5129185407296352,0.02749509194245503,0.35270695560397924,0.024818825743475215,0.3540414650746786,0.015021350689641135,0.8218947255758401,0.02241517697125453,0.18947427399992497,0.0024640452713861993,0.1542512239999875,0.010672920270928945,5.0,0.0
standard,kmeans,lda,kannc,poly,standard__kmeans__lda__kannc__poly,ok,,0.5734632683658171,0.03567354874090482,0.4068012428299266,0.06883618316815582,0.43280734511349855,0.03315556528084527,0.8582697797444695,0.008008038901926268,0.2391707726662086,0.006843845005336396,0.1860345810000581,0.007742191202544494,5.0,0.0
standard,kmeans,lda,kannc,rbf,standard__kmeans__lda__kannc__rbf,ok,,0.4643178410794602,0.12397310928520427,0.2727204282744487,0.06007323945764025,0.272439787139947,0.1728541357171225,0.7776845688238835,0.05420415627183561,1.969264155000322,0.008048010796894088,1.5850428346669407,0.02075689330962677,5.0,0.0
standard,kmeans,lda,kannc,hyperbolic,standard__kmeans__lda__kannc__hyperbolic,ok,,0.55912043978011,0.03003527354318203,0.4108337754941552,0.04999270404302998,0.40644237493062246,0.03327648804998067,0.8359880751251959,0.0023851340383259155,0.2331943089999792,0.005511435051480728,0.17360367866664697,0.002964103969833461,5.0,0.0
standard,kmeans,lda,kannc,triangle,standard__kmeans__lda__kannc__triangle,ok,,0.5561469265367317,0.05414463385889631,0.39231049650024225,0.07428857747563777,0.4041781019803398,0.06213390989275769,0.8509712543278954,0.013664426169916193,2.3990718133330424,0.048537453508639965,1.949913958333127,0.010522157552886845,5.0,0.0
standard,kmeans,lda,kannc,radial_basic,standard__kmeans__lda__kannc__radial_basic,ok,,0.5477011494252874,0.04443536041397174,0.3802168557785766,0.03618615007697095,0.3976286910132205,0.044986230756969545,0.8555229432093127,0.021024645331075183,0.274316814999717,0.005668242592903007,0.2051714576670444,0.004111422513229198,5.0,0.0
standard,kmeans,lda,kannc,rquadratic,standard__kmeans__lda__kannc__rquadratic,ok,,0.48728135932033984,0.11305730228919621,0.2943911557167654,0.03655414599637455,0.3087895747798242,0.13905629016776028,0.7849583655089062,0.0808880628034005,1.978356370000256,0.03569173716541896,1.5682241906670242,0.02737099977830764,5.0,0.0
standard,kmeans,lda,kannc,canberra,standard__kmeans__lda__kannc__canberra,ok,,0.4235132433783108,0.14027034811569,0.2153639046141739,0.09831341371502328,0.21000458080163156,0.19520031283457664,0.7643162445989997,0.09534441652954385,0.38430094666667475,0.00608693613282587,0.3082079466663951,0.009610799819630983,5.0,0.0
standard,kmeans,lda,kannc,truncated,standard__kmeans__lda__kannc__truncated,ok,,0.3486506746626687,0.05433939861247891,0.1632016976506577,0.04667415620355746,0.04564746723417029,0.07029743902551006,0.6088514121042026,0.03345445812306016,0.3161116866667726,0.003889707969846125,0.24044514033327383,0.0030185966340809515,5.0,0.0
standard,kmeans,lda,kridge,linear,standard__kmeans__lda__kridge__linear,ok,,0.55912043978011,0.03671532919093269,0.4853408803779203,0.037751473069123305,0.41854869295353486,0.0400303374950464,0.8089618688957739,0.011249762224573476,0.008385008333182972,0.00014223949900285263,0.0005194813329580938,4.167017041116674e-06,5.0,0.0
standard,kmeans,lda,kridge,poly,standard__kmeans__lda__kridge__poly,ok,,0.5907796101949025,0.03871497805451861,0.48292427610737043,0.005730348026238876,0.4468555350869867,0.0385086613410702,0.8605430791185716,0.019734280668406726,0.008483189666245986,0.00021344474478179757,0.0005596983337454731,1.9960838064083576e-05,5.0,0.0
standard,kmeans,lda,kridge,rbf,standard__kmeans__lda__kridge__rbf,ok,,0.5965267366316841,0.038888925459434856,0.517916232612828,0.027763322473585466,0.4576313566777233,0.039306968505443914,0.8678674433219254,0.010044568548371153,0.00862314300017412,0.00019858376924235117,0.000898341332989124,5.323854429777854e-06,5.0,0.0
standard,kmeans,lda,kridge,hyperbolic,standard__kmeans__lda__kridge__hyperbolic,ok,,0.4323338330834583,0.019874384521089406,0.37143255108492007,0.029126086879919896,0.2573191424265692,0.034649783508450924,0.6574947464306996,0.03680443182838103,0.008331677333141366,9.14182306094324e-05,0.000575681666911502,7.954473466123037e-06,5.0,0.0
standard,kmeans,lda,kridge,triangle,standard__kmeans__lda__kridge__triangle,ok,,0.5994502748625687,0.06368530574534112,0.527806330713071,0.03563157287201923,0.46100275481550507,0.07424550675619367,0.8581987628882626,0.015092999360729883,0.008104086333939145,0.0006849404088627577,0.0009503833334747469,7.514474475711971e-05,5.0,0.0
standard,kmeans,lda,kridge,radial_basic,standard__kmeans__lda__kridge__radial_basic,ok,,0.6167166416791604,0.024640291277899965,0.5462680199301166,0.026279575424212855,0.4849831112736899,0.022359599503481743,0.8756055380017237,0.00670936346008179,0.00868716866655935,0.00048301603897476527,0.00167511600072127,6.661420639550885e-05,5.0,0.0
standard,kmeans,lda,kridge,rquadratic,standard__kmeans__lda__kridge__rquadratic,ok,,0.622488755622189,0.021269021266657806,0.5433562822301878,0.034403393246709435,0.494836946681349,0.014566997973588784,0.8851438965387736,0.013171521120825726,0.006852581332471648,6.852717056132441e-05,0.0007691536672306635,5.4563403403110184e-05,5.0,0.0
standard,kmeans,lda,kridge,canberra,standard__kmeans__lda__kridge__canberra,ok,,0.6312093953023489,0.05032996137204992,0.5398414064294542,0.004003545908913057,0.507600367765875,0.05595756795562014,0.8666043438448954,0.019243721631197228,0.008635746999667996,0.00018039868597076922,0.0020158930001343833,3.240918553296772e-05,5.0,0.0
standard,kmeans,lda,kridge,truncated,standard__kmeans__lda__kridge__truncated,ok,,0.6283108445777111,0.06216342166366261,0.554892284452072,0.008708504943552579,0.5040486563766092,0.06792638535464432,0.8483598355093415,0.022999538161770156,0.010917514000539086,5.570253461511109e-05,0.0016885916672132832,1.3119802669953257e-05,5.0,0.0
standard,dbscan,pca,ksvc,linear,standard__dbscan__pca__ksvc__linear,ok,,0.7637431284357822,0.04094712034037517,0.4194648981336287,0.04844234114591729,0.5953195458442945,0.07180850961069338,0.7907996410749892,0.01617496912714711,0.009315250333505295,0.00018460110729458097,0.0007721133333689068,4.687919066995149e-05,5.0,0.0
standard,dbscan,pca,ksvc,poly,standard__dbscan__pca__ksvc__poly,ok,,0.7608445777111443,0.03980080714915483,0.445113531733995,0.06443507887142974,0.5905739577539395,0.06684488505389583,0.8333824103667654,0.011029025749993326,0.008612195666501066,0.00012309403655635608,0.0007186413331510266,4.264266559089184e-05,5.0,0.0
standard,dbscan,pca,ksvc,rbf,standard__dbscan__pca__ksvc__rbf,ok,,0.7551224387806097,0.06626331432601168,0.3190996343259117,0.035736195607948856,0.6023754354167915,0.08589069139031746,0.8094625346069034,0.013322372147143331,0.00842418000017157,0.0006478480500292814,0.0010379239999262306,0.00011455373646194347,5.0,0.0
standard,dbscan,pca,ksvc,hyperbolic,standard__dbscan__pca__ksvc__hyperbolic,ok,,0.6801349325337331,0.05301063968250596,0.3188971564976742,0.02809287207772873,0.4556358713417463,0.07473686755080937,0.7127336161561875,0.03883411633023252,0.00832519466651623,0.00031474762896377867,0.0007340906668105163,1.2522666437956183e-05,5.0,0.0
standard,dbscan,pca,ksvc,triangle,standard__dbscan__pca__ksvc__triangle,ok,,0.7810094952523738,0.03593879283268323,0.4199148685729066,0.04891450247295872,0.6366767371877039,0.04365781833474054,0.8185310692456668,0.014952371752763384,0.008167654000620436,0.0001700677469420121,0.0010987733336757326,2.761461080533155e-05,5.0,0.0
standard,dbscan,pca,ksvc,radial_basic,standard__dbscan__pca__ksvc__radial_basic,ok,,0.7579210394802599,0.04224417100469164,0.43178819669487695,0.02493962435449244,0.5930016192582203,0.06051757358374896,0.8048410751691143,0.011969228934191658,0.009567732332773934,0.0003388026498305953,0.0019124956670566462,5.513055666016818e-05,5.0,0.0
standard,dbscan,pca,ksvc,rquadratic,standard__dbscan__pca__ksvc__rquadratic,ok,,0.7723888055972014,0.04766698061471712,0.3820064690810228,0.025549569488586023,0.6302025756147817,0.05835828020256898,0.8231826972627777,0.009180014649903824,0.008043684333339721,0.00022582470306246983,0.000967603000390227,2.8095293794337824e-05,5.0,0.0
standard,dbscan,pca,ksvc,canberra,standard__dbscan__pca__ksvc__canberra,ok,,0.7320339830084958,0.06432553878993667,0.30790611208375623,0.03520772644597906,0.5626046520068266,0.09131898903442744,0.8271154274137617,0.013368397622830475,0.009868826666812916,0.0002599292336903507,0.0023059063332766527,6.920528847323285e-05,5.0,0.0
standard,dbscan,pca,ksvc,truncated,standard__dbscan__pca__ksvc__truncated,ok,,0.7464017991004498,0.05983796681524073,0.3379591761231957,0.012413398390579805,0.5749510739494518,0.09157430730934807,0.8194364906026058,0.0167196008193907,0.012281897333499122,0.00033890382859265314,0.0020062880006056125,4.928165194287627e-05,5.0,0.0
standard,dbscan,pca,kannc,linear,standard__dbscan__pca__kannc__linear,ok,,0.6458020989505248,0.08030150251776462,0.38105744403278724,0.07960504684355962,0.457582360032218,0.13197592459154794,0.7383039900200207,0.14405318006276527,0.19452958566580492,0.0023326765523169206,0.15635406633312718,0.009725368996095484,5.0,0.0
standard,dbscan,pca,kannc,poly,standard__dbscan__pca__kannc__poly,ok,,0.6687656171914043,0.045822699127340216,0.2891558024603054,0.06422417594338735,0.3981318533668638,0.11819348613880715,0.7527209564624903,0.12179386808224665,0.22669458400014264,0.00190385829117772,0.17050337033288088,0.0038037055310949515,5.0,0.0
standard,dbscan,pca,kannc,rbf,standard__dbscan__pca__kannc__rbf,ok,,0.6540729635182408,0.08835799857570177,0.2664350463088189,0.047439563004143634,0.37127243468570564,0.1601882585861787,0.7547726982831685,0.07736499353292432,1.892902559000504,0.012870536900796994,1.553028841000317,0.021047263038485454,5.0,0.0
standard,dbscan,pca,kannc,hyperbolic,standard__dbscan__pca__kannc__hyperbolic,ok,,0.6399300349825087,0.048427115113595244,0.2803728231742715,0.046851967697183604,0.3513875192727279,0.07825253357124538,0.6962848375934789,0.08215389993361089,0.22587957533323788,0.002374574318378502,0.1707956179992228,0.0015388316006625462,5.0,0.0
standard,dbscan,pca,kannc,triangle,standard__dbscan__pca__kannc__triangle,ok,,0.6742878560719641,0.08244229993152057,0.2781752130131114,0.055171076010330944,0.3931772797937702,0.17367114946101608,0.7448041164559879,0.03168763130614645,2.3839445696679227,0.06236199500561442,1.9438644123335205,0.030448551257834848,5.0,0.0
standard,dbscan,pca,kannc,radial_basic,standard__dbscan__pca__kannc__radial_basic,ok,,0.691904047976012,0.07315921945005711,0.2953945275730215,0.028078033857327385,0.43385125227576776,0.15647563959473013,0.7213022851508165,0.08212808170893358,0.26676285166649905,0.004856877444875017,0.2042419006666023,0.001820336616506876,5.0,0.0
standard,dbscan,pca,kannc,rquadratic,standard__dbscan__pca__kannc__rquadratic,ok,,0.6138430784607696,0.014299361075059011,0.23171535691029602,0.013806969689575139,0.23375098778380995,0.055631641484165946,0.7344558285228556,0.05786926053781681,1.9354988036660263,0.00907190847822075,1.5873500026670324,0.06178194120101804,5.0,0.0
standard,dbscan,pca,kannc,canberra,standard__dbscan__pca__kannc__canberra,ok,,0.5763868065967016,0.01143811115986804,0.14677702382620417,0.0017430962288598176,0.013829438047735003,0.018465093747917508,0.57854589367716,0.12742611784056102,0.39021852433324966,0.003504946906369817,0.30785292566664185,0.007000525227983134,5.0,0.0
standard,dbscan,pca,kannc,truncated,standard__dbscan__pca__kannc__truncated,ok,,0.5821589205397301,0.006466793651031413,0.19097277966669793,0.01741236933559464,0.09061650813494826,0.03783316790654729,0.6028483235700329,0.08264932976561888,0.31494732200008,0.0076582263658767505,0.24234314199990573,0.0020420342998890527,5.0,0.0
standard,dbscan,pca,kridge,linear,standard__dbscan__pca__kridge__linear,ok,,0.7491504247876062,0.07399324213310737,0.46351546180329634,0.06564288038772106,0.6126171773632095,0.10121258653803972,0.819108322496572,0.03834454739543005,0.008612061333527285,0.0005876323105154768,0.00044523899972167175,5.414595100993827e-06,5.0,0.0
standard,dbscan,pca,kridge,poly,standard__dbscan__pca__kridge__poly,ok,,0.7608945527236383,0.06357629899357017,0.38828765614509364,0.04436421202984139,0.5808997563439076,0.11666579435200208,0.8505103877331578,0.04726528978719658,0.008709925667062635,0.0003242568555335873,0.0011068249999273878,0.0008998408862431459,5.0,0.0
standard,dbscan,pca,kridge,rbf,standard__dbscan__pca__kridge__rbf,ok,,0.7695152423788105,0.03841858135862827,0.3815035418748362,0.028439767129804828,0.5997997399695716,0.06490154897904403,0.8555538950354705,0.018503927930498616,0.008626632999948924,0.0004056420833184729,0.0008089236671366962,7.700072863613979e-05,5.0,0.0
standard,dbscan,pca,kridge,hyperbolic,standard__dbscan__pca__kridge__hyperbolic,ok,,0.5211644177911045,0.12896162604136752,0.31472009246931415,0.0648647811102639,0.2648143048913674,0.16861818344325585,0.6539208202326017,0.06997258074890188,0.008224776999365227,0.0003992467849488542,0.0005357453337637708,6.30232685438844e-05,5.0,0.0
standard,dbscan,pca,kridge,triangle,standard__dbscan__pca__kridge__triangle,ok,,0.7636931534232884,0.031692768375842194,0.40579297821241606,0.03724706345451395,0.5990803368528114,0.04443186056106524,0.823106676691595,0.04326907263773498,0.00893264766637003,0.00023141768564782984,0.0008995566658995813,2.396642453595275e-05,5.0,0.0
standard,dbscan,pca,kridge,radial_basic,standard__dbscan__pca__kridge__radial_basic,ok,,0.7666416791604198,0.04245980998341028,0.3848177797420583,0.026239442919361266,0.5949704290026931,0.06959956827382456,0.8573745900697044,0.03049806428185217,0.009737188667107452,0.0002626439270712577,0.0017651483334096458,0.00011050269016416374,5.0,0.0
standard,dbscan,pca,kridge,rquadratic,standard__dbscan__pca__kridge__rquadratic,ok,,0.7781609195402298,0.03843276666046089,0.4239925894667856,0.050730777385467836,0.6180688814222082,0.0625011170595264,0.8647909731447999,0.02034474301013716,0.008271909666291322,0.0002402016772506143,0.0008270346661447547,0.00010632864473551562,5.0,0.0
standard,dbscan,pca,kridge,canberra,standard__dbscan__pca__kridge__canberra,ok,,0.7464517741129435,0.06128329437065646,0.34812288201887515,0.020868035425770762,0.5678586758499146,0.10028881482612652,0.8612991804238099,0.012739188043269192,0.009789184666563719,0.00034274364514941805,0.0022078589997060285,0.0001460317162080302,5.0,0.0
standard,dbscan,pca,kridge,truncated,standard__dbscan__pca__kridge__truncated,ok,,0.7407296351824089,0.054573205611093,0.37393659593910217,0.02548582760290842,0.5501572980065288,0.09356036232562928,0.8607851569330592,0.021882360869684484,0.012549745000190645,0.00043406233254977524,0.0017636983338888967,6.107949544712704e-05,5.0,0.0
standard,dbscan,lda,ksvc,linear,standard__dbscan__lda__ksvc__linear,ok,,0.8127436281859071,0.03218020238722805,0.5513359121457272,0.050408781891412104,0.6844393029573617,0.04522648482045733,0.8279772887403564,0.03586203280652923,0.00966474033339182,0.000619083412396622,0.0007229826660477556,5.004532400040267e-05,5.0,0.0
standard,dbscan,lda,ksvc,poly,standard__dbscan__lda__ksvc__poly,ok,,0.8126936531734134,0.007783197074388031,0.575284666637003,0.06133771404312002,0.6823825059159704,0.0121709339841579,0.8469358818361137,0.019687093298189066,0.01074908933333063,0.0017444473528586881,0.0008191399999001684,8.789608693449183e-05,5.0,0.0
standard,dbscan,lda,ksvc,rbf,standard__dbscan__lda__ksvc__rbf,ok,,0.7839080459770115,0.03698756990736574,0.4384312862333241,0.0625720690204549,0.6314103274209484,0.05480092648315138,0.8351247062727444,0.005226185413369735,0.009051306333276443,0.0004322687243643652,0.0009695600001577986,6.923649376942754e-06,5.0,0.0
standard,dbscan,lda,ksvc,hyperbolic,standard__dbscan__lda__ksvc__hyperbolic,ok,,0.720439780109945,0.05655246254085946,0.3853463924554695,0.011387862072149885,0.5359721501722635,0.07810524944568777,0.7319992877598883,0.055684755257683766,0.008862355999857149,0.0006571452247640892,0.0008202116666022145,0.0001807977381950064,5.0,0.0
standard,dbscan,lda,ksvc,triangle,standard__dbscan__lda__ksvc__triangle,ok,,0.7896051974012993,0.035539841781809245,0.5182257241324136,0.038195116876815205,0.6417214976021005,0.05725076698501576,0.8739882039662047,0.004811761802268695,0.009097698666664655,0.0009355398284643851,0.001192959332911414,0.00014471187836985445,5.0,0.0
standard,dbscan,lda,ksvc,radial_basic,standard__dbscan__lda__ksvc__radial_basic,ok,,0.8184907546226886,0.030420705930268396,0.5655515682714953,0.038579020236124195,0.6913628129184053,0.047038976457572365,0.8452365822209474,0.017075598431372997,0.011860389999734858,0.0007257703750787769,0.0022240836672911732,0.00014100300153146292,5.0,0.0
standard,dbscan,lda,ksvc,rquadratic,standard__dbscan__lda__ksvc__rquadratic,ok,,0.7896551724137932,0.02908977180423855,0.46870470014513277,0.0626775801112941,0.6422439762982494,0.04127813816809531,0.8544932700719808,0.008482605287731163,0.008551112665979113,0.0004028353007174855,0.0009420843331705934,1.192058294235793e-05,5.0,0.0
standard,dbscan,lda,ksvc,canberra,standard__dbscan__lda__ksvc__canberra,ok,,0.7896801599200399,0.047686860295536246,0.44199887177928465,0.034706373805747495,0.6532632268068271,0.06763855556136628,0.8548812095716745,0.024045018782214666,0.010059807666038978,0.00014437888981119,0.0022585223335530222,2.287497137819919e-05,5.0,0.0
standard,dbscan,lda,ksvc,truncated,standard__dbscan__lda__ksvc__truncated,ok,,0.7955272363818091,0.04639957210447582,0.4777534083519697,0.0931511027238154,0.6467230553184296,0.07811081984698474,0.8536086713751052,0.02295963837714876,0.012499335000029532,0.00026100242654212625,0.0019289773335913196,2.1846837319344923e-05,5.0,0.0
standard,dbscan,lda,kannc,linear,standard__dbscan__lda__kannc__linear,ok,,0.7665667166416791,0.04928058255579988,0.45980223658544217,0.053514914672717045,0.6238705720741887,0.06429164689931562,0.861250172584851,0.044304910406673566,0.20380127299965048,0.012493478880420981,0.1514846893333015,0.00730678079020982,5.0,0.0
standard,dbscan,lda,kannc,poly,standard__dbscan__lda__kannc__poly,ok,,0.7406796601699152,0.0574135359633045,0.3840425015964584,0.04256100498475415,0.5704666279033185,0.0818504603343877,0.8177356678056293,0.0755889329477712,0.22968465299951882,0.00161528214294292,0.18110325800019686,0.006333057703102823,5.0,0.0
standard,dbscan,lda,kannc,rbf,standard__dbscan__lda__kannc__rbf,ok,,0.6887806096951524,0.060026470594510835,0.29836612967059245,0.035190008847681184,0.4840213571389018,0.07572935835832054,0.7506191483483379,0.06230677776574335,1.919219954000558,0.009127553356954922,1.575280941666885,0.0228674777629538,5.0,0.0
standard,dbscan,lda,kannc,hyperbolic,standard__dbscan__lda__kannc__hyperbolic,ok,,0.7464017991004498,0.045763046991714997,0.4258270102005188,0.04305629535824414,0.5733446283469338,0.07446881217561208,0.8169957438107956,0.04356898184236907,0.23072597899954417,0.0016439597255392168,0.17413241100014906,0.0011112644050060596,5.0,0.0
standard,dbscan,lda,kannc,triangle,standard__dbscan__lda__kannc__triangle,ok,,0.7146926536731634,0.07039729562862035,0.31048252774242097,0.04557522772888858,0.4855108271651771,0.13875926348375187,0.8068198046678882,0.026808590398189155,2.3738984246665495,0.025254095060062483,1.9130996560003648,0.013657644327775803,5.0,0.0
standard,dbscan,lda,kannc,radial_basic,standard__dbscan__lda__kannc__radial_basic,ok,,0.7638180909545227,0.047387789418935115,0.35425384456188636,0.017994110900197025,0.5872790638286398,0.08512495234916007,0.8404644594296323,0.06305243920978923,0.2660089030008142,0.0047961186517006945,0.2079235653327487,0.004294917727310569,5.0,0.0
standard,dbscan,lda,kannc,rquadratic,standard__dbscan__lda__kannc__rquadratic,ok,,0.7032983508245878,0.07710887746926863,0.29160867793245293,0.051134078980836564,0.4819997439123234,0.1167524873874359,0.7619053391415873,0.04653337130037409,1.9754897436669125,0.021120997838229082,1.5984000330002648,0.03886161783401297,5.0,0.0
standard,dbscan,lda,kannc,canberra,standard__dbscan__lda__kannc__canberra,ok,,0.5531734132933533,0.0352351128342916,0.15819759915838172,0.015530599469837836,0.07616036225378535,0.04835441143346732,0.6402231900046307,0.1091166797250078,0.394842176333744,0.005670972083858078,0.3043403633340252,0.0029152524489735486,5.0,0.0
standard,dbscan,lda,kannc,truncated,standard__dbscan__lda__kannc__truncated,ok,,0.5502998500749625,0.036951934498419166,0.15967540995675047,0.014237865070810509,0.07666619751021378,0.04093781331775605,0.6731013606689356,0.07589877838362916,0.3245767283333407,0.004839828858290551,0.25154177999926713,0.007954283431329276,5.0,0.0
standard,dbscan,lda,kridge,linear,standard__dbscan__lda__kridge__linear,ok,,0.7520739630184906,0.05373794294115494,0.46699964273782896,0.043995461017427476,0.6067547212075994,0.07448067360994509,0.8277316603319292,0.04602923334962393,0.008437929666494407,0.0004564720487209498,0.000456694999835842,1.933565249834044e-05,5.0,0.0
standard,dbscan,lda,kridge,poly,standard__dbscan__lda__kridge__poly,ok,,0.7839580209895053,0.03676410359015145,0.47189935610258066,0.0615358149188516,0.624160984342167,0.06537537986957331,0.8923388938386031,0.03235270362161952,0.008373356667410311,0.00042485111437564515,0.000446017333160853,1.1167630361709477e-05,5.0,0.0
standard,dbscan,lda,kridge,rbf,standard__dbscan__lda__kridge__rbf,ok,,0.7810844577711146,0.05246270795708016,0.463621703998176,0.05904895252739178,0.616026606709035,0.09427212552650899,0.8991255050050034,0.028210750506377513,0.008378152000053282,0.00014866351403793122,0.0007250296663793657,7.343753181082861e-06,5.0,0.0
standard,dbscan,lda,kridge,hyperbolic,standard__dbscan__lda__kridge__hyperbolic,ok,,0.4464017991004498,0.08337762100443212,0.2935036648153146,0.06142892957653889,0.24511407505528834,0.09631349658755714,0.6240102976602676,0.030000982472053038,0.00850011533354215,0.0004126118591821927,0.0004865549993458747,2.7975684808047233e-05,5.0,0.0
standard,dbscan,lda,kridge,triangle,standard__dbscan__lda__kridge__triangle,ok,,0.8040979510244878,0.026223194354690182,0.5431726922450175,0.04930268344771591,0.6641938668861638,0.04082674815223184,0.8899720321363924,0.03345557250977164,0.009415829000621065,0.00026334945138302597,0.0008766426672082162,2.784304910105909e-05,5.0,0.0
standard,dbscan,lda,kridge,radial_basic,standard__dbscan__lda__kridge__radial_basic,ok,,0.7983258370814593,0.034424060449171415,0.5118686947233589,0.05042226427799355,0.6541647809813989,0.054121954670947374,0.9080915579778254,0.013695464007717635,0.010515152999990581,0.0002451126243668791,0.0016253046663526523,1.1180367587847496e-05,5.0,0.0
standard,dbscan,lda,kridge,rquadratic,standard__dbscan__lda__kridge__rquadratic,ok,,0.8040729635182409,0.03304480319191285,0.5359622620624128,0.0377891860171195,0.6630429283544036,0.0550312387351182,0.8994478749920957,0.026886684777327526,0.009071853000326277,0.000312519790974453,0.0007420726669806754,2.312244801541522e-05,5.0,0.0
standard,dbscan,lda,kridge,canberra,standard__dbscan__lda__kridge__canberra,ok,,0.7954772613693154,0.050613425992315476,0.4819696867727732,0.05292142525201129,0.6516930451248745,0.08282515452968708,0.9002078421595919,0.022979772544875317,0.010509432332886112,0.0005415869145896032,0.0021091703329148004,9.382416579412797e-05,5.0,0.0
standard,dbscan,lda,kridge,truncated,standard__dbscan__lda__kridge__truncated,ok,,0.7955272363818091,0.05694640064771549,0.5002290492824629,0.07076714963186116,0.6468600351406085,0.09786159120564636,0.8806584705219098,0.026674467221516,0.012872394333195794,0.00013980676182145466,0.001715954000246711,4.7352429216420316e-05,5.0,0.0
standard,agglomerative,pca,ksvc,linear,standard__agglomerative__pca__ksvc__linear,ok,,0.5851074462768616,0.048007444309317374,0.41550563441913013,0.0651725689526188,0.44692095325490416,0.04790299014733918,0.8045549331037164,0.031797807497059724,0.006621867666884403,0.00516805008738607,0.0007538716672570445,1.9816266701145467e-05,5.0,0.0
standard,agglomerative,pca,ksvc,poly,standard__agglomerative__pca__ksvc__poly,ok,,0.6253623188405797,0.045754832770997164,0.49684061126002693,0.014636219310334254,0.5009330780022151,0.04995337190181975,0.8404818803985664,0.024510415736030692,0.0036548263330284194,0.0003786677860289521,0.0009488433327836295,0.00013552873064924368,5.0,0.0
standard,agglomerative,pca,ksvc,rbf,standard__agglomerative__pca__ksvc__rbf,ok,,0.5619940029985008,0.03961999008013691,0.35092792421537133,0.07829419362583602,0.4216373127685727,0.027126764590306947,0.7873472015614337,0.03484162526043817,0.0029011886666315454,0.0001338092465187568,0.0011034353331827635,6.985145241972089e-05,5.0,0.0
standard,agglomerative,pca,ksvc,hyperbolic,standard__agglomerative__pca__ksvc__hyperbolic,ok,,0.49570214892553727,0.08468611290728974,0.3544117324894788,0.06723621411967617,0.32440247479951795,0.09120736807118597,0.7128801947081896,0.04742462054394746,0.0029494743327328856,0.0001641719596335521,0.0008099653338528393,2.6255007750062546e-05,5.0,0.0
standard,agglomerative,pca,ksvc,triangle,standard__agglomerative__pca__ksvc__triangle,ok,,0.6367566216891554,0.0503156680431926,0.4967529972181135,0.024615691750261938,0.5152398103393373,0.05897350330850129,0.8458110433890175,0.02553371287108255,0.0029957296665088506,0.00012808772351512683,0.001189099000233303,1.1475490337555711e-05,5.0,0.0
standard,agglomerative,pca,ksvc,radial_basic,standard__agglomerative__pca__ksvc__radial_basic,ok,,0.6052473763118441,0.038154277442714137,0.45635890868195794,0.05335269346080498,0.4719387728666078,0.039331991259780374,0.8266431742268123,0.019971207351539684,0.004488036666468058,0.0004430360759537098,0.0021700136664245897,0.0001327733570587732,5.0,0.0
standard,agglomerative,pca,ksvc,rquadratic,standard__agglomerative__pca__ksvc__rquadratic,ok,,0.5763618190904548,0.028208249604112865,0.39425935987432553,0.0450737749059401,0.4377190085061642,0.01682693698878831,0.8197322844655769,0.021673953517779055,0.0027638969992646403,0.0001739332265596619,0.001041045999348474,7.636671305943184e-06,5.0,0.0
standard,agglomerative,pca,ksvc,canberra,standard__agglomerative__pca__ksvc__canberra,ok,,0.5447026486756622,0.04650900581184775,0.3355762110201114,0.09425926420837885,0.3981630688485802,0.040066031022700774,0.8158703217561364,0.028137158306128687,0.004688368666393217,0.00022579722198796435,0.0025360786664047432,4.90129739283508e-05,5.0,0.0
standard,agglomerative,pca,ksvc,truncated,standard__agglomerative__pca__ksvc__truncated,ok,,0.5821089455272365,0.042628363425509595,0.435176226425525,0.019676027890736542,0.43556007744929204,0.043178397536707235,0.8422556188469067,0.026765004397607397,0.007290363667076842,0.00022491264278755408,0.0021535759994245987,9.335714746840986e-05,5.0,0.0
standard,agglomerative,pca,kannc,linear,standard__agglomerative__pca__kannc__linear,ok,,0.4987256371814093,0.11650402211740878,0.3570274677551752,0.05440888224645723,0.32939728724455314,0.13289880889027275,0.7800001289027273,0.0020651966422320198,0.19144048866655794,0.006159955953115865,0.14891434799937997,0.0008576091684836612,5.0,0.0
standard,agglomerative,pca,kannc,poly,standard__agglomerative__pca__kannc__poly,ok,,0.46719140429785105,0.125259749411677,0.310993064050761,0.046432222532380094,0.2737231168501359,0.16300805574263122,0.7102900215850321,0.10339804472207616,0.22937559233347807,0.015639483735805322,0.18056548500074618,0.007752541579424398,5.0,0.0
standard,agglomerative,pca,kannc,rbf,standard__agglomerative__pca__kannc__rbf,ok,,0.4868565717141429,0.06537689609428121,0.26217594334281397,0.018863220436934402,0.31550961804066463,0.07800480412514137,0.8048366480608499,0.008511611866323683,1.9554931870000776,0.021347258768416828,1.5982016206671688,0.02661244287123064,5.0,0.0
standard,agglomerative,pca,kannc,hyperbolic,standard__agglomerative__pca__kannc__hyperbolic,ok,,0.37461269365317335,0.028928237897276443,0.2625381854219064,0.07454436965826007,0.11376911138118828,0.1002441008818436,0.668820383477415,0.09236598154091405,0.21987637800035978,0.004505594017906327,0.1742795183333025,0.001981062521234004,5.0,0.0
standard,agglomerative,pca,kannc,triangle,standard__agglomerative__pca__kannc__triangle,ok,,0.44382808595702145,0.009185347478405437,0.2691139492760893,0.03179383520156528,0.21281081607467497,0.04642339507913917,0.7590106177129324,0.06808191704952028,2.3754606756665453,0.03718283331100227,1.9354152310000547,0.045895348264215007,5.0,0.0
standard,agglomerative,pca,kannc,radial_basic,standard__agglomerative__pca__kannc__radial_basic,ok,,0.4900299850074963,0.033554806562924255,0.30265421579947943,0.053307560280949205,0.295944449996087,0.08319435341503838,0.7609214185704488,0.06899423616649339,0.25908146866701526,0.008011468910461061,0.20091166966631135,0.0009218836626309672,5.0,0.0
standard,agglomerative,pca,kannc,rquadratic,standard__agglomerative__pca__kannc__rquadratic,ok,,0.46656671664167915,0.09114094168967152,0.24789825370928753,0.03359045991493396,0.27907574573284394,0.13122652180717423,0.8161383473452523,0.021634988412909898,1.9899670703331747,0.012588970476017832,1.6184095083329642,0.018136247778706278,5.0,0.0
standard,agglomerative,pca,kannc,canberra,standard__agglomerative__pca__kannc__canberra,ok,,0.3484257871064467,0.0883348176498416,0.13548219947976867,0.039450631937259235,0.03742892646019932,0.11121682808694507,0.6416942829403661,0.09990883845739615,0.3761439230001997,0.0071527192367487205,0.29677430066658417,0.0008520547665169901,5.0,0.0
standard,agglomerative,pca,kannc,truncated,standard__agglomerative__pca__kannc__truncated,ok,,0.3197151424287856,0.04835615108828028,0.1443557261097573,0.016608931322995686,-0.014610135945359324,0.03410434888837125,0.5664740743856269,0.05256513383709552,0.297213996333691,0.003830461420660046,0.2356640846664959,0.002176346887127866,5.0,0.0
standard,agglomerative,pca,kridge,linear,standard__agglomerative__pca__kridge__linear,ok,,0.593503248375812,0.06249693517786809,0.4730803607905232,0.046806655953542886,0.46485428670926904,0.07654272547819657,0.8125340115602308,0.023552474477490124,0.0024583806662121788,0.00037138365509392895,0.0004560203336344178,2.026196280118885e-05,5.0,0.0
standard,agglomerative,pca,kridge,poly,standard__agglomerative__pca__kridge__poly,ok,,0.5850574712643678,0.05729282643945567,0.398320310353977,0.03926990490977966,0.4385286963535564,0.06648815197625929,0.8319731275870567,0.03301304440424379,0.0022943439998925896,0.00017679447509010108,0.0004580236673064064,1.8567394734980188e-06,5.0,0.0
standard,agglomerative,pca,kridge,rbf,standard__agglomerative__pca__kridge__rbf,ok,,0.5994252873563218,0.03167704317131192,0.42604600742587545,0.010916392526053406,0.4590202761375381,0.027315080497928995,0.8468170725697552,0.02948671969381167,0.002361699333656967,6.0414797191174714e-05,0.0007571109999844339,8.557472897684944e-06,5.0,0.0
standard,agglomerative,pca,kridge,hyperbolic,standard__agglomerative__pca__kridge__hyperbolic,ok,,0.39742628685657166,0.09896487889263518,0.3193100829332303,0.10534661356327332,0.18107719070641834,0.14506700878501058,0.6189336872322323,0.09250055213900937,0.002262263000375242,0.00015829224025454088,0.00048153833267861046,4.212309439734864e-06,5.0,0.0
standard,agglomerative,pca,kridge,triangle,standard__agglomerative__pca__kridge__triangle,ok,,0.6136931534232883,0.049127941052107334,0.47742501906934404,0.038145616702102654,0.4770138205485388,0.05839919218582744,0.8467612164187132,0.020527893021038822,0.002583572667087234,0.00010635807578515467,0.000919130000208194,7.799668168589379e-05,5.0,0.0
standard,agglomerative,pca,kridge,radial_basic,standard__agglomerative__pca__kridge__radial_basic,ok,,0.6052223888055972,0.032822418702812065,0.4405498566472024,0.012354956058864216,0.46499401048305194,0.032023929203563235,0.8526170725249015,0.030963403940047568,0.004097955666414539,7.757907231417598e-05,0.0017835463325657959,0.00012586970567837145,5.0,0.0
standard,agglomerative,pca,kridge,rquadratic,standard__agglomerative__pca__kridge__rquadratic,ok,,0.6225387306346826,0.05144800716096596,0.4709814319770258,0.044106737861525844,0.49005645279355675,0.05767787827442753,0.8659176129894277,0.028790508235225585,0.002477119999336234,0.0001613285074491094,0.0007915239996994691,2.898378090772586e-05,5.0,0.0
standard,agglomerative,pca,kridge,canberra,standard__agglomerative__pca__kridge__canberra,ok,,0.5850574712643678,0.03674567209918572,0.4450496837778873,0.032299941745458804,0.4377317199377253,0.03629482638773049,0.8384488619201701,0.01930131043750659,0.004300522333020733,9.52320814276375e-05,0.0022232923335347246,0.00012195910032977777,5.0,0.0
standard,agglomerative,pca,kridge,truncated,standard__agglomerative__pca__kridge__truncated,ok,,0.5648675662168916,0.06367095096278991,0.45090625993721506,0.0508569220152093,0.40816734189580767,0.07480742976873822,0.8331262785397189,0.019360460686378214,0.008329872999941776,0.0010690728371962183,0.0022480323332274565,0.00025670795950784834,5.0,0.0
standard,agglomerative,lda,ksvc,linear,standard__agglomerative__lda__ksvc__linear,ok,,0.6513243378310845,0.015611933147764758,0.54376173374356,0.0695075040060499,0.5351533045591931,0.0335457618544859,0.8462536265547823,0.021004548720165904,0.004352684666325028,0.0004170321375545813,0.0009110680002777372,0.00010830420058975842,5.0,0.0
standard,agglomerative,lda,ksvc,poly,standard__agglomerative__lda__ksvc__poly,ok,,0.6599950024987505,0.013386821811021837,0.5610451307494386,0.03557931231245381,0.5456022294275091,0.022974391794108078,0.8790442964051901,0.010511391615370064,0.0033260260006500175,2.2289921627893837e-05,0.0007396176661131904,7.06488914132686e-06,5.0,0.0
standard,agglomerative,lda,ksvc,rbf,standard__agglomerative__lda__ksvc__rbf,ok,,0.5936531734132934,0.00723205947431912,0.4457913962456044,0.05311583115645437,0.46239774421810925,0.012771856393016616,0.8661858733557474,0.014749495840957931,0.0030519936663040426,8.334512566664402e-05,0.0010353990001021884,6.281225284338744e-05,5.0,0.0
standard,agglomerative,lda,ksvc,hyperbolic,standard__agglomerative__lda__ksvc__hyperbolic,ok,,0.4638930534732633,0.020882888831057562,0.3493576468584802,0.016757416749487816,0.28016307302985627,0.0196321233774878,0.7589589754992857,0.0382011415629486,0.0030366006667463807,0.00011320509076485657,0.0007763746658990082,2.2214563270036778e-05,5.0,0.0
standard,agglomerative,lda,ksvc,triangle,standard__agglomerative__lda__ksvc__triangle,ok,,0.6800349825087456,0.020012637113318167,0.590995552232486,0.045069973125009447,0.5746895867279774,0.024832453052891463,0.8855704685221771,0.009879370410079379,0.0031376633329879646,6.650562903743216e-05,0.0011112066664888214,6.889366091893685e-06,5.0,0.0
standard,agglomerative,lda,ksvc,radial_basic,standard__agglomerative__lda__ksvc__radial_basic,ok,,0.668615692153923,0.015642617981968213,0.5699573647436461,0.01752305351522794,0.5597883945989118,0.008961453409927272,0.8759082693609813,0.003516459942583171,0.004180740332837256,0.00011441644902643967,0.0019380316662136465,8.882438785944648e-05,5.0,0.0
standard,agglomerative,lda,ksvc,rquadratic,standard__agglomerative__lda__ksvc__rquadratic,ok,,0.6484257871064468,0.0026503252668161423,0.5377670917982271,0.03227516563539992,0.5300777317240163,0.016871072912804076,0.8854608768479325,0.009260458490286292,0.003258617333509998,0.00012953658238799983,0.0010554173337974742,6.10356784179527e-05,5.0,0.0
standard,agglomerative,lda,ksvc,canberra,standard__agglomerative__lda__ksvc__canberra,ok,,0.6166416791604198,0.01791619880367712,0.4700193584076184,0.05142354088525761,0.4890602159326471,0.023919225252106574,0.8614328886940464,0.013998023828313059,0.004976494999937131,5.411000270513889e-05,0.002304470332698353,2.2436286786746386e-05,5.0,0.0
standard,agglomerative,lda,ksvc,truncated,standard__agglomerative__lda__ksvc__truncated,ok,,0.6339580209895053,0.012231684205291509,0.5186109023366586,0.051926312328069546,0.5038790164149655,0.016122355376303864,0.8681728657916711,0.01285325497330474,0.007141630000357206,0.00014966217857547952,0.0020300533336315616,7.394146696770836e-05,5.0,0.0
standard,agglomerative,lda,kannc,linear,standard__agglomerative__lda__kannc__linear,ok,,0.45232383808095955,0.08334600594302148,0.3458447953390132,0.015645438801039867,0.2845921101631203,0.07861241344909459,0.8156501105620061,0.021625275521059084,0.1952029876671683,0.007633751968844677,0.14910992099976283,0.0002817488127867196,5.0,0.0
standard,agglomerative,lda,kannc,poly,standard__agglomerative__lda__kannc__poly,ok,,0.5619940029985008,0.019511098684015734,0.37144685881850964,0.03459237325441066,0.4046189944767322,0.020810665620178543,0.8580585647957357,0.010457017002192164,0.2248053723336246,0.0027049089973689164,0.18728476900044674,0.0030519494548098603,5.0,0.0
standard,agglomerative,lda,kannc,rbf,standard__agglomerative__lda__kannc__rbf,ok,,0.5099700149925037,0.03772519322678744,0.29273450207115065,0.015258881129908836,0.35364599411805403,0.03922018461151247,0.8126996655241806,0.013806010071396887,1.9556651416672441,0.04648578783102903,1.5879747149998973,0.039116617349765785,5.0,0.0
standard,agglomerative,lda,kannc,hyperbolic,standard__agglomerative__lda__kannc__hyperbolic,ok,,0.49847576211894057,0.06992333841019936,0.4300259741054889,0.04778069178970993,0.33434261652281627,0.07589381395957391,0.7614575486224521,0.01999276980237629,0.22224772233372883,0.001645790531206257,0.17518967499988017,0.0005455195583118763,5.0,0.0
standard,agglomerative,lda,kannc,triangle,standard__agglomerative__lda__kannc__triangle,ok,,0.48678160919540225,0.06383709780488211,0.3224184694460159,0.03171861034646292,0.3085095176823645,0.06304729831797162,0.8233408572117046,0.026870933476776177,2.363787352667108,0.057053517765232674,1.8892732946666608,0.02999184854830093,5.0,0.0
standard,agglomerative,lda,kannc,radial_basic,standard__agglomerative__lda__kannc__radial_basic,ok,,0.5361319340329835,0.05604794013221214,0.30817399389003497,0.008658625670714666,0.3816917951742979,0.07855084351093188,0.8137877742145098,0.012262240217338738,0.2653485733335401,0.0007209804397551494,0.21058203100013392,0.0013808964489949104,5.0,0.0
standard,agglomerative,lda,kannc,rquadratic,standard__agglomerative__lda__kannc__rquadratic,ok,,0.4524737631184408,0.04264781013817111,0.23683438905976026,0.0876307266842846,0.20187446496873837,0.1864455771743005,0.7776507775896563,0.0752280911191324,1.9968209806665982,0.028557079640487728,1.6261405123332224,0.06647364204295055,5.0,0.0
standard,agglomerative,lda,kannc,canberra,standard__agglomerative__lda__kannc__canberra,ok,,0.34562718640679657,0.05533369151907829,0.11303512054618654,0.006972230140940601,-0.004086292222673247,0.011740257781052841,0.6875037527573679,0.11723328224563684,0.3874804600006125,0.008485049705956222,0.3108116109997354,0.009455155879302282,5.0,0.0
standard,agglomerative,lda,kannc,truncated,standard__agglomerative__lda__kannc__truncated,ok,,0.34575212393803095,0.055454240671010915,0.14521704500199126,0.018527156019586977,0.02130699207288102,0.04584133393472058,0.6450145547149266,0.08521571066943812,0.3080258256668458,0.00047610967383234594,0.2413850636664089,0.002919939188050048,5.0,0.0
standard,agglomerative,lda,kridge,linear,standard__agglomerative__lda__kridge__linear,ok,,0.5877811094452773,0.047926128176700764,0.4741378760147656,0.0693525486871793,0.4516259565399399,0.057526026951314126,0.8203216243102954,0.019854485714796633,0.002572989333202713,0.00014208983744716828,0.0004355510003127468,8.620224222274513e-06,5.0,0.0
standard,agglomerative,lda,kridge,poly,standard__agglomerative__lda__kridge__poly,ok,,0.63968015992004,0.02604220869697929,0.5045049765767134,0.011044635395312023,0.5165973277549661,0.026642304910433984,0.869101287085774,0.020996060153453625,0.002544388000994028,3.89168639266254e-05,0.0004370733331597876,2.6418479224699197e-06,5.0,0.0
standard,agglomerative,lda,kridge,rbf,standard__agglomerative__lda__kridge__rbf,ok,,0.6541229385307346,0.015380779319833622,0.5188698787282858,0.020760334287501958,0.5356651909603622,0.016476508931011425,0.8810646060248843,0.013994842137533929,0.0026267786664296486,3.338568809431793e-05,0.0007221279999309141,4.847430407451072e-06,5.0,0.0
standard,agglomerative,lda,kridge,hyperbolic,standard__agglomerative__lda__kridge__hyperbolic,ok,,0.5129435282358821,0.0636397887707018,0.4317980724763431,0.041189055455389596,0.341528438418176,0.06714928518015088,0.710898127401605,0.02286521454125469,0.0025796619993343484,9.497961062012711e-05,0.00047479933346039616,6.431838088432709e-06,5.0,0.0
standard,agglomerative,lda,kridge,triangle,standard__agglomerative__lda__kridge__triangle,ok,,0.6685407296351823,0.012096379252833203,0.5745221661800959,0.03492491658514585,0.5543706749401954,0.019435937282428848,0.8848839692838301,0.005518934255939249,0.002775746000528064,4.717058887695495e-05,0.000851564999417557,8.550348114465722e-06,5.0,0.0
standard,agglomerative,lda,kridge,radial_basic,standard__agglomerative__lda__kridge__radial_basic,ok,,0.6540979510244878,0.026494511042758014,0.5349240070318501,0.0292211483934234,0.5353504853891325,0.028596476117818844,0.8856409794605571,0.011997796122888163,0.003938631666339158,0.00016692188884916742,0.0016287040004196267,2.1212136975922734e-05,5.0,0.0
standard,agglomerative,lda,kridge,rquadratic,standard__agglomerative__lda__kridge__rquadratic,ok,,0.6829335332333833,0.01599360468001172,0.5819221326126542,0.03402988469387333,0.5734344226745766,0.020874169321837523,0.8991187379073203,0.013078815370450567,0.0026386609994612322,5.000731281380505e-05,0.0007297990002067914,8.649353971156563e-06,5.0,0.0
standard,agglomerative,lda,kridge,canberra,standard__agglomerative__lda__kridge__canberra,ok,,0.6367316341829086,0.03827069685282517,0.527483387933068,0.05170860502597055,0.5102723188954458,0.0535048705721004,0.8753478096677639,0.00146214363088554,0.004286101332885058,0.00012343291133967146,0.002015919333037649,9.042202332386237e-06,5.0,0.0
standard,agglomerative,lda,kridge,truncated,standard__agglomerative__lda__kridge__truncated,ok,,0.6512493753123438,0.012164014541237136,0.5548354086279551,0.058908093367327885,0.5250548121082328,0.020751274459625928,0.8639454806773873,0.02146853373905764,0.006586517332834774,0.00013619050576753444,0.0016685470006147323,2.3032390714054266e-05,5.0,0.0
minmax,uniform,pca,ksvc,linear,minmax__uniform__pca__ksvc__linear,ok,,0.708895552223888,0.036418379563832204,0.31985173297162245,0.015843291821678557,0.5431499968746191,0.039360038727851265,0.7756621524615328,0.004697958968998669,0.0020896173336950596,7.033654225851724e-05,0.000721149333306433,5.1003501310445505e-06,5.0,0.0
minmax,uniform,pca,ksvc,poly,minmax__uniform__pca__ksvc__poly,ok,,0.7117691154422788,0.04035578958587557,0.31193227179746197,0.0159523239365678,0.5525746361580783,0.0473570141035779,0.7897200122317348,0.005545127310629101,0.001991806999891802,0.00012308805541788934,0.000707145999816324,5.577107105914408e-06,5.0,0.0
minmax,uniform,pca,ksvc,rbf,minmax__uniform__pca__ksvc__rbf,ok,,0.7117441279360319,0.03316503889964297,0.3900938937630787,0.02751926661414424,0.5410982338453173,0.037524782948122413,0.7870435062025741,0.018271685103804346,0.0020122226669627707,9.365571650013952e-05,0.000997249332916302,1.3341447869958722e-05,5.0,0.0
minmax,uniform,pca,ksvc,hyperbolic,minmax__uniform__pca__ksvc__hyperbolic,ok,,0.6312093953023489,0.037988587186948,0.2494701268793401,0.053014739623479246,0.3521680494234725,0.13604055626286235,0.7953327801658455,0.007913169785846863,0.0018740023327457795,7.937199779800176e-05,0.0007074066670611501,1.1350305963522315e-05,5.0,0.0
minmax,uniform,pca,ksvc,triangle,minmax__uniform__pca__ksvc__triangle,ok,,0.714592703648176,0.04357299530017521,0.4385924496342212,0.04246082931984028,0.5501706080948953,0.058216173627589095,0.8107649630673128,0.021167976476322885,0.002226407999842195,9.735980418019937e-05,0.0011164433338611464,2.0161990334206303e-05,5.0,0.0
minmax,uniform,pca,ksvc,radial_basic,minmax__uniform__pca__ksvc__radial_basic,ok,,0.7231884057971015,0.04722743124636678,0.4801099029602778,0.051867533532631675,0.563006343982595,0.07118791872125124,0.7928028668891054,0.029004559534481823,0.0034515356668028594,8.569983288741054e-05,0.0019248926667690587,1.3439476098012358e-05,5.0,0.0
minmax,uniform,pca,ksvc,rquadratic,minmax__uniform__pca__ksvc__rquadratic,ok,,0.7146176911544228,0.03722687286727838,0.4153002077122501,0.016378908901581828,0.5499704787374814,0.043892394181429865,0.7977316605908101,0.013965562931975067,0.002035574000425792,8.222959379647582e-05,0.0009909840003577604,1.8778229312025378e-05,5.0,0.0
minmax,uniform,pca,ksvc,canberra,minmax__uniform__pca__ksvc__canberra,ok,,0.6828335832083958,0.06085500794655135,0.33179701246135357,0.02457452504422881,0.4960251221684147,0.0918869062156786,0.7735813563909554,0.01687956463921339,0.0036538813334724787,8.935634910160075e-05,0.002358336333296999,9.294821957293731e-05,5.0,0.0
minmax,uniform,pca,ksvc,truncated,minmax__uniform__pca__ksvc__truncated,ok,,0.6511744127936032,0.046269075929888076,0.3189636358215408,0.026009135543210327,0.42726944950843765,0.06115808165236266,0.7611963362971782,0.026652253527010634,0.005812660333807192,0.00014609189385208002,0.001967981332806327,2.871815630072808e-05,5.0,0.0
minmax,uniform,pca,kannc,linear,minmax__uniform__pca__kannc__linear,ok,,0.6598200899550225,0.046246143185826816,0.3375858152315822,0.04378930908233567,0.4541864548173619,0.045809067015467796,0.804158710484289,0.027824696098623217,0.18343601266678888,0.0020790475514626417,0.1436647146674659,0.0011235862579152425,5.0,0.0
minmax,uniform,pca,kannc,poly,minmax__uniform__pca__kannc__poly,ok,,0.5446526736631684,0.01125708649354608,0.1735809759243656,0.02133080115298167,0.1441067038452646,0.1048284308962231,0.5616399573715078,0.18691116713301417,0.22029092566663167,0.0021905288712187466,0.1751986853329678,0.0022177289817159737,5.0,0.0
minmax,uniform,pca,kannc,rbf,minmax__uniform__pca__kannc__rbf,ok,,0.5561969015492254,0.003526869445019997,0.17233768251169157,0.020276925856942907,0.1400275547044233,0.05775236660720846,0.6145122681801418,0.19843617043971393,1.9299954633333982,0.0022362286555656736,1.5740114393326319,0.012501631179083709,5.0,0.0
minmax,uniform,pca,kannc,hyperbolic,minmax__uniform__pca__kannc__hyperbolic,ok,,0.5475762118940529,0.015433340612147083,0.15410470095724024,0.016069660451154318,0.08659195219613762,0.07383109817739608,0.5476396596503389,0.1908064253199588,0.21781211300003633,0.003848027146434848,0.1756576880003801,0.005337772457730087,5.0,0.0
minmax,uniform,pca,kannc,triangle,minmax__uniform__pca__kannc__triangle,ok,,0.5822838580709645,0.03728867732880458,0.21642710539898433,0.04143237125866288,0.22420559872950255,0.10786765040920285,0.7671963848372525,0.04604708567574178,2.350486080000337,0.037953432926653985,1.9193845876664757,0.05098829799659948,5.0,0.0
minmax,uniform,pca,kannc,radial_basic,minmax__uniform__pca__kannc__radial_basic,ok,,0.6340579710144928,0.013284567217411133,0.2794574749700258,0.03234882904586878,0.37059143614052403,0.04500222080750089,0.8027337508254254,0.011950889280649267,0.25591363499976677,0.0021238649011899387,0.20580836299996008,0.003968576059015607,5.0,0.0
minmax,uniform,pca,kannc,rquadratic,minmax__uniform__pca__kannc__rquadratic,ok,,0.5533233383308346,0.007393177751006147,0.1667942560555665,0.015233673313581705,0.1281258037199165,0.05186747549733916,0.61369566388033,0.18593559067763066,1.9658405929997873,0.043846666107670726,1.5811668453334278,0.048496039219915674,5.0,0.0
minmax,uniform,pca,kannc,canberra,minmax__uniform__pca__kannc__canberra,ok,,0.5360569715142428,0.026003315337632397,0.1667205891012112,0.03410842088867877,0.05346129309811821,0.07560568576136191,0.5460464146348342,0.08886814165728031,0.37832687100005086,0.008292580028551889,0.30185408633345406,0.0034756079244193895,5.0,0.0
minmax,uniform,pca,kannc,truncated,minmax__uniform__pca__kannc__truncated,ok,,0.5447026486756621,0.009068158464880377,0.19992009326778473,0.03281999680804052,0.08812330286201635,0.05413708828399872,0.5897169043632541,0.04346634061287052,0.30068437133316667,0.003207035904545426,0.23802491600084372,0.0027759979734727205,5.0,0.0
minmax,uniform,pca,kridge,linear,minmax__uniform__pca__kridge__linear,ok,,0.6827336331834083,0.0691850668849626,0.44267442494912235,0.06554523257303532,0.5233573521505875,0.10464394449325486,0.809759336308669,0.029388581145465793,0.0015629923339777936,9.124512388119153e-05,0.00044140266739608097,2.0496094787356852e-05,5.0,0.0
minmax,uniform,pca,kridge,poly,minmax__uniform__pca__kridge__poly,ok,,0.6857571214392802,0.04617743887495262,0.3493554502909732,0.04625972829997176,0.48340587114113664,0.06486316668363819,0.8175515371845409,0.027664148695267284,0.0015004996669934674,8.006437586638998e-05,0.0004459239996018975,3.0825656563017524e-06,5.0,0.0
minmax,uniform,pca,kridge,rbf,minmax__uniform__pca__kridge__rbf,ok,,0.7030734632683658,0.04538846904060403,0.39415217881507064,0.04110633231625116,0.5212873285209599,0.06530670122336356,0.8439414334135301,0.021845532074343182,0.0024940253339688447,0.0001668939780465097,0.0011985536663511691,5.750882357785989e-05,5.0,0.0
minmax,uniform,pca,kridge,hyperbolic,minmax__uniform__pca__kridge__hyperbolic,ok,,0.6829835082458771,0.024860973984450793,0.3168976314770549,0.03330126409777703,0.47890946442951615,0.02309453272387537,0.8137236115327385,0.018830561438299104,0.0025496516670197402,0.000497260832013809,0.0006328106671086667,0.00015011188459641137,5.0,0.0
minmax,uniform,pca,kridge,triangle,minmax__uniform__pca__kridge__triangle,ok,,0.700199900049975,0.041326102239529004,0.41249396507433533,0.018018302695197042,0.5238882166330406,0.053156757554624554,0.8211480802027822,0.02386886927847513,0.0018899863328745898,0.00021959558455862286,0.0008632369996727599,2.0538034743529694e-05,5.0,0.0
minmax,uniform,pca,kridge,radial_basic,minmax__uniform__pca__kridge__radial_basic,ok,,0.7116941529235383,0.04610887593568982,0.4149737394774511,0.048531138475676756,0.5392124922118877,0.06768929513898245,0.8454607156432367,0.023358820028194775,0.002861783333476827,0.00018905129533515122,0.0016365193332603667,1.7268272795171592e-05,5.0,0.0
minmax,uniform,pca,kridge,rquadratic,minmax__uniform__pca__kridge__rquadratic,ok,,0.7117441279360319,0.04572530670892712,0.4316182870897783,0.050365863735662944,0.5450707021014359,0.06032468841249724,0.8613762834580075,0.015008788533113267,0.0016060006661670438,7.044981206146782e-05,0.0007224086657515727,8.377434388974677e-06,5.0,0.0
minmax,uniform,pca,kridge,canberra,minmax__uniform__pca__kridge__canberra,ok,,0.6886806596701649,0.03152213280747439,0.36688274140374144,0.029765707425654313,0.4930147184258185,0.03572962376845868,0.8067845005937878,0.013278270205877548,0.0032381689992083316,0.00010363048566309451,0.002052542667418796,4.8995322343465126e-05,5.0,0.0
minmax,uniform,pca,kridge,truncated,minmax__uniform__pca__kridge__truncated,ok,,0.6540979510244878,0.031610508947468904,0.34260520426018326,0.03268619538395547,0.4308440505502887,0.03605663712765458,0.7913872243810021,0.020340861363529354,0.005257277667017964,0.00020249930676876667,0.0016304173332173377,9.08484899409595e-06,5.0,0.0
minmax,uniform,lda,ksvc,linear,minmax__uniform__lda__ksvc__linear,ok,,0.7751624187906047,0.04424170467144836,0.5931192578688337,0.057284721674257,0.6475188020980773,0.0568341290788219,0.849108765732388,0.025986424641063217,0.002393616999446143,8.342492446170583e-05,0.0006677909999173911,1.0626713803536518e-05,5.0,0.0
minmax,uniform,lda,ksvc,poly,minmax__uniform__lda__ksvc__poly,ok,,0.7721889055472264,0.04770597259477923,0.5845945013842527,0.10692507911099981,0.6462506232126692,0.07295177355158877,0.8844259945342938,0.02302794973567448,0.0023522249994130107,5.7113472466003976e-05,0.0006696743336457681,1.0371124575718035e-06,5.0,0.0
minmax,uniform,lda,ksvc,rbf,minmax__uniform__lda__ksvc__rbf,ok,,0.7519990004997501,0.05555352629822217,0.5153356828359289,0.0744458803882516,0.6135325096776796,0.07724813668671478,0.8621332072682631,0.02081378536826272,0.002254634666921144,2.6158307186753224e-05,0.0009539836664771428,2.7344896544021766e-05,5.0,0.0
minmax,uniform,lda,ksvc,hyperbolic,minmax__uniform__lda__ksvc__hyperbolic,ok,,0.6541479260369815,0.039441510219101084,0.3587173621859943,0.013054210238134644,0.4488715032266802,0.04406659195450256,0.7514366822111249,0.05567137280689726,0.002075102665912709,4.7027282515220645e-06,0.0006751913339636909,2.4484879413103594e-06,5.0,0.0
minmax,uniform,lda,ksvc,triangle,minmax__uniform__lda__ksvc__triangle,ok,,0.7721639180409795,0.05040159019937068,0.5714001803962853,0.07967413546317265,0.6436893483075203,0.07325157866348604,0.88325162235303,0.025044280867714087,0.0024114476667212634,6.998402683352138e-05,0.0010572609996112685,1.3281532639203946e-05,5.0,0.0
minmax,uniform,lda,ksvc,radial_basic,minmax__uniform__lda__ksvc__radial_basic,ok,,0.7751374312843579,0.037097502358818805,0.5709228788509036,0.07639933110842884,0.6485216319511314,0.048596239247447076,0.8712105857051634,0.016355870803430334,0.0033768763332773233,5.9778874078118434e-05,0.001833758666786404,2.8434713284712476e-05,5.0,0.0
minmax,uniform,lda,ksvc,rquadratic,minmax__uniform__lda__ksvc__rquadratic,ok,,0.7606446776611694,0.05087177670722963,0.5357481106492217,0.0682505144246769,0.6261031322823305,0.07203227037689088,0.8795682384679325,0.028928037506719746,0.0021950346666320306,1.5074065255194552e-05,0.0009111449999181787,1.2323088384127125e-05,5.0,0.0
minmax,uniform,lda,ksvc,canberra,minmax__uniform__lda__ksvc__canberra,ok,,0.749175412293853,0.05550156579852465,0.4939372945310388,0.09898207939349798,0.6033063190069795,0.07711213038243103,0.8488236391776741,0.03183252846128337,0.003940204666529705,9.101880962374697e-05,0.0022600686661462532,3.576029344721513e-05,5.0,0.0
minmax,uniform,lda,ksvc,truncated,minmax__uniform__lda__ksvc__truncated,ok,,0.755072463768116,0.04283749222931727,0.5207580242721082,0.020546253996948344,0.6125059603293478,0.04930735531960645,0.864933880623949,0.014581585396636267,0.0061657376663788455,0.00027250684566646236,0.0019447506668560284,2.4854914778312456e-05,5.0,0.0
minmax,uniform,lda,kannc,linear,minmax__uniform__lda__kannc__linear,ok,,0.7376061969015493,0.05273904291888822,0.4967054375150283,0.05011194127072627,0.5887043112863904,0.07328468757724269,0.8953528169159147,0.02322051480816018,0.20075487700038744,0.010881722719699257,0.15250532333326797,0.00454603697244934,5.0,0.0
minmax,uniform,lda,kannc,poly,minmax__uniform__lda__kannc__poly,ok,,0.714567716141929,0.044898578637477406,0.4266952202431565,0.047523180341636086,0.5551195510676928,0.05399100241333044,0.8908736952362645,0.021682525788363674,0.2291112916664133,0.013738780076256753,0.17587321900039873,0.0032097762481402233,5.0,0.0
minmax,uniform,lda,kannc,rbf,minmax__uniform__lda__kannc__rbf,ok,,0.5994252873563218,0.03167704317131192,0.24286710682536664,0.06840610853804821,0.3014026619606005,0.13551102568411003,0.746827560970898,0.11007783635476592,1.9153325293342884,0.024420868590874622,1.5618412883328954,0.020233794074778707,5.0,0.0
minmax,uniform,lda,kannc,hyperbolic,minmax__uniform__lda__kannc__hyperbolic,ok,,0.6974012993503248,0.0352155442299413,0.401558044291552,0.07817741224714249,0.5137347229629731,0.08390572645813678,0.7523362396715706,0.04347224492056518,0.21824760033329463,0.002050264903683333,0.17958015566667504,0.011164520714498053,5.0,0.0
minmax,uniform,lda,kannc,triangle,minmax__uniform__lda__kannc__triangle,ok,,0.6685657171414293,0.015092784729832406,0.3735337488313398,0.026230204065676322,0.4457198314906475,0.04065427415794402,0.8247689915040693,0.052361846318841394,2.4578668383340605,0.04088855119667809,2.032288817332907,0.08631068618149697,5.0,0.0
minmax,uniform,lda,kannc,radial_basic,minmax__uniform__lda__kannc__radial_basic,ok,,0.6972013993003499,0.06137782027222393,0.37673456145683143,0.04359816007533094,0.5388987644205311,0.070550533066801,0.8564994025956779,0.03665318681721641,0.26299430733282253,0.007286850217690677,0.20692726400011452,0.0025842653602823336,5.0,0.0
minmax,uniform,lda,kannc,rquadratic,minmax__uniform__lda__kannc__rquadratic,ok,,0.593728135932034,0.024282174091612777,0.22159325470106792,0.05270301867632444,0.25754783025646605,0.10361361900035035,0.7434342626057951,0.09417421046984094,1.9846905550002703,0.05186541155970952,1.6448578256665012,0.08519005723210389,5.0,0.0
minmax,uniform,lda,kannc,canberra,minmax__uniform__lda__kannc__canberra,ok,,0.5272363818090954,0.035338995362002794,0.1747977914308756,0.022028051762362572,0.11139318420028825,0.07922363745053942,0.6327159780315122,0.1350552082362695,0.38524609266642074,0.009825185829057672,0.3025433716666157,0.005140872025816541,5.0,0.0
minmax,uniform,lda,kannc,truncated,minmax__uniform__lda__kannc__truncated,ok,,0.5447026486756621,0.009068158464880377,0.190579167794682,0.03712691568902371,0.07820384449624813,0.09739429798137111,0.6400508774630157,0.06549042408380604,0.3094757153333679,0.004820403504722842,0.2398366660005801,0.0008211043029389881,5.0,0.0
minmax,uniform,lda,kridge,linear,minmax__uniform__lda__kridge__linear,ok,,0.74047976011994,0.04717070720386733,0.5264066679119587,0.052193931354956334,0.6083783401294391,0.06648310962900064,0.8265099271548845,0.041491067715036745,0.0019861863329424523,0.00011990106051974964,0.00044431099922803696,2.019243828760944e-05,5.0,0.0
minmax,uniform,lda,kridge,poly,minmax__uniform__lda__kridge__poly,ok,,0.7491254372813593,0.04714235932107271,0.4920211798382946,0.06830357399217578,0.5978716257686683,0.07050320649888016,0.8791328646485895,0.07120637865127341,0.0018851466660028866,5.371678226921104e-05,0.00045730266720056534,2.6766765733859022e-05,5.0,0.0
minmax,uniform,lda,kridge,rbf,minmax__uniform__lda__kridge__rbf,ok,,0.7635932033983007,0.039408252326080334,0.5356554555148098,0.04063681705755892,0.6243086657651603,0.053395079732404274,0.8957684264892416,0.05403840146731543,0.0019571246666600928,1.2550272857199954e-05,0.000721499999902638,8.591590370764404e-06,5.0,0.0
minmax,uniform,lda,kridge,hyperbolic,minmax__uniform__lda__kridge__hyperbolic,ok,,0.6224637681159421,0.03187687031540553,0.4535517720548626,0.023729852551609722,0.450485659251673,0.034236533163224406,0.7445403825184691,0.09506737506825354,0.001977403001243753,7.110895142793637e-05,0.0004975929999394187,2.9913488166051585e-05,5.0,0.0
minmax,uniform,lda,kridge,triangle,minmax__uniform__lda__kridge__triangle,ok,,0.7635932033983007,0.025714098658643603,0.5478507522538543,0.05854927809891673,0.6255679633743124,0.04017516153491581,0.8845625691285965,0.03985256185491729,0.002126254000055875,5.116065687869529e-05,0.0008502086657244945,7.991311900160633e-06,5.0,0.0
minmax,uniform,lda,kridge,radial_basic,minmax__uniform__lda__kridge__radial_basic,ok,,0.7664917541229386,0.03711591053426428,0.5570767966869176,0.04236137565408181,0.631524347225064,0.04841130565999487,0.9005357902654171,0.05012898722954731,0.0032274276672978885,0.00010151637621318113,0.0016792843337801362,4.493593755807469e-05,5.0,0.0
minmax,uniform,lda,kridge,rquadratic,minmax__uniform__lda__kridge__rquadratic,ok,,0.7664417791104446,0.04007592505122429,0.5549005050416344,0.05695371692082647,0.6323804641710302,0.0564407714000353,0.9024048930497682,0.04939111848162396,0.001964421666950026,2.7407809652201888e-05,0.000742559999707737,1.1256506491637195e-05,5.0,0.0
minmax,uniform,lda,kridge,canberra,minmax__uniform__lda__kridge__canberra,ok,,0.7520739630184908,0.030099813533069942,0.533261125323862,0.060369909706767574,0.6093301512837844,0.03834496400847896,0.8936491094493239,0.030520599434222664,0.003699936332850484,9.991763520376114e-05,0.002053555000505488,4.819433640560846e-06,5.0,0.0
minmax,uniform,lda,kridge,truncated,minmax__uniform__lda__kridge__truncated,ok,,0.7376311844077961,0.03642823632629028,0.5292037138193432,0.0653284457933954,0.5889310989763716,0.052710555788840846,0.8888260381601917,0.03141684274270638,0.006057945332941017,0.00037911899586960587,0.0017769266669347417,0.00010077870557483012,5.0,0.0
minmax,kmeans,pca,ksvc,linear,minmax__kmeans__pca__ksvc__linear,ok,,0.5418790604697651,0.06069527504351791,0.3286230546364037,0.041170885532524,0.3967192682278404,0.07716458684658059,0.7449747250761237,0.02745513358775416,0.007181265667289456,0.0002869641831148982,0.0007383753327303566,8.112588646594025e-06,5.0,0.0
minmax,kmeans,pca,ksvc,poly,minmax__kmeans__pca__ksvc__poly,ok,,0.5332583708145927,0.07278574490171781,0.32130626789638456,0.031104817385352142,0.38611264208255197,0.09269541533230301,0.7512948752149581,0.012544586132827315,0.007052038999366535,0.00030176714394459175,0.0007629053337344279,3.0499969791797666e-05,5.0,0.0
minmax,kmeans,pca,ksvc,rbf,minmax__kmeans__pca__ksvc__rbf,ok,,0.5503498250874563,0.06315737406580202,0.4038283426780549,0.01664520051049713,0.40125172891675404,0.07369542782858644,0.7911386725530228,0.0236826246891855,0.00677465266683915,0.00019769304465420257,0.00105073466693284,1.0604817295198587e-05,5.0,0.0
minmax,kmeans,pca,ksvc,hyperbolic,minmax__kmeans__pca__ksvc__hyperbolic,ok,,0.5217641179410295,0.08894928216241597,0.2891543244570825,0.00611580765501722,0.3680009875538342,0.12305975574950781,0.7722786618936928,0.034232845861486456,0.0068491883327321075,8.805995499468581e-05,0.0007763340005719025,1.860918914030301e-05,5.0,0.0
minmax,kmeans,pca,ksvc,triangle,minmax__kmeans__pca__ksvc__triangle,ok,,0.6023738130934534,0.06213472909942235,0.48138452712471436,0.029001996440740686,0.4710245223211547,0.06787355085636022,0.8443639918188856,0.031924305158377964,0.006995270000819194,7.665490282020822e-05,0.0011595993334291659,5.1403634585746925e-06,5.0,0.0
minmax,kmeans,pca,ksvc,radial_basic,minmax__kmeans__pca__ksvc__radial_basic,ok,,0.5648675662168915,0.04968476433524668,0.47974909201623156,0.021309268682652916,0.41888267012272906,0.05351116003869444,0.8140101787460837,0.02987914850576009,0.008178938667091037,0.00010033842895160147,0.0019544393332277346,8.370406712026394e-06,5.0,0.0
minmax,kmeans,pca,ksvc,rquadratic,minmax__kmeans__pca__ksvc__rquadratic,ok,,0.5705897051474262,0.05292723077886416,0.44065167922006093,0.009229447501752875,0.42659571463800033,0.05573588681751872,0.8214446189123263,0.031011488626146496,0.006995501000346849,0.00031114106203298717,0.0010758259995782282,3.6239661060168e-05,5.0,0.0
minmax,kmeans,pca,ksvc,canberra,minmax__kmeans__pca__ksvc__canberra,ok,,0.5361069465267366,0.06327145463958093,0.35476656023833675,0.02380896680645315,0.38181388057844745,0.07576676086995669,0.8042004839583612,0.0408666529388068,0.008786100666232718,0.0002652812789210946,0.0025117563333575768,5.4765957061520084e-05,5.0,0.0
minmax,kmeans,pca,ksvc,truncated,minmax__kmeans__pca__ksvc__truncated,ok,,0.5361069465267366,0.056661890874555594,0.42138788514543357,0.018811872865763555,0.37711213939088517,0.061467094557660584,0.8008660792503894,0.029847583055720352,0.01104997699985688,0.00026108398498213324,0.0021148116672217534,6.370542916192841e-05,5.0,0.0
minmax,kmeans,pca,kannc,linear,minmax__kmeans__pca__kannc__linear,ok,,0.4957271364317841,0.04736211586477434,0.3171191548309668,0.00556045569103848,0.32509346546535595,0.05018316103824432,0.8008324796523731,0.005909552049042581,0.2016400159997526,0.006080306218178804,0.16465163166625038,0.007867377142117294,5.0,0.0
minmax,kmeans,pca,kannc,poly,minmax__kmeans__pca__kannc__poly,ok,,0.3171164417791104,0.0476980144308357,0.13104860325901987,0.021207516402857122,0.004054013028350382,0.04867250878903751,0.6736149901257349,0.0943041646400108,0.23861950733347234,0.005821455172275934,0.18650205266688621,0.0025753640795921984,5.0,0.0
minmax,kmeans,pca,kannc,rbf,minmax__kmeans__pca__kannc__rbf,ok,,0.4441529235382309,0.13867694526138502,0.24408538063802412,0.07323885363347196,0.22808428198347216,0.21311236961885854,0.7035337032190578,0.12050799567682736,2.0106552766659056,0.05151542833860142,1.6003809423339892,0.017515983284839373,5.0,0.0
minmax,kmeans,pca,kannc,hyperbolic,minmax__kmeans__pca__kannc__hyperbolic,ok,,0.31424287856071964,0.04617743887495261,0.1095535088218015,0.019592975924251434,0.0016765128428520223,0.009654782728911182,0.621370318347998,0.11540771873348359,0.22545907700077805,0.004029866049017398,0.1740327739995943,0.0012107195465640985,5.0,0.0
minmax,kmeans,pca,kannc,triangle,minmax__kmeans__pca__kannc__triangle,ok,,0.44652673663168413,0.06852433503225162,0.25811173871908055,0.0705033813925457,0.22253234830822152,0.09589214648897561,0.8078712338336108,0.025472253417787184,2.455171842332978,0.013086313687931072,1.967474524000257,0.01791113266507121,5.0,0.0
minmax,kmeans,pca,kannc,radial_basic,minmax__kmeans__pca__kannc__radial_basic,ok,,0.4844827586206897,0.09725727431841692,0.30548850320891824,0.06498373553032287,0.3232267181541197,0.09678594825609385,0.7780563352008087,0.028558497096183015,0.2722485353333468,0.009832912583849848,0.20322657033345118,0.001323649676366556,5.0,0.0
minmax,kmeans,pca,kannc,rquadratic,minmax__kmeans__pca__kannc__rquadratic,ok,,0.4700649675162419,0.13221379992643273,0.279124642067174,0.08198040149422925,0.265841708275294,0.18832585287975204,0.7136829726081246,0.13400776462304217,2.0709090656661524,0.023612325988470118,1.6418618190000416,0.03358520075445379,5.0,0.0
minmax,kmeans,pca,kannc,canberra,minmax__kmeans__pca__kannc__canberra,ok,,0.35447276361819086,0.08447758876105171,0.16363362208073384,0.0657497951471481,0.054070452659121415,0.1049836329707075,0.6442418348749991,0.106162948432483,0.39188225199965626,0.005031476642117568,0.3127753376666078,0.007447575481003842,5.0,0.0
minmax,kmeans,pca,kannc,truncated,minmax__kmeans__pca__kannc__truncated,ok,,0.3431034482758621,0.04717547210627847,0.1636303533647183,0.027953053543482625,0.04798281002977762,0.07322128481912098,0.6448882511838437,0.08398562972996733,0.32027951566730434,0.007223206407439786,0.2517899566670773,0.012351137039257385,5.0,0.0
minmax,kmeans,pca,kridge,linear,minmax__kmeans__pca__kridge__linear,ok,,0.5274862568715641,0.0818942406807503,0.41338508383408606,0.04360984149801807,0.3744735116073421,0.09830196989938113,0.8021584000975128,0.018956008306122173,0.006756060333524753,0.00038860631599881056,0.0005063559995808949,4.1374809579560976e-05,5.0,0.0
minmax,kmeans,pca,kridge,poly,minmax__kmeans__pca__kridge__poly,ok,,0.5447026486756622,0.08137607160249438,0.3684445159216074,0.022609194191890364,0.3936152938603559,0.10085157439830686,0.8130290211358396,0.01844946467531211,0.006728811333232443,9.081822192456919e-05,0.0004722010004722203,7.266050425421974e-06,5.0,0.0
minmax,kmeans,pca,kridge,rbf,minmax__kmeans__pca__kridge__rbf,ok,,0.5504997501249375,0.05532587127853715,0.40426377806197555,0.0033786463956872056,0.3958409955615834,0.057490449256638355,0.8417898348198389,0.033055873893980195,0.006633493333235189,0.00016301028023353077,0.0007719126667022161,3.1873172831053036e-05,5.0,0.0
minmax,kmeans,pca,kridge,hyperbolic,minmax__kmeans__pca__kridge__hyperbolic,ok,,0.5217641179410295,0.0763617618546533,0.31123089547805177,0.019293372171201608,0.3665813517695611,0.1001596193862883,0.8075458482454493,0.013438198267966174,0.006703547333017923,0.0003848312286334551,0.0005343526669700319,6.207155124532168e-05,5.0,0.0
minmax,kmeans,pca,kridge,triangle,minmax__kmeans__pca__kridge__triangle,ok,,0.5879560219890055,0.07189913401534458,0.4805615251742799,0.03675471355301867,0.4496238303703133,0.0836112086006741,0.8443067455046744,0.03201254243111386,0.007239951000277263,0.0004762071777880996,0.0008860006661658796,1.4132255237568056e-05,5.0,0.0
minmax,kmeans,pca,kridge,radial_basic,minmax__kmeans__pca__kridge__radial_basic,ok,,0.5677411294352824,0.038958415168587404,0.4363402775485214,0.010603213560838574,0.41912780853731585,0.035763768724938555,0.8511246659992944,0.036354725111044275,0.00824121066762018,0.0003455884534003003,0.0017788773329812102,4.333967976791566e-05,5.0,0.0
minmax,kmeans,pca,kridge,rquadratic,minmax__kmeans__pca__kridge__rquadratic,ok,,0.5995002498750625,0.0660795441284309,0.47938958513894586,0.032183998258584125,0.46587094199538087,0.07319478707558082,0.8664857438182004,0.03422755603482288,0.006770488333737982,0.0003606252162475098,0.0007426236667621803,3.94744873270976e-06,5.0,0.0
minmax,kmeans,pca,kridge,canberra,minmax__kmeans__pca__kridge__canberra,ok,,0.5418540729635182,0.0420907848931157,0.4345199749653656,0.015339429404787351,0.38123107034649434,0.04245099938822155,0.8292760752164079,0.02812137792259148,0.009620268999545564,0.0006036231454502575,0.0022189803330547875,0.00023119788205650622,5.0,0.0
minmax,kmeans,pca,kridge,truncated,minmax__kmeans__pca__kridge__truncated,ok,,0.5388805597201399,0.04265274362391263,0.42508655316549837,0.021746272843816344,0.3757584600153972,0.04642770973913263,0.8086532601038924,0.02164781312577489,0.012817192000511568,0.0005740002457075045,0.0018804513335150357,0.00015675880839022765,5.0,0.0
minmax,kmeans,lda,ksvc,linear,minmax__kmeans__lda__ksvc__linear,ok,,0.5879560219890055,0.04470634287483695,0.5321314957150115,0.020798405765133244,0.45235897274874404,0.04766044742917027,0.8430916341618103,0.018395225800873032,0.007692901666208248,0.00028584958611535083,0.0007428573329283003,5.673955532904006e-05,5.0,0.0
minmax,kmeans,lda,ksvc,poly,minmax__kmeans__lda__ksvc__poly,ok,,0.6110194902548726,0.035855443321496074,0.5391718718201449,0.028137243348825634,0.4795548862042754,0.03607255881964526,0.8636857894164836,0.003268418889913074,0.007702570333397792,0.00016349151854475372,0.000746647999524915,3.1097552110054924e-05,5.0,0.0
minmax,kmeans,lda,ksvc,rbf,minmax__kmeans__lda__ksvc__rbf,ok,,0.5936281859070465,0.04641073964887926,0.49685233004033114,0.04129144725393786,0.46379624031874145,0.0486665251260843,0.8582089268387434,0.017979544509544185,0.007126036332920194,0.0003539493280557477,0.001107092333768378,0.00011665958390498495,5.0,0.0
minmax,kmeans,lda,ksvc,hyperbolic,minmax__kmeans__lda__ksvc__hyperbolic,ok,,0.3891054472763618,0.015538090532126243,0.3011117221702884,0.0074873870257533125,0.19555118403235108,0.008136460402531197,0.7254713369460974,0.036832036359992555,0.007939388667485522,0.0009624443466661082,0.0008031090001168195,9.653255969393733e-05,5.0,0.0
minmax,kmeans,lda,ksvc,triangle,minmax__kmeans__lda__ksvc__triangle,ok,,0.648375812093953,0.03648276887555368,0.570941977966754,0.03683534426494298,0.5314857830722615,0.03895945248237347,0.87061160561484,0.010632159865874537,0.00789926166604952,0.0007286355422910052,0.0012239583338669036,0.00012077859141992749,5.0,0.0
minmax,kmeans,lda,ksvc,radial_basic,minmax__kmeans__lda__ksvc__radial_basic,ok,,0.631184407796102,0.038195346585390456,0.5607555051448586,0.0075107376348322605,0.5093715196877332,0.04041067073654658,0.866045106582396,0.015938604136744253,0.008344321666906277,7.903212664080395e-05,0.001995611000287075,3.179876052260189e-05,5.0,0.0
minmax,kmeans,lda,ksvc,rquadratic,minmax__kmeans__lda__ksvc__rquadratic,ok,,0.6224887556221889,0.028269782800461354,0.5447486872300397,0.025994243506716763,0.49728351791677144,0.02564883289869647,0.874365903839594,0.010243507079291598,0.007975374000428323,0.0010451417243910858,0.0011877996663921901,0.00012496975313808808,5.0,0.0
minmax,kmeans,lda,ksvc,canberra,minmax__kmeans__lda__ksvc__canberra,ok,,0.570664667666167,0.044683208945766405,0.478483468231079,0.007675538314189429,0.43080309085358337,0.0421943509473629,0.8599770387739657,0.02176946172650938,0.011274722666712478,5.2697848743414004e-05,0.0025239123333449243,0.00012764046763254707,5.0,0.0
minmax,kmeans,lda,ksvc,truncated,minmax__kmeans__lda__ksvc__truncated,ok,,0.6167416291854072,0.049712503951396585,0.5329018661623605,0.016375995158823944,0.48894404764225835,0.05220875322052426,0.8543837092738795,0.023307277991645173,0.011581564333027927,5.4029186388933876e-05,0.002006020999639683,4.85909714995173e-05,5.0,0.0
minmax,kmeans,lda,kannc,linear,minmax__kmeans__lda__kannc__linear,ok,,0.5129185407296352,0.02749509194245503,0.35270695560397924,0.024818825743475215,0.3540414650746786,0.015021350689641135,0.8218947255758401,0.02241517697125453,0.19735671400061014,0.0022356984592776714,0.1568558673334337,0.008781504011384124,5.0,0.0
minmax,kmeans,lda,kannc,poly,minmax__kmeans__lda__kannc__poly,ok,,0.5734632683658171,0.03567354874090482,0.4068012428299266,0.06883618316815582,0.43280734511349855,0.03315556528084527,0.8582697797444695,0.008008038901926268,0.243607892,0.012141667035038169,0.18347263866720218,0.014779874062281548,5.0,0.0
minmax,kmeans,lda,kannc,rbf,minmax__kmeans__lda__kannc__rbf,ok,,0.4643178410794602,0.12397310928520427,0.2727204282744487,0.06007323945764025,0.272439787139947,0.1728541357171225,0.7776845688238835,0.05420415627183561,2.008018409000821,0.0507408403078169,1.6482893863333932,0.04058591695297327,5.0,0.0
minmax,kmeans,lda,kannc,hyperbolic,minmax__kmeans__lda__kannc__hyperbolic,ok,,0.55912043978011,0.03003527354318203,0.4108337754941552,0.04999270404302998,0.40644237493062246,0.03327648804998067,0.8359880751251959,0.0023851340383259155,0.23624865299946882,0.0074744514893937235,0.18424141600068347,0.004461170227652404,5.0,0.0
minmax,kmeans,lda,kannc,triangle,minmax__kmeans__lda__kannc__triangle,ok,,0.5561469265367317,0.05414463385889631,0.39231049650024225,0.07428857747563777,0.4041781019803398,0.06213390989275769,0.8509712543278954,0.013664426169916193,2.507005475999904,0.04538503212037629,2.0564161926674083,0.043910409240175086,5.0,0.0
minmax,kmeans,lda,kannc,radial_basic,minmax__kmeans__lda__kannc__radial_basic,ok,,0.5477011494252874,0.04443536041397174,0.3802168557785766,0.03618615007697095,0.3976286910132205,0.044986230756969545,0.8555229432093127,0.021024645331075183,0.2754349850001745,0.0031479219319973774,0.20752154800053782,0.0030505536965241093,5.0,0.0
minmax,kmeans,lda,kannc,rquadratic,minmax__kmeans__lda__kannc__rquadratic,ok,,0.48728135932033984,0.11305730228919621,0.2943911557167654,0.03655414599637455,0.3087895747798242,0.13905629016776028,0.7849583655089062,0.0808880628034005,2.0527283336662854,0.02961377444969469,1.703072069333454,0.04977342374280238,5.0,0.0
minmax,kmeans,lda,kannc,canberra,minmax__kmeans__lda__kannc__canberra,ok,,0.4235132433783108,0.14027034811569,0.2153639046141739,0.09831341371502328,0.21000458080163156,0.19520031283457664,0.7643162445989997,0.09534441652954385,0.41339836166601646,0.020136805608360498,0.3479283403333587,0.030747435297781955,5.0,0.0
minmax,kmeans,lda,kannc,truncated,minmax__kmeans__lda__kannc__truncated,ok,,0.3486506746626687,0.05433939861247891,0.1632016976506577,0.04667415620355746,0.04564746723417029,0.07029743902551006,0.6088514121042026,0.03345445812306016,0.32028870033354906,0.010606433148186054,0.24033636266661537,0.0025120210206149513,5.0,0.0
minmax,kmeans,lda,kridge,linear,minmax__kmeans__lda__kridge__linear,ok,,0.55912043978011,0.03671532919093269,0.4853408803779203,0.037751473069123305,0.41854869295353486,0.0400303374950464,0.8089618688957739,0.011249762224573476,0.008113173333185841,0.0007978244902396807,0.0005495519999385579,3.4234753404951054e-05,5.0,0.0
minmax,kmeans,lda,kridge,poly,minmax__kmeans__lda__kridge__poly,ok,,0.5907796101949025,0.03871497805451861,0.48292427610737043,0.005730348026238876,0.4468555350869867,0.0385086613410702,0.8605430791185716,0.019734280668406726,0.008584903666511915,0.00022320281451850747,0.0005353883334464626,1.7846673631133552e-06,5.0,0.0
minmax,kmeans,lda,kridge,rbf,minmax__kmeans__lda__kridge__rbf,ok,,0.5965267366316841,0.038888925459434856,0.517916232612828,0.027763322473585466,0.4576313566777233,0.039306968505443914,0.8678674433219254,0.010044568548371153,0.007514287333833636,0.0007991639493577504,0.0007179363328759791,1.4413899823507315e-06,5.0,0.0
minmax,kmeans,lda,kridge,hyperbolic,minmax__kmeans__lda__kridge__hyperbolic,ok,,0.4323338330834583,0.019874384521089406,0.37143255108492007,0.029126086879919896,0.2573191424265692,0.034649783508450924,0.6574947464306996,0.03680443182838103,0.006912431999201847,0.00028181276628549756,0.00047539033281888504,9.469789895208272e-06,5.0,0.0
minmax,kmeans,lda,kridge,triangle,minmax__kmeans__lda__kridge__triangle,ok,,0.5994502748625687,0.06368530574534112,0.527806330713071,0.03563157287201923,0.46100275481550507,0.07424550675619367,0.8581987628882626,0.015092999360729883,0.0067786803338094614,6.33782625002327e-05,0.0008386103333274756,7.612094917736938e-06,5.0,0.0
minmax,kmeans,lda,kridge,radial_basic,minmax__kmeans__lda__kridge__radial_basic,ok,,0.6167166416791604,0.024640291277899965,0.5462680199301166,0.026279575424212855,0.4849831112736899,0.022359599503481743,0.8756055380017237,0.00670936346008179,0.008234050667548823,0.00027795678108514014,0.0016632536668718483,6.2688906392334845e-06,5.0,0.0
minmax,kmeans,lda,kridge,rquadratic,minmax__kmeans__lda__kridge__rquadratic,ok,,0.622488755622189,0.021269021266657806,0.5433562822301878,0.034403393246709435,0.494836946681349,0.014566997973588784,0.8851438965387736,0.013171521120825726,0.0067241629997928,7.878746446355e-05,0.0007814140002058897,8.235616153918805e-05,5.0,0.0
minmax,kmeans,lda,kridge,canberra,minmax__kmeans__lda__kridge__canberra,ok,,0.6312093953023489,0.05032996137204992,0.5398414064294542,0.004003545908913057,0.507600367765875,0.05595756795562014,0.8666043438448954,0.019243721631197228,0.009157242666333332,0.0003443214790820469,0.0020319836670144773,2.1565827341146416e-05,5.0,0.0
minmax,kmeans,lda,kridge,truncated,minmax__kmeans__lda__kridge__truncated,ok,,0.6283108445777111,0.06216342166366261,0.554892284452072,0.008708504943552579,0.5040486563766092,0.06792638535464432,0.8483598355093415,0.022999538161770156,0.011186143665933438,0.00018127730186380756,0.0016303073328648072,1.3090405338580788e-05,5.0,0.0
minmax,dbscan,pca,ksvc,linear,minmax__dbscan__pca__ksvc__linear,ok,,0.7608945527236383,0.06357629899357017,0.32156350617509094,0.03457735736988979,0.6051241328171058,0.09025355285823827,0.7835901962105928,0.009236193110230504,0.008389213667517955,0.00018599987794269435,0.0006685823336738395,6.696835937221234e-06,5.0,0.0
minmax,dbscan,pca,ksvc,poly,minmax__dbscan__pca__ksvc__poly,ok,,0.7550974512743629,0.061290955528732524,0.3187685683213595,0.033238610940482215,0.5967228238036449,0.08726819894696267,0.7932775569736695,0.018505407272506613,0.008077341666042534,7.598977397214728e-05,0.0006809663330689849,7.509327277317752e-06,5.0,0.0
minmax,dbscan,pca,ksvc,rbf,minmax__dbscan__pca__ksvc__rbf,ok,,0.7550974512743629,0.061290955528732524,0.3202580275320622,0.03203466265350451,0.6014915131736346,0.07974100444166182,0.802824238607315,0.007885964323466768,0.008285645999421831,0.00031407412796348325,0.0009541036664207544,6.867850569068555e-06,5.0,0.0
minmax,dbscan,pca,ksvc,hyperbolic,minmax__dbscan__pca__ksvc__hyperbolic,ok,,0.7292853573213393,0.09517111664875255,0.28674724788491196,0.07751812297878517,0.47455306217661736,0.2477821490493035,0.7979159607088229,0.02522433490200035,0.008146974333309723,0.0003040593129899337,0.0007463279998773942,5.604574072261353e-05,5.0,0.0
minmax,dbscan,pca,ksvc,triangle,minmax__dbscan__pca__ksvc__triangle,ok,,0.7809845077461269,0.031695250589683456,0.4319488439042669,0.054448626948394224,0.6343490496481157,0.040755220020765474,0.8184420721920008,0.015187284545749302,0.008096561333028754,0.00010907872311704786,0.0010919666668390466,8.849640002048995e-06,5.0,0.0
minmax,dbscan,pca,ksvc,radial_basic,minmax__dbscan__pca__ksvc__radial_basic,ok,,0.7550974512743628,0.05444147440046576,0.4052800870500251,0.040704846172476696,0.5867021678465522,0.08066544230380665,0.7855682192721329,0.019316010889920337,0.009643109000535333,0.00041000335485476177,0.0018764436669395461,4.337892225657368e-05,5.0,0.0
minmax,dbscan,pca,ksvc,rquadratic,minmax__dbscan__pca__ksvc__rquadratic,ok,,0.7752373813093453,0.03906251385332826,0.39426966891041704,0.028899277808011884,0.6332943584255654,0.04653809336041227,0.8178954439340943,0.006735757117457937,0.008115524666815569,0.00025766603363836085,0.0009588896670417549,8.081284546597352e-06,5.0,0.0
minmax,dbscan,pca,ksvc,canberra,minmax__dbscan__pca__ksvc__canberra,ok,,0.7349075462268866,0.07446940091007295,0.30776934350371515,0.04066952663857503,0.5636292490298728,0.11438334784163232,0.7913089051446741,0.01731103165026705,0.010191031332700126,0.00038283289020815025,0.0023198459997123186,7.543909775229307e-05,5.0,0.0
minmax,dbscan,pca,ksvc,truncated,minmax__dbscan__pca__ksvc__truncated,ok,,0.7320339830084958,0.04368393568225908,0.3413919279627297,0.007755132915292857,0.5401030298950968,0.06215460536976001,0.7617137519956675,0.04449007109589799,0.012176125666883308,0.0002695770713979638,0.0019458763332901678,1.3439852099286487e-05,5.0,0.0
minmax,dbscan,pca,kannc,linear,minmax__dbscan__pca__kannc__linear,ok,,0.7176661669165417,0.07692241359332502,0.3431427512135117,0.03670485521556961,0.5395239598758843,0.1110719113810746,0.7785891626335343,0.0637299816260762,0.19243345299946668,0.0031402893213941284,0.14740325799963708,0.002037419349544423,5.0,0.0
minmax,dbscan,pca,kannc,poly,minmax__dbscan__pca__kannc__poly,ok,,0.5821089455272365,0.015223770192706024,0.19319723520840837,0.03835271538423809,0.18584585892792407,0.07764837856614105,0.6050219555198436,0.20258626385068373,0.2360417350003748,0.01271550968604255,0.1722605430004478,0.0011847996086580262,5.0,0.0
minmax,dbscan,pca,kannc,rbf,minmax__dbscan__pca__kannc__rbf,ok,,0.6368565717141429,0.07429831512429996,0.26337807956338916,0.036493160314995374,0.34475996985645646,0.12326255179484612,0.7495133238313739,0.08324336277744714,1.9691908056665852,0.006807301924377311,1.587081106333547,0.01042762344622476,5.0,0.0
minmax,dbscan,pca,kannc,hyperbolic,minmax__dbscan__pca__kannc__hyperbolic,ok,,0.5879310344827586,0.013575875644847935,0.18067781240836425,0.029147821912674347,0.11170306402182666,0.08497602455796929,0.5908583903133628,0.20494250479957343,0.2257028456660919,0.002936031810734809,0.17703265866657603,0.003987330223545634,5.0,0.0
minmax,dbscan,pca,kannc,triangle,minmax__dbscan__pca__kannc__triangle,ok,,0.6830334832583708,0.08143608080442233,0.2944489064538794,0.05920395067521092,0.39395055185660643,0.1835436531584753,0.7594123821711797,0.06309814303233079,2.4443469919994336,0.033953920555388345,2.001656403666857,0.005959861745277665,5.0,0.0
minmax,dbscan,pca,kannc,radial_basic,minmax__dbscan__pca__kannc__radial_basic,ok,,0.691904047976012,0.07315921945005711,0.2894931620164835,0.03365106749852604,0.43451709859646676,0.1556932085479163,0.7351490748206745,0.06717068045748634,0.27320633933413774,0.013725698008721303,0.20971406166669718,0.007811981634249681,5.0,0.0
minmax,dbscan,pca,kannc,rquadratic,minmax__dbscan__pca__kannc__rquadratic,ok,,0.6655672163918042,0.09107591944740959,0.259733065875923,0.06111969989485588,0.342813161486519,0.21367990644642484,0.7564742251761212,0.07264072275391541,2.010610715332708,0.02204686631939809,1.6113861103331146,0.051867659118606406,5.0,0.0
minmax,dbscan,pca,kannc,canberra,minmax__dbscan__pca__kannc__canberra,ok,,0.5792603698150924,0.00742629358268068,0.146711259754738,0.0011943515374583658,0.0,0.0,0.6048196148583681,0.10161951342309382,0.3926767813342546,0.008321976378562327,0.3097518926660996,0.010066256079712019,5.0,0.0
minmax,dbscan,pca,kannc,truncated,minmax__dbscan__pca__kannc__truncated,ok,,0.5735132433783108,0.015477092741053933,0.1678262097764677,0.02243232083887447,0.04857677551189033,0.043962288800105206,0.6151917210044312,0.07942145219626516,0.3183011946663707,0.009242981645838571,0.24628654533383573,0.007101841705115125,5.0,0.0
minmax,dbscan,pca,kridge,linear,minmax__dbscan__pca__kridge__linear,ok,,0.7376311844077961,0.05752203176753497,0.4131236312533742,0.060093236659944184,0.593136639458839,0.08196251302953154,0.8194883335249538,0.03143839741480797,0.008993970666779205,0.0009065055352397501,0.0005179513336770469,4.4307557171834394e-05,5.0,0.0
minmax,dbscan,pca,kridge,poly,minmax__dbscan__pca__kridge__poly,ok,,0.7551224387806097,0.06626331432601168,0.3432342699645787,0.007915060677905955,0.5775895906359333,0.11683082764337133,0.8298995369123775,0.026170575907820667,0.00979815166707946,0.00015797536174475408,0.0005344233334957001,5.453347836127793e-05,5.0,0.0
minmax,dbscan,pca,kridge,rbf,minmax__dbscan__pca__kridge__rbf,ok,,0.7666416791604198,0.04896290212879214,0.38612939213628444,0.026866785821048095,0.5937454929983441,0.08518956814720681,0.8568784110046005,0.016008283960660966,0.008069861000573534,0.00015784624264842837,0.0007560093326901551,3.7219931452884568e-06,5.0,0.0
minmax,dbscan,pca,kridge,hyperbolic,minmax__dbscan__pca__kridge__hyperbolic,ok,,0.7436531734132933,0.07487777151907078,0.3101873616274566,0.045900018031216586,0.5407916106202416,0.15168365288942792,0.8282786808494498,0.022406195108102392,0.007940283666054407,0.0002642496329849318,0.00048545300038919475,2.2702848695372583e-06,5.0,0.0
minmax,dbscan,pca,kridge,triangle,minmax__dbscan__pca__kridge__triangle,ok,,0.7665667166416791,0.028171216412527886,0.40327094023749516,0.0550565659627171,0.5998263993237791,0.041288604969274695,0.8247052776966424,0.03976314417351387,0.008180455333179756,0.0001368709815951441,0.000868807999722776,6.2032703884838635e-06,5.0,0.0
minmax,dbscan,pca,kridge,radial_basic,minmax__dbscan__pca__kridge__radial_basic,ok,,0.763768115942029,0.052979123348658064,0.3827693428056482,0.023371100340388105,0.5897281138871683,0.09224362966036875,0.8476761645150833,0.02809194413057326,0.009311893999741491,0.00014546727516540477,0.001655324999471001,1.4891924454460086e-05,5.0,0.0
minmax,dbscan,pca,kridge,rquadratic,minmax__dbscan__pca__kridge__rquadratic,ok,,0.7724137931034484,0.046519784700800156,0.40785108652647356,0.04626458092212881,0.6091546881853539,0.07553525257683642,0.8619207838569123,0.021953081296078047,0.008288297332910588,0.00033319036096024463,0.0007527363328942253,2.1327355673865108e-06,5.0,0.0
minmax,dbscan,pca,kridge,canberra,minmax__dbscan__pca__kridge__canberra,ok,,0.7550974512743629,0.04764719747276991,0.3679681854143176,0.018006834251504063,0.5815412535667194,0.07918934068088222,0.8238204061496371,0.03252630531179995,0.010160466332915044,0.00021467324005914877,0.002044875332406567,6.796551952146687e-06,5.0,0.0
minmax,dbscan,pca,kridge,truncated,minmax__dbscan__pca__kridge__truncated,ok,,0.7263868065967016,0.06330968237235864,0.3466334918652539,0.037451135768515546,0.5175838389375401,0.11831499257872613,0.8033844165965798,0.03801493124841688,0.011985214666613805,8.127337605731309e-05,0.001752957666515916,6.824527049304517e-05,5.0,0.0
minmax,dbscan,lda,ksvc,linear,minmax__dbscan__lda__ksvc__linear,ok,,0.8127436281859071,0.03218020238722805,0.5513359121457272,0.050408781891412104,0.6844393029573617,0.04522648482045733,0.8279772887403564,0.03586203280652923,0.008749891666108548,0.00017957226837346407,0.0007332193345064297,6.503760175145436e-05,5.0,0.0
minmax,dbscan,lda,ksvc,poly,minmax__dbscan__lda__ksvc__poly,ok,,0.8126936531734134,0.007783197074388031,0.575284666637003,0.06133771404312002,0.6823825059159704,0.0121709339841579,0.8469358818361137,0.019687093298189066,0.008810036666545784,0.00020934334401100357,0.0006628679996841432,7.987396772927652e-06,5.0,0.0
minmax,dbscan,lda,ksvc,rbf,minmax__dbscan__lda__ksvc__rbf,ok,,0.7839080459770115,0.03698756990736574,0.4384312862333241,0.0625720690204549,0.6314103274209484,0.05480092648315138,0.8351247062727444,0.005226185413369735,0.008859523999490193,0.0002720627453263703,0.0009565116664210412,5.861837673848964e-07,5.0,0.0
minmax,dbscan,lda,ksvc,hyperbolic,minmax__dbscan__lda__ksvc__hyperbolic,ok,,0.720439780109945,0.05655246254085946,0.3853463924554695,0.011387862072149885,0.5359721501722635,0.07810524944568777,0.7319992877598883,0.055684755257683766,0.00869234133339584,0.00038715781242088686,0.0007292176669579931,4.99113831696253e-05,5.0,0.0
minmax,dbscan,lda,ksvc,triangle,minmax__dbscan__lda__ksvc__triangle,ok,,0.7896051974012993,0.035539841781809245,0.5182257241324136,0.038195116876815205,0.6417214976021005,0.05725076698501576,0.8739882039662047,0.004811761802268695,0.008618664333577422,0.0002597926575934714,0.0010704856661808055,2.8927995713590347e-06,5.0,0.0
minmax,dbscan,lda,ksvc,radial_basic,minmax__dbscan__lda__ksvc__radial_basic,ok,,0.8184907546226886,0.030420705930268396,0.5655515682714953,0.038579020236124195,0.6913628129184053,0.047038976457572365,0.8452365822209474,0.017075598431372997,0.0102440426665756,0.0002897460207157365,0.0018466633331020905,1.023254449331521e-05,5.0,0.0
minmax,dbscan,lda,ksvc,rquadratic,minmax__dbscan__lda__ksvc__rquadratic,ok,,0.7896551724137932,0.02908977180423855,0.46870470014513277,0.0626775801112941,0.6422439762982494,0.04127813816809531,0.8544932700719808,0.008482605287731163,0.00875519833425642,0.00016990405794571416,0.0009435403335373849,9.314003524892586e-06,5.0,0.0
minmax,dbscan,lda,ksvc,canberra,minmax__dbscan__lda__ksvc__canberra,ok,,0.7896801599200399,0.047686860295536246,0.44199887177928465,0.034706373805747495,0.6532632268068271,0.06763855556136628,0.8548812095716745,0.024045018782214666,0.010568668666261752,0.00018350221705784839,0.002315398000064306,6.349280503959549e-05,5.0,0.0
minmax,dbscan,lda,ksvc,truncated,minmax__dbscan__lda__ksvc__truncated,ok,,0.7955272363818091,0.04639957210447582,0.4777534083519697,0.0931511027238154,0.6467230553184296,0.07811081984698474,0.8536086713751052,0.02295963837714876,0.013689155999600189,0.0004894576223638202,0.002166356666445305,0.0002480904627380486,5.0,0.0
minmax,dbscan,lda,kannc,linear,minmax__dbscan__lda__kannc__linear,ok,,0.7665667166416791,0.04928058255579988,0.45980223658544217,0.053514914672717045,0.6238705720741887,0.06429164689931562,0.861250172584851,0.044304910406673566,0.2043070180000844,0.0034676975912094807,0.1515606539996952,0.0017177264541858915,5.0,0.0
minmax,dbscan,lda,kannc,poly,minmax__dbscan__lda__kannc__poly,ok,,0.7406796601699152,0.0574135359633045,0.3840425015964584,0.04256100498475415,0.5704666279033185,0.0818504603343877,0.8177356678056293,0.0755889329477712,0.24236641633312198,0.009140466107623786,0.17389945366691487,0.002478651684741887,5.0,0.0
minmax,dbscan,lda,kannc,rbf,minmax__dbscan__lda__kannc__rbf,ok,,0.6887806096951524,0.060026470594510835,0.29836612967059245,0.035190008847681184,0.4840213571389018,0.07572935835832054,0.7506191483483379,0.06230677776574335,1.9395077593332342,0.0063593102488978545,1.5553295873329869,0.005016740773979233,5.0,0.0
minmax,dbscan,lda,kannc,hyperbolic,minmax__dbscan__lda__kannc__hyperbolic,ok,,0.7464017991004498,0.045763046991714997,0.4258270102005188,0.04305629535824414,0.5733446283469338,0.07446881217561208,0.8169957438107956,0.04356898184236907,0.23104069000025143,0.0012202816071501573,0.1724291983330962,0.0021272341897441804,5.0,0.0
minmax,dbscan,lda,kannc,triangle,minmax__dbscan__lda__kannc__triangle,ok,,0.7146926536731634,0.07039729562862035,0.31048252774242097,0.04557522772888858,0.4855108271651771,0.13875926348375187,0.8068198046678882,0.026808590398189155,2.4599238066675753,0.04636094395220352,1.9945551476660814,0.03861993302322992,5.0,0.0
minmax,dbscan,lda,kannc,radial_basic,minmax__dbscan__lda__kannc__radial_basic,ok,,0.7638180909545227,0.047387789418935115,0.35425384456188636,0.017994110900197025,0.5872790638286398,0.08512495234916007,0.8404644594296323,0.06305243920978923,0.28457087966732314,0.0027228200757466892,0.2073231733332553,0.0037256106746979562,5.0,0.0
minmax,dbscan,lda,kannc,rquadratic,minmax__dbscan__lda__kannc__rquadratic,ok,,0.7032983508245878,0.07710887746926863,0.29160867793245293,0.051134078980836564,0.4819997439123234,0.1167524873874359,0.7619053391415873,0.04653337130037409,2.0190218906676214,0.034245636824223144,1.6085757586667266,0.01005364481884083,5.0,0.0
minmax,dbscan,lda,kannc,canberra,minmax__dbscan__lda__kannc__canberra,ok,,0.5531734132933533,0.0352351128342916,0.15819759915838172,0.015530599469837836,0.07616036225378535,0.04835441143346732,0.6402231900046307,0.1091166797250078,0.3987553956667398,0.0058857587032628954,0.31123883233340166,0.006098693422321207,5.0,0.0
minmax,dbscan,lda,kannc,truncated,minmax__dbscan__lda__kannc__truncated,ok,,0.5502998500749625,0.036951934498419166,0.15967540995675047,0.014237865070810509,0.07666619751021378,0.04093781331775605,0.6731013606689356,0.07589877838362916,0.32019869133303774,0.003765634263682964,0.25158229700051987,0.010007068267394859,5.0,0.0
minmax,dbscan,lda,kridge,linear,minmax__dbscan__lda__kridge__linear,ok,,0.7520739630184906,0.05373794294115494,0.46699964273782896,0.043995461017427476,0.6067547212075994,0.07448067360994509,0.8277316603319292,0.04602923334962393,0.008284897666574883,0.000247090465194422,0.0004530709993559867,2.06678648343289e-05,5.0,0.0
minmax,dbscan,lda,kridge,poly,minmax__dbscan__lda__kridge__poly,ok,,0.7839580209895053,0.03676410359015145,0.47189935610258066,0.0615358149188516,0.624160984342167,0.06537537986957331,0.8923388938386031,0.03235270362161952,0.008260664666522644,0.0003215018960374664,0.0004344923333216381,1.8993323200034388e-06,5.0,0.0
minmax,dbscan,lda,kridge,rbf,minmax__dbscan__lda__kridge__rbf,ok,,0.7810844577711146,0.05246270795708016,0.463621703998176,0.05904895252739178,0.616026606709035,0.09427212552650899,0.8991255050050034,0.028210750506377513,0.008305777667070894,0.0003055770469433013,0.0007171549999232715,9.840587905465434e-06,5.0,0.0
minmax,dbscan,lda,kridge,hyperbolic,minmax__dbscan__lda__kridge__hyperbolic,ok,,0.4464017991004498,0.08337762100443212,0.2935036648153146,0.06142892957653889,0.24511407505528834,0.09631349658755714,0.6240102976602676,0.030000982472053038,0.008736306333351726,0.0009025970453893968,0.0005011063331039622,5.647707163685809e-05,5.0,0.0
minmax,dbscan,lda,kridge,triangle,minmax__dbscan__lda__kridge__triangle,ok,,0.8040979510244878,0.026223194354690182,0.5431726922450175,0.04930268344771591,0.6641938668861638,0.04082674815223184,0.8899720321363924,0.03345557250977164,0.010562837667142352,0.00027006874128752,0.001032099332708943,4.426103572956519e-05,5.0,0.0
minmax,dbscan,lda,kridge,radial_basic,minmax__dbscan__lda__kridge__radial_basic,ok,,0.7983258370814593,0.034424060449171415,0.5118686947233589,0.05042226427799355,0.6541647809813989,0.054121954670947374,0.9080915579778254,0.013695464007717635,0.00974340033280896,0.0002683939360532952,0.0016384296668547904,2.745497141102787e-05,5.0,0.0
minmax,dbscan,lda,kridge,rquadratic,minmax__dbscan__lda__kridge__rquadratic,ok,,0.8040729635182409,0.03304480319191285,0.5359622620624128,0.0377891860171195,0.6630429283544036,0.0550312387351182,0.8994478749920957,0.026886684777327526,0.008775737333053257,0.0005151264481843555,0.000740730666317783,1.67344807875455e-05,5.0,0.0
minmax,dbscan,lda,kridge,canberra,minmax__dbscan__lda__kridge__canberra,ok,,0.7954772613693154,0.050613425992315476,0.4819696867727732,0.05292142525201129,0.6516930451248745,0.08282515452968708,0.9002078421595919,0.022979772544875317,0.010450045333224503,0.00013974825052675527,0.0021230710002176543,4.501314811166917e-05,5.0,0.0
minmax,dbscan,lda,kridge,truncated,minmax__dbscan__lda__kridge__truncated,ok,,0.7955272363818091,0.05694640064771549,0.5002290492824629,0.07076714963186116,0.6468600351406085,0.09786159120564636,0.8806584705219098,0.026674467221516,0.012868106000193317,0.00030110035606530593,0.001679905333124528,1.8781148994675e-05,5.0,0.0
minmax,agglomerative,pca,ksvc,linear,minmax__agglomerative__pca__ksvc__linear,ok,,0.5619690154922538,0.04229499894606238,0.32218640652003366,0.05757249179153339,0.41986957984890955,0.036735475992184005,0.7366743663686851,0.03861467168503902,0.002913194666689378,0.00023064737716182727,0.0007913096663590599,1.4389109581782336e-05,5.0,0.0
minmax,agglomerative,pca,ksvc,poly,minmax__agglomerative__pca__ksvc__poly,ok,,0.5475512243878061,0.05279108499188772,0.2793060750072191,0.019312160225968288,0.41236561527979304,0.054344501311524886,0.7547568003091749,0.021283550734135945,0.002746423999875939,0.00010872992640609253,0.0007499539994266039,9.066556983352456e-06,5.0,0.0
minmax,agglomerative,pca,ksvc,rbf,minmax__agglomerative__pca__ksvc__rbf,ok,,0.567791104447776,0.042132507141812804,0.35116707843392286,0.08612232740250371,0.42859096797191976,0.03283971461021983,0.7806324782783384,0.03919945233053813,0.0029206326665492575,0.0001298698092562176,0.0010474756666856895,1.530287537504718e-05,5.0,0.0
minmax,agglomerative,pca,ksvc,hyperbolic,minmax__agglomerative__pca__ksvc__hyperbolic,ok,,0.5532983508245877,0.04591530254651827,0.2811244831756277,0.016836662228606334,0.42403024931999433,0.04073134149059373,0.7695045223400788,0.013396992686458054,0.0027129596667994824,0.00013703810344170033,0.000809154000307899,3.155872271249646e-05,5.0,0.0
minmax,agglomerative,pca,ksvc,triangle,minmax__agglomerative__pca__ksvc__triangle,ok,,0.6281859070464768,0.025215724425118706,0.491114095589742,0.00862642288707007,0.5016529271547688,0.021133006531781524,0.8516552365147096,0.021387278996917156,0.0029486659999141316,0.00014738136839651629,0.0012106166668672813,2.605786117246266e-05,5.0,0.0
minmax,agglomerative,pca,ksvc,radial_basic,minmax__agglomerative__pca__ksvc__radial_basic,ok,,0.5821839080459771,0.03408777615249866,0.42348456821863834,0.0449290800094644,0.43995203220877704,0.035733763030443726,0.8089673048276387,0.023829886549493404,0.004184110332668449,0.00021499369003113964,0.0020589146661222912,0.000124593905178909,5.0,0.0
minmax,agglomerative,pca,ksvc,rquadratic,minmax__agglomerative__pca__ksvc__rquadratic,ok,,0.5763868065967016,0.025025433484973,0.38227781853189496,0.0554089478793034,0.4372650607210975,0.01219713855577853,0.8206100715167562,0.019596763404678277,0.002949921999970684,9.874303457672214e-05,0.0011744173328528025,0.00011870682888775967,5.0,0.0
minmax,agglomerative,pca,ksvc,canberra,minmax__agglomerative__pca__ksvc__canberra,ok,,0.5389805097451275,0.06600959509070858,0.3318970156181142,0.10047854384943924,0.38509107215246957,0.07480855117401981,0.7996983373624728,0.027233572885279646,0.00456005100022594,0.00021394979563852315,0.002416998332895067,0.00016301259702563087,5.0,0.0
minmax,agglomerative,pca,ksvc,truncated,minmax__agglomerative__pca__ksvc__truncated,ok,,0.5389555222388805,0.04740810226066849,0.3908175377372453,0.020920016657267726,0.37333816677431303,0.05280160823690238,0.7944841180097809,0.03142060699652716,0.0068494986662699375,0.0005037851929145219,0.001989536333591483,1.3301912682017238e-05,5.0,0.0
minmax,agglomerative,pca,kannc,linear,minmax__agglomerative__pca__kannc__linear,ok,,0.48700649675162416,0.015375947812214134,0.2788519594620012,0.05207268295425548,0.31913039962219597,0.07898862794123372,0.7693312224769322,0.0441915690898326,0.2001597483334384,0.010589679364773012,0.15759281366748232,0.008957753156894302,5.0,0.0
minmax,agglomerative,pca,kannc,poly,minmax__agglomerative__pca__kannc__poly,ok,,0.38588205897051475,0.10176137913212731,0.1587613040554217,0.062490462853804205,0.12758973622342537,0.13417853407131788,0.6869578359106345,0.11128579490997276,0.22066158966663352,0.0026889116180851586,0.17213547466599266,0.0006080322907513119,5.0,0.0
minmax,agglomerative,pca,kannc,rbf,minmax__agglomerative__pca__kannc__rbf,ok,,0.4868815592203897,0.07026178404739593,0.2592105265330417,0.022256886475793453,0.3151637861280416,0.0777731091994555,0.7975936191038205,0.015234029636948926,1.9765553863332268,0.05165187794670673,1.6256675533337936,0.060140110035827386,5.0,0.0
minmax,agglomerative,pca,kannc,hyperbolic,minmax__agglomerative__pca__kannc__hyperbolic,ok,,0.34562718640679657,0.05533369151907829,0.10223736774259422,0.012248950415360598,0.0,0.0,0.5324812294514566,0.18994244662264348,0.21524001466665746,0.0022567356753687446,0.1726359126666163,0.0031571803777986004,5.0,0.0
minmax,agglomerative,pca,kannc,triangle,minmax__agglomerative__pca__kannc__triangle,ok,,0.49850074962518737,0.05810038512208828,0.3068975690072202,0.04248824108532354,0.3000510959542091,0.07140809803545756,0.802617356598649,0.011198667302985466,2.3720014320000096,0.02270984108339444,1.9196993403335607,0.02835386209602344,5.0,0.0
minmax,agglomerative,pca,kannc,radial_basic,minmax__agglomerative__pca__kannc__radial_basic,ok,,0.49580209895052474,0.03371719319087888,0.2779722854637284,0.023765467231793198,0.3240074880315835,0.08041449454629807,0.7609425516050221,0.039071495998817894,0.2610833616666544,0.00683582781854059,0.20300727833334045,0.00043837508350945664,5.0,0.0
minmax,agglomerative,pca,kannc,rquadratic,minmax__agglomerative__pca__kannc__rquadratic,ok,,0.48108445777111447,0.0806211656620283,0.2525071885479445,0.02827791699540181,0.3091015376729224,0.0949518265149993,0.8066603262552179,0.008750406792428993,2.022304128999167,0.025960768516137076,1.6209208366666037,0.05799587490736677,5.0,0.0
minmax,agglomerative,pca,kannc,canberra,minmax__agglomerative__pca__kannc__canberra,ok,,0.3773613193403298,0.08684331495979673,0.16838221786865762,0.04236913532048563,0.07460273132598264,0.13866215828388623,0.6717645540585985,0.10780495444751101,0.378498071000043,0.002940824928756633,0.3039967443334414,0.001886888582655077,5.0,0.0
minmax,agglomerative,pca,kannc,truncated,minmax__agglomerative__pca__kannc__truncated,ok,,0.30259870064967515,0.007146601522276423,0.15125860341546615,0.035567681636658,-0.01321003123272016,0.07264676619399126,0.5778268743790944,0.07748109297168448,0.31106696466667927,0.004247469280661146,0.24204666299980696,0.004674171926909502,5.0,0.0
minmax,agglomerative,pca,kridge,linear,minmax__agglomerative__pca__kridge__linear,ok,,0.5819340329835083,0.0622227138267651,0.4395771639420014,0.0499944755222782,0.4510301177465534,0.0822472951974237,0.8062209097351795,0.015967917442046876,0.0022109283333217413,0.00014045000362418033,0.000436389333117404,3.217196782214284e-06,5.0,0.0
minmax,agglomerative,pca,kridge,poly,minmax__agglomerative__pca__kridge__poly,ok,,0.5591454272863569,0.05533645598615842,0.32214087488517323,0.06672343235605524,0.41482908087217224,0.053952638872050616,0.8168947567034697,0.01541556167380976,0.0022256229998068497,0.0001692433995036972,0.0004550346675387118,1.0083595560582838e-05,5.0,0.0
minmax,agglomerative,pca,kridge,rbf,minmax__agglomerative__pca__kridge__rbf,ok,,0.5936531734132934,0.021181506830354104,0.4155351277889681,0.015570835118655221,0.4499586916180715,0.012680675362146602,0.8449840570149636,0.026819677851512777,0.002258619667069676,7.625976998061597e-05,0.0007506686670240015,1.8984252626531378e-05,5.0,0.0
minmax,agglomerative,pca,kridge,hyperbolic,minmax__agglomerative__pca__kridge__hyperbolic,ok,,0.5735882058970515,0.05205294001359385,0.32279206711827785,0.06174814549209452,0.4384223149704092,0.04934423080287354,0.8100653879008229,0.011166368805084858,0.0022385346662000907,0.00016311412435843865,0.00048071733363030944,3.982168634270388e-06,5.0,0.0
minmax,agglomerative,pca,kridge,triangle,minmax__agglomerative__pca__kridge__triangle,ok,,0.5878310844577711,0.04188557520184794,0.4528658459170707,0.017068806206871675,0.4467967053055264,0.04428463508373845,0.8486190429553903,0.02258070244243424,0.002420965334143451,1.019471215459486e-05,0.0008647566664876649,1.4779085093833112e-05,5.0,0.0
minmax,agglomerative,pca,kridge,radial_basic,minmax__agglomerative__pca__kridge__radial_basic,ok,,0.6080209895052474,0.04047758522300693,0.45889203655613003,0.01636394697260701,0.4715455736532743,0.04216957102044474,0.8516491187458444,0.033805194602434425,0.0036216429998603417,0.00015531928500590652,0.0016362216671647427,6.992118913546593e-06,5.0,0.0
minmax,agglomerative,pca,kridge,rquadratic,minmax__agglomerative__pca__kridge__rquadratic,ok,,0.6139430284857571,0.05014370578818462,0.46511454090879795,0.05097445119371326,0.478853089415099,0.05891614079455801,0.8679183312329303,0.03268476535736277,0.0023402919996442506,0.00011045863150836172,0.0007487053329289969,1.0120321471602183e-05,5.0,0.0
minmax,agglomerative,pca,kridge,canberra,minmax__agglomerative__pca__kridge__canberra,ok,,0.570664667666167,0.0581706676725125,0.4188189493720313,0.06523288894318408,0.4190464904717596,0.06627812773180998,0.8259217594621592,0.019792874130299818,0.0039057450006415215,0.00011046821038558871,0.0020223123325801375,2.9191159497431086e-05,5.0,0.0
minmax,agglomerative,pca,kridge,truncated,minmax__agglomerative__pca__kridge__truncated,ok,,0.5533233383308346,0.04229309455427164,0.42616414617658266,0.030604959200420355,0.3908494025171127,0.04560577939223241,0.7995771942391615,0.024547187955107054,0.005955857000420413,0.0001996168449975437,0.001667264333567194,1.7270682305367017e-05,5.0,0.0
minmax,agglomerative,lda,ksvc,linear,minmax__agglomerative__lda__ksvc__linear,ok,,0.6513243378310845,0.015611933147764758,0.54376173374356,0.0695075040060499,0.5351533045591931,0.0335457618544859,0.8462536265547823,0.021004548720165904,0.0031097263333019023,9.529521040442317e-05,0.0007152179999441918,7.196143798860383e-06,5.0,0.0
minmax,agglomerative,lda,ksvc,poly,minmax__agglomerative__lda__ksvc__poly,ok,,0.6599950024987505,0.013386821811021837,0.5610451307494386,0.03557931231245381,0.5456022294275091,0.022974391794108078,0.8790442964051901,0.010511391615370064,0.00326738766610409,9.560685158011288e-05,0.0007535106663757082,1.7680964696086127e-05,5.0,0.0
minmax,agglomerative,lda,ksvc,rbf,minmax__agglomerative__lda__ksvc__rbf,ok,,0.5936531734132934,0.00723205947431912,0.4457913962456044,0.05311583115645437,0.46239774421810925,0.012771856393016616,0.8661858733557474,0.014749495840957931,0.003071226667088922,6.236428972394208e-05,0.0010531726675253594,4.2489540257679955e-05,5.0,0.0
minmax,agglomerative,lda,ksvc,hyperbolic,minmax__agglomerative__lda__ksvc__hyperbolic,ok,,0.4638930534732633,0.020882888831057562,0.3493576468584802,0.016757416749487816,0.28016307302985627,0.0196321233774878,0.7589589754992857,0.0382011415629486,0.0029664266670200354,0.00011009565651402447,0.0008592363337811548,0.00014183931994415507,5.0,0.0
minmax,agglomerative,lda,ksvc,triangle,minmax__agglomerative__lda__ksvc__triangle,ok,,0.6800349825087456,0.020012637113318167,0.590995552232486,0.045069973125009447,0.5746895867279774,0.024832453052891463,0.8855704685221771,0.009879370410079379,0.003319403667167838,0.00021814946919191847,0.001148688332856788,1.8198017889735308e-05,5.0,0.0
minmax,agglomerative,lda,ksvc,radial_basic,minmax__agglomerative__lda__ksvc__radial_basic,ok,,0.668615692153923,0.015642617981968213,0.5699573647436461,0.01752305351522794,0.5597883945989118,0.008961453409927272,0.8759082693609813,0.003516459942583171,0.004270040666597197,8.390763908726887e-05,0.001916637000249466,3.582971751827081e-05,5.0,0.0
minmax,agglomerative,lda,ksvc,rquadratic,minmax__agglomerative__lda__ksvc__rquadratic,ok,,0.6484257871064468,0.0026503252668161423,0.5377670917982271,0.03227516563539992,0.5300777317240163,0.016871072912804076,0.8854608768479325,0.009260458490286292,0.0029311663329281146,7.433233582826248e-05,0.0009737179995378634,1.2044605545465164e-06,5.0,0.0
minmax,agglomerative,lda,ksvc,canberra,minmax__agglomerative__lda__ksvc__canberra,ok,,0.6166416791604198,0.01791619880367712,0.4700193584076184,0.05142354088525761,0.4890602159326471,0.023919225252106574,0.8614328886940464,0.013998023828313059,0.00475261133336365,5.7842861102556264e-05,0.0022688689999389076,2.0918645456934708e-05,5.0,0.0
minmax,agglomerative,lda,ksvc,truncated,minmax__agglomerative__lda__ksvc__truncated,ok,,0.6339580209895053,0.012231684205291509,0.5186109023366586,0.051926312328069546,0.5038790164149655,0.016122355376303864,0.8681728657916711,0.01285325497330474,0.00721636933303671,0.00016404891573315177,0.0019530030003807042,6.9630466909660324e-06,5.0,0.0
minmax,agglomerative,lda,kannc,linear,minmax__agglomerative__lda__kannc__linear,ok,,0.45232383808095955,0.08334600594302148,0.3458447953390132,0.015645438801039867,0.2845921101631203,0.07861241344909459,0.8156501105620061,0.021625275521059084,0.18846676466697923,0.004318041535455332,0.1484068063327868,0.0035594055034498554,5.0,0.0
minmax,agglomerative,lda,kannc,poly,minmax__agglomerative__lda__kannc__poly,ok,,0.5619940029985008,0.019511098684015734,0.37144685881850964,0.03459237325441066,0.4046189944767322,0.020810665620178543,0.8580585647957357,0.010457017002192164,0.22292993766556415,0.0023804493896138895,0.18045205933291678,0.010288095418116917,5.0,0.0
minmax,agglomerative,lda,kannc,rbf,minmax__agglomerative__lda__kannc__rbf,ok,,0.5099700149925037,0.03772519322678744,0.29273450207115065,0.015258881129908836,0.35364599411805403,0.03922018461151247,0.8126996655241806,0.013806010071396887,1.9662165970003116,0.01419027387821739,1.6060339326668327,0.007846640603693682,5.0,0.0
minmax,agglomerative,lda,kannc,hyperbolic,minmax__agglomerative__lda__kannc__hyperbolic,ok,,0.49847576211894057,0.06992333841019936,0.4300259741054889,0.04778069178970993,0.33434261652281627,0.07589381395957391,0.7614575486224521,0.01999276980237629,0.22055517633270938,0.0013088689371932487,0.1748360103332137,0.0019442846676500595,5.0,0.0
minmax,agglomerative,lda,kannc,triangle,minmax__agglomerative__lda__kannc__triangle,ok,,0.48678160919540225,0.06383709780488211,0.3224184694460159,0.03171861034646292,0.3085095176823645,0.06304729831797162,0.8233408572117046,0.026870933476776177,2.3984483600003537,0.015216415599485953,1.9563407236667747,0.056360417196309784,5.0,0.0
minmax,agglomerative,lda,kannc,radial_basic,minmax__agglomerative__lda__kannc__radial_basic,ok,,0.5361319340329835,0.05604794013221214,0.30817399389003497,0.008658625670714666,0.3816917951742979,0.07855084351093188,0.8137877742145098,0.012262240217338738,0.26503941033236816,0.011423275976245066,0.20368237966734645,0.0015079016183288177,5.0,0.0
minmax,agglomerative,lda,kannc,rquadratic,minmax__agglomerative__lda__kannc__rquadratic,ok,,0.4524737631184408,0.04264781013817111,0.23683438905976026,0.0876307266842846,0.20187446496873837,0.1864455771743005,0.7776507775896563,0.0752280911191324,1.9966679053341068,0.006890819183024683,1.6171806873341363,0.03807087187840871,5.0,0.0
minmax,agglomerative,lda,kannc,canberra,minmax__agglomerative__lda__kannc__canberra,ok,,0.34562718640679657,0.05533369151907829,0.11303512054618654,0.006972230140940601,-0.004086292222673247,0.011740257781052841,0.6875037527573679,0.11723328224563684,0.38341031366690004,0.0018566141180056076,0.3128062036666961,0.008937105131023705,5.0,0.0
minmax,agglomerative,lda,kannc,truncated,minmax__agglomerative__lda__kannc__truncated,ok,,0.34575212393803095,0.055454240671010915,0.14521704500199126,0.018527156019586977,0.02130699207288102,0.04584133393472058,0.6450145547149266,0.08521571066943812,0.3061320556668458,0.0029183422868423706,0.23875539633324175,0.0019373059338249296,5.0,0.0
minmax,agglomerative,lda,kridge,linear,minmax__agglomerative__lda__kridge__linear,ok,,0.5877811094452773,0.047926128176700764,0.4741378760147656,0.0693525486871793,0.4516259565399399,0.057526026951314126,0.8203216243102954,0.019854485714796633,0.0026563449998017554,0.00011497896875931106,0.0004381093325112791,1.4231828215923336e-05,5.0,0.0
minmax,agglomerative,lda,kridge,poly,minmax__agglomerative__lda__kridge__poly,ok,,0.63968015992004,0.02604220869697929,0.5045049765767134,0.011044635395312023,0.5165973277549661,0.026642304910433984,0.869101287085774,0.020996060153453625,0.0030436206670856336,0.0004981110361015752,0.0005191539997516278,0.00010236267901906753,5.0,0.0
minmax,agglomerative,lda,kridge,rbf,minmax__agglomerative__lda__kridge__rbf,ok,,0.6541229385307346,0.015380779319833622,0.5188698787282858,0.020760334287501958,0.5356651909603622,0.016476508931011425,0.8810646060248843,0.013994842137533929,0.002942908333352534,0.0002038591293772763,0.0008806606674625073,0.0002074129961412531,5.0,0.0
minmax,agglomerative,lda,kridge,hyperbolic,minmax__agglomerative__lda__kridge__hyperbolic,ok,,0.5129435282358821,0.0636397887707018,0.4317980724763431,0.041189055455389596,0.341528438418176,0.06714928518015088,0.710898127401605,0.02286521454125469,0.0028327449999778764,0.000248429577205387,0.0004940426667114176,2.351290714832702e-05,5.0,0.0
minmax,agglomerative,lda,kridge,triangle,minmax__agglomerative__lda__kridge__triangle,ok,,0.6685407296351823,0.012096379252833203,0.5745221661800959,0.03492491658514585,0.5543706749401954,0.019435937282428848,0.8848839692838301,0.005518934255939249,0.002831973333741189,0.00012737696709960727,0.0008466990002489183,1.5016378591446844e-05,5.0,0.0
minmax,agglomerative,lda,kridge,radial_basic,minmax__agglomerative__lda__kridge__radial_basic,ok,,0.6540979510244878,0.026494511042758014,0.5349240070318501,0.0292211483934234,0.5353504853891325,0.028596476117818844,0.8856409794605571,0.011997796122888163,0.003985721332355752,0.0002640409106713441,0.001693220666614555,8.520116452797595e-05,5.0,0.0
minmax,agglomerative,lda,kridge,rquadratic,minmax__agglomerative__lda__kridge__rquadratic,ok,,0.6829335332333833,0.01599360468001172,0.5819221326126542,0.03402988469387333,0.5734344226745766,0.020874169321837523,0.8991187379073203,0.013078815370450567,0.002707972999511791,7.932057791634815e-05,0.0008811846667716358,0.00010741909873323416,5.0,0.0
minmax,agglomerative,lda,kridge,canberra,minmax__agglomerative__lda__kridge__canberra,ok,,0.6367316341829086,0.03827069685282517,0.527483387933068,0.05170860502597055,0.5102723188954458,0.0535048705721004,0.8753478096677639,0.00146214363088554,0.0044046443332869485,4.988944656316774e-05,0.002338806332772947,0.00031789659009568094,5.0,0.0
minmax,agglomerative,lda,kridge,truncated,minmax__agglomerative__lda__kridge__truncated,ok,,0.6512493753123438,0.012164014541237136,0.5548354086279551,0.058908093367327885,0.5250548121082328,0.020751274459625928,0.8639454806773873,0.02146853373905764,0.006650128666782014,0.00013543869317869336,0.0016563436668851257,2.7447535860624096e-05,5.0,0.0
normalizer,uniform,pca,ksvc,linear,normalizer__uniform__pca__ksvc__linear,ok,,0.5446776611694153,0.01425247579021211,0.14102418329742566,0.0023967357152588024,0.0,0.0,0.6778179908774448,0.028884153320986972,0.0019416413336633316,0.0001268208485636108,0.0008674216666501403,4.118505864547131e-06,5.0,0.0
normalizer,uniform,pca,ksvc,poly,normalizer__uniform__pca__ksvc__poly,ok,,0.5446776611694153,0.01425247579021211,0.14102418329742566,0.0023967357152588024,0.0,0.0,0.6778179908774448,0.028884153320986972,0.001908928999910131,3.6151927095901615e-05,0.0008875266667018877,1.820381076458028e-05,5.0,0.0
normalizer,uniform,pca,ksvc,rbf,normalizer__uniform__pca__ksvc__rbf,ok,,0.5792103948025987,0.009894547662780272,0.22760469640182368,0.0197864544888382,0.23211237258081316,0.05368817101931271,0.6797587909164098,0.013602094809853688,0.002322601666188954,0.00010015302372697458,0.0011601706664805533,1.9173712646182125e-05,5.0,0.0
normalizer,uniform,pca,ksvc,hyperbolic,normalizer__uniform__pca__ksvc__hyperbolic,ok,,0.5446776611694153,0.01425247579021211,0.14102418329742566,0.0023967357152588024,0.0,0.0,0.6778179908774448,0.028884153320986972,0.0019459963332337793,9.102213622136378e-05,0.0009019080001356391,3.3241354530062852e-06,5.0,0.0
normalizer,uniform,pca,ksvc,triangle,normalizer__uniform__pca__ksvc__triangle,ok,,0.5792603698150924,0.01427523788375377,0.2467550069510945,0.01076285349452571,0.2445376627570345,0.01685868226618873,0.7136649598697593,0.014792727843461449,0.002236817999801133,7.217861081652542e-05,0.0012681329996363881,1.0272840923701855e-05,5.0,0.0
normalizer,uniform,pca,ksvc,radial_basic,normalizer__uniform__pca__ksvc__radial_basic,ok,,0.5907796101949025,0.003538887275108309,0.258027726242012,0.008088169642145081,0.2737498733064638,0.023457845518400047,0.6772341187635046,0.009777807520631229,0.0022016839993739268,7.183795372675446e-05,0.0009388846665387973,4.701825318774528e-06,5.0,0.0
normalizer,uniform,pca,ksvc,rquadratic,normalizer__uniform__pca__ksvc__rquadratic,ok,,0.5706146926536732,0.0023322862347982033,0.22873986303755248,0.014313918317692171,0.22103184750174218,0.04326115746005502,0.6863219802508299,0.0040693075665382775,0.002257774667062525,7.549802935863757e-05,0.001181988666454951,6.950706355235028e-05,5.0,0.0
normalizer,uniform,pca,ksvc,canberra,normalizer__uniform__pca__ksvc__canberra,ok,,0.5792853573213393,0.01355368959260918,0.2416286142253381,0.031015279327559805,0.25734024850252935,0.05037783081064234,0.7363442581412425,0.014824475623837308,0.002199874000022343,8.499196047002637e-05,0.0010880993334770512,9.135770514122431e-05,5.0,0.0
normalizer,uniform,pca,ksvc,truncated,normalizer__uniform__pca__ksvc__truncated,ok,,0.5792603698150924,0.01427523788375377,0.2467550069510945,0.01076285349452571,0.2445376627570345,0.01685868226618873,0.7136649598697593,0.014792727843461449,0.0025558163330667107,8.026341192024162e-05,0.000996170666743031,1.2519058236062626e-05,5.0,0.0
normalizer,uniform,pca,kannc,linear,normalizer__uniform__pca__kannc__linear,ok,,0.5446776611694153,0.01425247579021211,0.14102418329742566,0.0023967357152588024,0.0,0.0,0.6462654693249233,0.024672347988648292,0.18908876466715205,0.004638997674404498,0.15093531766675974,0.004001770028522437,5.0,0.0
normalizer,uniform,pca,kannc,poly,normalizer__uniform__pca__kannc__poly,ok,,0.5446776611694153,0.01425247579021211,0.14102418329742566,0.0023967357152588024,0.0,0.0,0.5248693705319085,0.09557624801800563,0.22783574833374587,0.010848779034211609,0.1800737043334569,0.008470472814414307,5.0,0.0
normalizer,uniform,pca,kannc,rbf,normalizer__uniform__pca__kannc__rbf,ok,,0.5733133433283358,0.04319458890932779,0.23146054957346504,0.061358514149542784,0.2576741990819751,0.059066853702926615,0.6688809081204777,0.042948152553797934,1.951860238333514,0.020197549981996216,1.5806032633324019,0.00905394017376964,5.0,0.0
normalizer,uniform,pca,kannc,hyperbolic,normalizer__uniform__pca__kannc__hyperbolic,ok,,0.5446776611694153,0.01425247579021211,0.14102418329742566,0.0023967357152588024,0.0,0.0,0.5248693705319085,0.09557624801800563,0.2168652426674574,0.0023313568499746546,0.17406474199985192,0.0019130652054226993,5.0,0.0
normalizer,uniform,pca,kannc,triangle,normalizer__uniform__pca__kannc__triangle,ok,,0.556071964017991,0.031229304934563155,0.1986382050025873,0.03211709681190533,0.19823625919885832,0.035450552615624666,0.6350736564902749,0.03710585117265708,2.385213196999151,0.005856565794940072,1.9177811283328385,0.04703034973331417,5.0,0.0
normalizer,uniform,pca,kannc,radial_basic,normalizer__uniform__pca__kannc__radial_basic,ok,,0.5675662168915543,0.039190671177150124,0.2384516737700464,0.019559070640720985,0.25541657670909845,0.017030234707827323,0.6362294578215818,0.02588897065812701,0.26171825299934426,0.000646519968421314,0.21031590999943242,0.008009702352323974,5.0,0.0
normalizer,uniform,pca,kannc,rquadratic,normalizer__uniform__pca__kannc__rquadratic,ok,,0.5301849075462269,0.023064131521663898,0.1530819983525504,0.017600057482292524,0.07461839587611215,0.10552634745052242,0.5617097315468826,0.0274306218961678,1.9359245893325958,0.00956275314872215,1.5800873423334754,0.024458340731620797,5.0,0.0
normalizer,uniform,pca,kannc,canberra,normalizer__uniform__pca__kannc__canberra,ok,,0.5417791104447777,0.014201567345325194,0.14053750351156477,0.002384077959355273,-0.013473948655645359,0.0190550409275324,0.5606110535014533,0.04882224405227067,0.38070551966666244,0.0036252209081891473,0.31272965066697606,0.009892712516163053,5.0,0.0
normalizer,uniform,pca,kannc,truncated,normalizer__uniform__pca__kannc__truncated,ok,,0.556071964017991,0.031229304934563155,0.1986382050025873,0.03211709681190533,0.19823625919885832,0.035450552615624666,0.6350736564902749,0.03710585117265708,0.30878697399991023,0.001058520440925392,0.249295884666329,0.008911635279566635,5.0,0.0
normalizer,uniform,pca,kridge,linear,normalizer__uniform__pca__kridge__linear,ok,,0.5187156421789106,0.005335988203856488,0.22995749730873208,0.004766968612344413,0.28908709120077875,0.03515176035935783,0.7132880763475304,0.023248418542436696,0.0016068589999728526,0.00013877139955532976,0.0006243710001096284,9.408299413070684e-06,5.0,0.0
normalizer,uniform,pca,kridge,poly,normalizer__uniform__pca__kridge__poly,ok,,0.5446776611694153,0.01425247579021211,0.14102418329742566,0.0023967357152588024,0.0,0.0,0.7132880763475304,0.023248418542436696,0.0015581030002067564,6.884649100839082e-05,0.000635682999927667,3.8049407132671398e-06,5.0,0.0
normalizer,uniform,pca,kridge,rbf,normalizer__uniform__pca__kridge__rbf,ok,,0.5821589205397301,0.009558431542128178,0.25102681148250605,0.0025759761169834236,0.25998813689143363,0.022115358466987204,0.7069959012570933,0.02948266117642919,0.0017445153334847419,0.0001737997147333615,0.0008864946667017648,2.4048316007877713e-05,5.0,0.0
normalizer,uniform,pca,kridge,hyperbolic,normalizer__uniform__pca__kridge__hyperbolic,ok,,0.5446776611694153,0.01425247579021211,0.14102418329742566,0.0023967357152588024,0.0,0.0,0.7132880763475304,0.023248418542436696,0.001580712999687724,3.826328950885999e-05,0.0006873783331684535,3.9268340099791554e-05,5.0,0.0
normalizer,uniform,pca,kridge,triangle,normalizer__uniform__pca__kridge__triangle,ok,,0.5936781609195402,0.005689364906098673,0.31051699117277315,0.020801320219247316,0.28421367306402356,0.028002478381703874,0.7461615281411099,0.005953790876641483,0.001839376333615898,2.9457512973399794e-05,0.0010226146666051743,5.268498136787006e-06,5.0,0.0
normalizer,uniform,pca,kridge,radial_basic,normalizer__uniform__pca__kridge__radial_basic,ok,,0.5821589205397301,0.009558431542128178,0.2633520161854197,0.01724823951615371,0.2574137252079797,0.020785432991925427,0.7108360062705975,0.01360568114330272,0.0015508263337930355,4.922488843798506e-05,0.0006705793330183951,1.1426911242642412e-05,5.0,0.0
normalizer,uniform,pca,kridge,rquadratic,normalizer__uniform__pca__kridge__rquadratic,ok,,0.5821589205397301,0.006466793651031413,0.2636341170455209,0.027221905656792528,0.2514202811489109,0.04345923886567041,0.7231921050226374,0.012751820323270657,0.001640056000420979,2.2402942540902653e-05,0.0008626793332950911,2.495465086716556e-06,5.0,0.0
normalizer,uniform,pca,kridge,canberra,normalizer__uniform__pca__kridge__canberra,ok,,0.5879060469765118,0.01428114134144172,0.2779500585545187,0.015054845554253727,0.28015327666870604,0.01679301089370371,0.7498171737239036,0.01210157327346683,0.0017481089998909738,7.536576646197145e-05,0.0008690316669041446,0.00017727964039457637,5.0,0.0
normalizer,uniform,pca,kridge,truncated,normalizer__uniform__pca__kridge__truncated,ok,,0.5936781609195402,0.005689364906098673,0.31051699117277315,0.020801320219247316,0.28421367306402356,0.028002478381703874,0.7461615281411099,0.005953790876641483,0.0020419260005534547,7.879527363352656e-05,0.0007227526675706031,4.600194580298716e-06,5.0,0.0
normalizer,uniform,lda,ksvc,linear,normalizer__uniform__lda__ksvc__linear,ok,,0.7549475262368815,0.04527814734334321,0.5626377504448689,0.0724951646403165,0.6154077387558469,0.06252747902267788,0.8232132362645196,0.038091946410544635,0.0023782140002973997,8.499480254360653e-05,0.000820655666757375,1.4133995063579198e-05,5.0,0.0
normalizer,uniform,lda,ksvc,poly,normalizer__uniform__lda__ksvc__poly,ok,,0.7520489755122438,0.03698149236192329,0.5439181655119286,0.08948637665578338,0.6090789829832314,0.05422422688518349,0.8636794795231834,0.028527908926581885,0.0023988036664377432,7.998813917050706e-06,0.0008357909991900669,8.046081285040104e-06,5.0,0.0
normalizer,uniform,lda,ksvc,rbf,normalizer__uniform__lda__ksvc__rbf,ok,,0.7405047476261869,0.06771591141659286,0.5047096420035856,0.10629562876290924,0.5968296794073279,0.09286295067338486,0.8493935527483685,0.025808789256628217,0.002294948999406188,1.8899006752653226e-05,0.0010938469998412377,1.3298736470759466e-05,5.0,0.0
normalizer,uniform,lda,ksvc,hyperbolic,normalizer__uniform__lda__ksvc__hyperbolic,ok,,0.6281859070464768,0.031347122870005864,0.3572044169577259,0.01510025297345416,0.41723074431986334,0.034257731213954215,0.7527782363674392,0.04650036225327671,0.002286048333189683,7.404755443009425e-05,0.0008478146664856467,3.5030085515772123e-06,5.0,0.0
normalizer,uniform,lda,ksvc,triangle,normalizer__uniform__lda__ksvc__triangle,ok,,0.7490754622688657,0.07024968859360033,0.5439686197349322,0.10742383645425631,0.6092260121559643,0.10264326265113774,0.8710513901489891,0.0375140743273157,0.002507284000481983,4.696238464423815e-05,0.0013910976667830255,0.00019511941047084685,5.0,0.0
normalizer,uniform,lda,ksvc,radial_basic,normalizer__uniform__lda__ksvc__radial_basic,ok,,0.7519990004997501,0.06066897564005538,0.5682186229814823,0.0964937787145315,0.6150059194472149,0.08609357245599544,0.8645934386149129,0.02337208326430237,0.0036304803337164535,0.0001308614559184977,0.0021609999997356986,0.00020888623448982876,5.0,0.0
normalizer,uniform,lda,ksvc,rquadratic,normalizer__uniform__lda__ksvc__rquadratic,ok,,0.7318090954522739,0.06348537114998905,0.49860514977371406,0.09763575746768345,0.5827269621398562,0.09029019766995074,0.8603760446906329,0.03295911151411741,0.00239850633321718,0.00010124563953297016,0.0012027950003054382,0.00012270861926155883,5.0,0.0
normalizer,uniform,lda,ksvc,canberra,normalizer__uniform__lda__ksvc__canberra,ok,,0.7059470264867566,0.04945107662799756,0.3886269218097376,0.05312671199003224,0.537246712449425,0.061564477126003554,0.8425067399120608,0.028642180397112468,0.004422775001027428,0.00045453662368405927,0.0025507633332987703,0.0001375992917484133,5.0,0.0
normalizer,uniform,lda,ksvc,truncated,normalizer__uniform__lda__ksvc__truncated,ok,,0.723288355822089,0.057880914058415715,0.4914292634132675,0.056064014617330425,0.5621989816791658,0.07507918852065154,0.8400511913707976,0.026163735184497723,0.0065690573331570095,0.000143362426992011,0.0021477480004250538,1.2874789626538796e-05,5.0,0.0
normalizer,uniform,lda,kannc,linear,normalizer__uniform__lda__kannc__linear,ok,,0.7375562218890556,0.05402133574531559,0.4858584407941453,0.04257320249304609,0.5897417606262367,0.07748869318689383,0.893926819849122,0.023049582787373894,0.2009343029997884,0.013935351017518681,0.15575539700027244,0.0025998155120252387,5.0,0.0
normalizer,uniform,lda,kannc,poly,normalizer__uniform__lda__kannc__poly,ok,,0.7059470264867566,0.04359383961114513,0.42603713098319496,0.02821796186874742,0.5423653799876686,0.05518731529058369,0.9007155397385054,0.005983746354757188,0.22965025333299613,0.0031392460388143077,0.17617877933298587,0.0024479764291282517,5.0,0.0
normalizer,uniform,lda,kannc,rbf,normalizer__uniform__lda__kannc__rbf,ok,,0.6800099950024987,0.06195249937083786,0.3295397446047211,0.06781138529705946,0.4615013854122145,0.09863918637864239,0.8087203079718551,0.038640948580523825,1.9847219460001118,0.020025496841669443,1.6096532543330493,0.014714967587224695,5.0,0.0
normalizer,uniform,lda,kannc,hyperbolic,normalizer__uniform__lda__kannc__hyperbolic,ok,,0.7029985007496252,0.050636316734320654,0.4323283531659681,0.04582755499131051,0.529033581908829,0.06591198872643675,0.7472039004513137,0.02198106247554248,0.22975650300031702,0.001469774019863638,0.1824018323331984,0.0019353114818095826,5.0,0.0
normalizer,uniform,lda,kannc,triangle,normalizer__uniform__lda__kannc__triangle,ok,,0.6397551224387805,0.01112822455106813,0.34115634919744514,0.0642587382593556,0.3943781145031971,0.020108437323293378,0.7865199052892292,0.0377156867724193,2.4003938683332913,0.03260317717750472,1.9570984033337784,0.01506148584747188,5.0,0.0
normalizer,uniform,lda,kannc,radial_basic,normalizer__uniform__lda__kannc__radial_basic,ok,,0.6885557221389306,0.06140677499500125,0.3564978869886531,0.038079759225910184,0.5202736515870336,0.07163080594931275,0.8427655503612573,0.034282102194839875,0.2733968730002137,0.014931531439893486,0.20497869333363875,0.002227464610192822,5.0,0.0
normalizer,uniform,lda,kannc,rquadratic,normalizer__uniform__lda__kannc__rquadratic,ok,,0.593728135932034,0.01978502476453504,0.22171613281396438,0.04405057089408102,0.24725441489219238,0.09934881143696693,0.7233950842765524,0.09382560660895084,1.9466700786664053,0.015835434810426766,1.588844691332876,0.052689783216301724,5.0,0.0
normalizer,uniform,lda,kannc,canberra,normalizer__uniform__lda__kannc__canberra,ok,,0.5589705147426286,0.029854057721210844,0.2099870535737837,0.06239834538670066,0.18401715755491652,0.14041044759310226,0.5912029398041468,0.11594544389044703,0.3860683460000776,0.004707506462128708,0.30968021566695825,0.005282438294486109,5.0,0.0
normalizer,uniform,lda,kannc,truncated,normalizer__uniform__lda__kannc__truncated,ok,,0.5331084457771115,0.013270459708422009,0.18601681040571974,0.03351548689157874,0.10412376154769439,0.10792709873669863,0.5804780863205113,0.049775694927205245,0.30826073100009427,0.001008114129532263,0.24502129166648956,0.0024695118952283435,5.0,0.0
normalizer,uniform,lda,kridge,linear,normalizer__uniform__lda__kridge__linear,ok,,0.7116941529235383,0.040989397400645666,0.5029180561131075,0.04824034621450696,0.5548402408654284,0.05990768279258613,0.8155987944806832,0.03443005128034096,0.0019376573339589716,0.0001737384419523089,0.0006370753320273556,4.859299907986088e-05,5.0,0.0
normalizer,uniform,lda,kridge,poly,normalizer__uniform__lda__kridge__poly,ok,,0.723263368315842,0.049743654873682236,0.4787238957739766,0.04576921002870773,0.5571077223740367,0.06823638678232556,0.8746878145782898,0.05365103448531068,0.001872693000526245,7.422062375279279e-05,0.0005975563332564585,7.763795568846199e-06,5.0,0.0
normalizer,uniform,lda,kridge,rbf,normalizer__uniform__lda__kridge__rbf,ok,,0.7290104947526238,0.0514745661141075,0.47677738169337874,0.05380540502559207,0.5714300789496033,0.07011863848737297,0.8964798118439198,0.04937213512305586,0.0020332263338787016,6.788629065265302e-05,0.0008649303332883088,8.753367386862003e-06,5.0,0.0
normalizer,uniform,lda,kridge,hyperbolic,normalizer__uniform__lda__kridge__hyperbolic,ok,,0.4813093453273363,0.06415557678785616,0.35988377278598943,0.06772213564424966,0.2721912014167518,0.07784863399493194,0.6408973981522017,0.07546113954895328,0.0018623299996155158,2.4771463557414995e-05,0.0006459763335442403,1.9499426071499392e-05,5.0,0.0
normalizer,uniform,lda,kridge,triangle,normalizer__uniform__lda__kridge__triangle,ok,,0.7462018990504747,0.05398988899006749,0.5380032041378239,0.09424557782052229,0.6034533327615734,0.0841861250939245,0.8599129668149037,0.060305113459219066,0.0021288683334811744,3.0472884637500154e-05,0.00104331066722807,7.741372125464519e-05,5.0,0.0
normalizer,uniform,lda,kridge,radial_basic,normalizer__uniform__lda__kridge__radial_basic,ok,,0.7520739630184906,0.04121535963028924,0.5599314878423022,0.04808139535286384,0.6101287173260493,0.0552585666594515,0.9048001843335512,0.0394754585416458,0.0032677350003117076,0.0001188712802888676,0.0018045996669873905,2.5761559526287376e-05,5.0,0.0
normalizer,uniform,lda,kridge,rquadratic,normalizer__uniform__lda__kridge__rquadratic,ok,,0.752023988005997,0.054037941955670375,0.5577795614961557,0.06948333306570266,0.6102072133693496,0.07735960004151277,0.9064132600927538,0.044366016651909986,0.00209032833299716,0.0001177784353716836,0.0009325289999348266,6.122044166771866e-05,5.0,0.0
normalizer,uniform,lda,kridge,canberra,normalizer__uniform__lda__kridge__canberra,ok,,0.7405797101449275,0.03114788623062017,0.5200896687540061,0.052780175221384985,0.5888640239030912,0.03692757736495676,0.879505201857072,0.025481067228658217,0.0036086586660530884,1.7109598938843832e-05,0.0021901890007332745,4.235597956334171e-05,5.0,0.0
normalizer,uniform,lda,kridge,truncated,normalizer__uniform__lda__kridge__truncated,ok,,0.7435032483758119,0.0318250006461305,0.5534124789366117,0.0455447673238689,0.5984727087934268,0.03431769851860807,0.8716126516044218,0.036587548178783694,0.005921341666786854,0.00014648597541458145,0.0018726363335493563,7.244167647894222e-05,5.0,0.0
normalizer,kmeans,pca,ksvc,linear,normalizer__kmeans__pca__ksvc__linear,ok,,0.35447276361819086,0.035223628232170595,0.12507673039074005,0.022501121210064767,0.011324183142816137,0.01601481338336736,0.6430154891106891,0.031130593950558488,0.008029574000223269,0.000617049253066345,0.0012089596663524087,0.00017676146327443324,5.0,0.0
normalizer,kmeans,pca,ksvc,poly,normalizer__kmeans__pca__ksvc__poly,ok,,0.35447276361819086,0.035223628232170595,0.12507673039074005,0.022501121210064767,0.011324183142816137,0.01601481338336736,0.6430154891106891,0.031130593950558488,0.007087042333296267,0.00021005552437619753,0.0010172973331161,6.119334072199434e-05,5.0,0.0
normalizer,kmeans,pca,ksvc,rbf,normalizer__kmeans__pca__ksvc__rbf,ok,,0.44095452273863067,0.03951770755468137,0.2476828418197753,0.019591580767386152,0.22826041046552967,0.03235193119984185,0.6921836746166022,0.029270516607420666,0.007066616332546498,0.00015801270692377813,0.0012202010008574387,7.685561933284791e-05,5.0,0.0
normalizer,kmeans,pca,ksvc,hyperbolic,normalizer__kmeans__pca__ksvc__hyperbolic,ok,,0.35447276361819086,0.035223628232170595,0.12507673039074005,0.022501121210064767,0.011324183142816137,0.01601481338336736,0.6430154891106891,0.031130593950558488,0.006878257333179742,0.00013997289784683137,0.0010013376662148705,3.9329163631302426e-05,5.0,0.0
normalizer,kmeans,pca,ksvc,triangle,normalizer__kmeans__pca__ksvc__triangle,ok,,0.4467266366816592,0.03658710222601253,0.2688743734883647,0.006363735732546948,0.23846970476673454,0.023680462280367687,0.6851647714778416,0.01805878349698158,0.006952749667107128,0.0001019379347280262,0.001443664334146888,0.00016162660085049807,5.0,0.0
normalizer,kmeans,pca,ksvc,radial_basic,normalizer__kmeans__pca__ksvc__radial_basic,ok,,0.46109445277361316,0.024636185918440745,0.2693301302776223,0.024665061563884268,0.26068402362722215,0.012406713534868849,0.6869319705000434,0.025658268855516305,0.007887964000474312,0.0007414240333994618,0.001042298667622769,8.971771857158548e-05,5.0,0.0
normalizer,kmeans,pca,ksvc,rquadratic,normalizer__kmeans__pca__ksvc__rquadratic,ok,,0.4610694652673663,0.028849133772306895,0.2563175270564199,0.03281456698323993,0.26232502986971057,0.0229800715142803,0.677763387078442,0.027903057850860304,0.007129509667114083,0.00014537370207697972,0.0012204559995249535,4.030034737083632e-05,5.0,0.0
normalizer,kmeans,pca,ksvc,canberra,normalizer__kmeans__pca__ksvc__canberra,ok,,0.4582208895552224,0.035243617534171504,0.2987027689136737,0.013718650696874321,0.26760444887020757,0.018486369799107453,0.6956279443645418,0.022606066563948205,0.007105334001001514,0.00021522613612284336,0.001079530000424711,3.258817059347873e-05,5.0,0.0
normalizer,kmeans,pca,ksvc,truncated,normalizer__kmeans__pca__ksvc__truncated,ok,,0.4467266366816592,0.03658710222601253,0.2688743734883647,0.006363735732546948,0.23846970476673454,0.023680462280367687,0.6851647714778416,0.01805878349698158,0.009366317666111476,0.0011535032505295775,0.0012632869996499114,4.2404461772515715e-05,5.0,0.0
normalizer,kmeans,pca,kannc,linear,normalizer__kmeans__pca__kannc__linear,ok,,0.3343578210894553,0.06184810107106767,0.09956948401392846,0.014261434734134867,0.0,0.0,0.5871726223987074,0.0886040402838986,0.19254481566652734,0.0035541310249547994,0.14538758533308282,0.0013866588358815604,5.0,0.0
normalizer,kmeans,pca,kannc,poly,normalizer__kmeans__pca__kannc__poly,ok,,0.27113943028485754,0.06288656884247291,0.08456654456654457,0.015269566136909943,0.0,0.0,0.46920660587736057,0.09891410074588662,0.22660694366701742,0.0021030929834201,0.17256070199982787,0.0019629102438207154,5.0,0.0
normalizer,kmeans,pca,kannc,rbf,normalizer__kmeans__pca__kannc__rbf,ok,,0.40359820089955023,0.04441291478695556,0.22862926332772057,0.006732346190312029,0.160246297191682,0.06029120779126155,0.6668464532268127,0.023151422267231294,1.9653026196659387,0.01122728669494924,1.5880811209996561,0.03394084616631453,5.0,0.0
normalizer,kmeans,pca,kannc,hyperbolic,normalizer__kmeans__pca__kannc__hyperbolic,ok,,0.27113943028485754,0.06288656884247291,0.08456654456654457,0.015269566136909943,0.0,0.0,0.470099720253621,0.10003377549603688,0.2171153403335969,0.0005932412751096542,0.1695371299999048,0.00060667404368277,5.0,0.0
normalizer,kmeans,pca,kannc,triangle,normalizer__kmeans__pca__kannc__triangle,ok,,0.3832083958020989,0.018870315899730962,0.2412204992730567,0.05567494209952565,0.14223377049611982,0.04872413879830817,0.6248278977310076,0.011831852660107963,2.423556837333308,0.053200714675447645,1.9975344759992975,0.044565436049214945,5.0,0.0
normalizer,kmeans,pca,kannc,radial_basic,normalizer__kmeans__pca__kannc__radial_basic,ok,,0.40644677661169415,0.029729483460911324,0.2631367578208337,0.03236489971039801,0.17936706807879618,0.0355893259083751,0.6632632017298334,0.022803606845436163,0.2697706843337073,0.015960434004388027,0.20670555133316762,0.009368053759346753,5.0,0.0
normalizer,kmeans,pca,kannc,rquadratic,normalizer__kmeans__pca__kannc__rquadratic,ok,,0.3717141429285357,0.023691819418673946,0.22152910108486967,0.057332372941860686,0.11992139040446488,0.047162666804664244,0.6491728299637723,0.022342156835545055,1.990382762999919,0.009316601571642243,1.6273694743340457,0.03773833889973041,5.0,0.0
normalizer,kmeans,pca,kannc,canberra,normalizer__kmeans__pca__kannc__canberra,ok,,0.3515992003998001,0.0388693651189258,0.17038934590887425,0.05732037705981655,0.07048533629243213,0.06203308635338453,0.578241564060021,0.0669747504251871,0.3943544719998802,0.009716539373066782,0.29622216399972484,0.0006014380877085731,5.0,0.0
normalizer,kmeans,pca,kannc,truncated,normalizer__kmeans__pca__kannc__truncated,ok,,0.3832083958020989,0.018870315899730962,0.2412204992730567,0.05567494209952565,0.14223377049611982,0.04872413879830817,0.6248278977310076,0.011831852660107963,0.3051495003328455,0.004773462622198235,0.23880275333370568,0.002117557824469653,5.0,0.0
normalizer,kmeans,pca,kridge,linear,normalizer__kmeans__pca__kridge__linear,ok,,0.42656171914042984,0.04728981776296278,0.22107695445673134,0.011131219757815615,0.26795352857419924,0.012475623010553962,0.6889082358280646,0.02660489502490469,0.006821599000128724,0.0002528154727553082,0.0007353129997985283,0.00012685509306802097,5.0,0.0
normalizer,kmeans,pca,kridge,poly,normalizer__kmeans__pca__kridge__poly,ok,,0.3659670164917541,0.02214733331579461,0.13312096429680034,0.033787895242842134,0.025581820218627576,0.036178157103373375,0.6889082358280646,0.02660489502490469,0.006624369666800097,0.00017888887805817206,0.0006546726666177468,2.555094489879109e-06,5.0,0.0
normalizer,kmeans,pca,kridge,rbf,normalizer__kmeans__pca__kridge__rbf,ok,,0.4553223388305847,0.03526416209102006,0.27085092702255026,0.042414937849288896,0.2498058293751418,0.032106683934359066,0.6711690023862985,0.02403418586269082,0.00694986400048947,0.0002523778378210319,0.0009520863331999863,6.300980440368406e-05,5.0,0.0
normalizer,kmeans,pca,kridge,hyperbolic,normalizer__kmeans__pca__kridge__hyperbolic,ok,,0.3659670164917541,0.02214733331579461,0.13312096429680034,0.033787895242842134,0.025581820218627576,0.036178157103373375,0.6889082358280646,0.02660489502490469,0.00701239666705078,0.0005738504756341573,0.0008070299997295175,0.0001664669422634785,5.0,0.0
normalizer,kmeans,pca,kridge,triangle,normalizer__kmeans__pca__kridge__triangle,ok,,0.45537231384307847,0.0502830461803046,0.3156005883372325,0.022708130675211137,0.24802291881991909,0.049514701732000566,0.7206995412372668,0.011397898324397963,0.006954632666747784,0.000292197693827444,0.0010194053338636877,1.393819904752024e-05,5.0,0.0
normalizer,kmeans,pca,kridge,radial_basic,normalizer__kmeans__pca__kridge__radial_basic,ok,,0.44962518740629687,0.031488243720950805,0.2921656971513136,0.0062504592070296745,0.2447815725985393,0.019763367421499662,0.6835851918922448,0.0240324517718249,0.006617225667165864,0.00043003402971784996,0.0006646619998112632,1.8064841885367781e-06,5.0,0.0
normalizer,kmeans,pca,kridge,rquadratic,normalizer__kmeans__pca__kridge__rquadratic,ok,,0.4466766616691655,0.03526641063888867,0.2829284820660168,0.020412755823777533,0.23967770375758227,0.03549147214865857,0.6881159047175128,0.02584069405616352,0.006721818666240627,0.0003220004434108827,0.0008783990003090972,1.3134303243161537e-05,5.0,0.0
normalizer,kmeans,pca,kridge,canberra,normalizer__kmeans__pca__kridge__canberra,ok,,0.48415792103948024,0.035249410185864374,0.3426756810501163,0.01721637116569682,0.29689516195035925,0.02550537564566377,0.7239389033594898,0.010008426395771155,0.006540142667290638,0.00029609433399194787,0.0007349953333080824,9.46940371305302e-06,5.0,0.0
normalizer,kmeans,pca,kridge,truncated,normalizer__kmeans__pca__kridge__truncated,ok,,0.45537231384307847,0.0502830461803046,0.3156005883372325,0.022708130675211137,0.24802291881991909,0.049514701732000566,0.7206995412372668,0.011397898324397963,0.006900846999997157,0.0002242024726878261,0.0007484779998776503,3.9432543122840774e-05,5.0,0.0
normalizer,kmeans,lda,ksvc,linear,normalizer__kmeans__lda__ksvc__linear,ok,,0.6023988005997002,0.041987621377151146,0.5522890014069975,0.009233827397212535,0.46983620427574974,0.04400571139048696,0.8615480659623561,0.022685576675399492,0.007362368000030983,0.0001685513968318503,0.0008648633332389485,9.273932139622226e-06,5.0,0.0
normalizer,kmeans,lda,ksvc,poly,normalizer__kmeans__lda__ksvc__poly,ok,,0.6456521739130435,0.07946868502298719,0.6057332454078787,0.03399955060376775,0.5270779193177321,0.09389116208689083,0.8755414440063872,0.023226366904316797,0.008303012000396848,0.001352793919726316,0.0010230013328206649,0.00018253261631997992,5.0,0.0
normalizer,kmeans,lda,ksvc,rbf,normalizer__kmeans__lda__ksvc__rbf,ok,,0.5937031484257871,0.07814880029919237,0.49546641706912875,0.030279110092188588,0.46290758026075346,0.09066615183621685,0.8579434518532337,0.020871918370837256,0.007305174999297985,0.0003296139278976177,0.0011451513334274448,9.998909016437563e-06,5.0,0.0
normalizer,kmeans,lda,ksvc,hyperbolic,normalizer__kmeans__lda__ksvc__hyperbolic,ok,,0.39770114942528734,0.05633356668893263,0.3311661406772099,0.04599533737295477,0.21062428227789845,0.0645470634845247,0.7193237580567612,0.036778250206158554,0.006968348999483472,0.00018372043676766894,0.0008940989998033425,1.1262258180131942e-05,5.0,0.0
normalizer,kmeans,lda,ksvc,triangle,normalizer__kmeans__lda__ksvc__triangle,ok,,0.6312843578210895,0.0806480890022307,0.5578688210464177,0.04028985564880977,0.5106492330456361,0.09039907974669786,0.8719474626425865,0.023693293451958503,0.0071734570004385505,6.472879330370511e-05,0.0012577796666543388,1.0494555496058348e-05,5.0,0.0
normalizer,kmeans,lda,ksvc,radial_basic,normalizer__kmeans__lda__ksvc__radial_basic,ok,,0.6168165917041479,0.06484318052640313,0.5660537204317909,0.034301473298765026,0.4923334699056041,0.07200346320824863,0.8699322630481788,0.022457875455623767,0.008314444000764828,8.976733930983949e-05,0.002098196666338481,2.0163514683718018e-05,5.0,0.0
normalizer,kmeans,lda,ksvc,rquadratic,normalizer__kmeans__lda__ksvc__rquadratic,ok,,0.5995002498750625,0.05936543492700285,0.50283751905144,0.021635662515997158,0.4660191641580229,0.06455455050710833,0.8673542487932059,0.01790045643089477,0.006950357666331304,0.00010926527650574008,0.0011293583338556346,2.19692528877695e-05,5.0,0.0
normalizer,kmeans,lda,ksvc,canberra,normalizer__kmeans__lda__ksvc__canberra,ok,,0.5592453773113443,0.07259505761482182,0.4612136433894418,0.054338634085690854,0.41956764857370593,0.07207129477297199,0.8548849357673527,0.018122177394256665,0.008912933000222742,5.821046957527396e-05,0.0025092839999463954,2.7824237252007513e-05,5.0,0.0
normalizer,kmeans,lda,ksvc,truncated,normalizer__kmeans__lda__ksvc__truncated,ok,,0.6110444777611194,0.07402968651437046,0.5352096939844477,0.029947083183153905,0.48198091890638256,0.08160927093533375,0.8532815948447675,0.0338848438155369,0.011584473000160264,8.244967005495826e-05,0.0022432136659820876,2.7811816190027306e-05,5.0,0.0
normalizer,kmeans,lda,kannc,linear,normalizer__kmeans__lda__kannc__linear,ok,,0.5332833583208395,0.03558143680130823,0.3785957027384574,0.04666715828641522,0.37304384273911384,0.04689591339600311,0.8159479090526968,0.024221340854015914,0.1977325543327121,0.004831217013352154,0.1488548810005644,0.004443188790489,5.0,0.0
normalizer,kmeans,lda,kannc,poly,normalizer__kmeans__lda__kannc__poly,ok,,0.5331584207896052,0.04594643237057424,0.404187216882627,0.07104713471443079,0.39059952277838805,0.05388122001516786,0.8495283009072084,0.021479303101017744,0.2378916753326242,0.006817444934685686,0.17735355700036357,0.0036370281434469328,5.0,0.0
normalizer,kmeans,lda,kannc,rbf,normalizer__kmeans__lda__kannc__rbf,ok,,0.5246876561719142,0.05487803657386144,0.3253880156633216,0.03527921265007498,0.3721444394728286,0.07718737950662768,0.8158697375573354,0.016715736126959257,1.9532509553331086,0.008556172384201019,1.5781780296668633,0.0056152746496817875,5.0,0.0
normalizer,kmeans,lda,kannc,hyperbolic,normalizer__kmeans__lda__kannc__hyperbolic,ok,,0.5275862068965517,0.0531041946506736,0.3834661646740119,0.028125912130505724,0.35741901789840674,0.06822959358180361,0.8247837313205123,0.02432979719338253,0.23677341466645885,0.003644230899335011,0.1733195003344008,0.00027797932757339026,5.0,0.0
normalizer,kmeans,lda,kannc,triangle,normalizer__kmeans__lda__kannc__triangle,ok,,0.45252373813093455,0.10713843141866636,0.2793791710269201,0.07308363934961977,0.25423519397154815,0.1360085309043474,0.7720453884417714,0.0552343531613629,2.403672424333005,0.04598349950476291,1.9472975826671852,0.03946619133811567,5.0,0.0
normalizer,kmeans,lda,kannc,radial_basic,normalizer__kmeans__lda__kannc__radial_basic,ok,,0.4615692153923039,0.12633569982697673,0.3158245337915153,0.10086306607649806,0.2975657233841975,0.15758630445632044,0.7868523435192057,0.06493002765817826,0.26571269833402766,0.0058299024135736646,0.22328910666631904,0.01617193485887686,5.0,0.0
normalizer,kmeans,lda,kannc,rquadratic,normalizer__kmeans__lda__kannc__rquadratic,ok,,0.45,0.12177671359760606,0.27760828045404146,0.054175511976624124,0.24523229074855726,0.17598822281431872,0.7736777687024831,0.08169776433597718,2.0295861576663206,0.03424119107668537,1.6327267993334924,0.03583329849320545,5.0,0.0
normalizer,kmeans,lda,kannc,canberra,normalizer__kmeans__lda__kannc__canberra,ok,,0.3286106946526737,0.022382753117433405,0.13902250082954434,0.023762740303169484,0.022397013355713646,0.01804196715950918,0.7155949729739124,0.0438951556942814,0.396817869333366,0.003878384731112776,0.31453631100036245,0.003341071070303864,5.0,0.0
normalizer,kmeans,lda,kannc,truncated,normalizer__kmeans__lda__kannc__truncated,ok,,0.36014492753623184,0.03237688566260055,0.18553682678203484,0.036103344036323703,0.0937405128581219,0.04776978179963904,0.6608221492794009,0.032622351209864446,0.31420711633351556,0.001869703488169372,0.24319900500025446,0.0032043857574234574,5.0,0.0
normalizer,kmeans,lda,kridge,linear,normalizer__kmeans__lda__kridge__linear,ok,,0.5592203898050975,0.06042819102734746,0.4942033918438265,0.033661089352416386,0.4150045597259784,0.07023681268769856,0.8032360731029903,0.007801046182816399,0.007092619334192325,0.0005457598851800787,0.0005967723336652853,1.8935999224074936e-05,5.0,0.0
normalizer,kmeans,lda,kridge,poly,normalizer__kmeans__lda__kridge__poly,ok,,0.5591954022988506,0.06642345648496242,0.4650418589987159,0.03411839738526687,0.4096315542891493,0.06834889859498108,0.8566708803413169,0.01894571683846686,0.00781342100041608,0.0007625137107260837,0.0006458923332199144,5.4267597490023956e-05,5.0,0.0
normalizer,kmeans,lda,kridge,rbf,normalizer__kmeans__lda__kridge__rbf,ok,,0.5966016991504248,0.04471794723901166,0.5092110265791151,0.017108825125205278,0.4599052294549004,0.0419895764115141,0.870330648179471,0.01797530795445314,0.010668749334096598,0.0014585450575433428,0.0011708070008656553,0.00013918770497641972,5.0,0.0
normalizer,kmeans,lda,kridge,hyperbolic,normalizer__kmeans__lda__kridge__hyperbolic,ok,,0.3028985507246377,0.07514025240145698,0.2728669925927509,0.06655956422559142,0.11787264961522263,0.10341903927914545,0.5717175689815677,0.06061900487256474,0.008343369333185061,0.00019518765755280999,0.0007539050002378644,4.298027719252024e-06,5.0,0.0
normalizer,kmeans,lda,kridge,triangle,normalizer__kmeans__lda__kridge__triangle,ok,,0.6081709145427285,0.07800994601289724,0.5437954301415102,0.03634871694713406,0.48092720944203765,0.08717396200891628,0.8553659717748164,0.02439224935489898,0.008695104000556361,0.00030428500205605845,0.0011798513332905713,1.5907194687256254e-05,5.0,0.0
normalizer,kmeans,lda,kridge,radial_basic,normalizer__kmeans__lda__kridge__radial_basic,ok,,0.5850574712643678,0.03674567209918572,0.5030221884589903,0.022451587373892773,0.4445877623866217,0.03390224218970541,0.8637055809894196,0.017381729440170513,0.010468106665939558,0.00035350632666281313,0.0019378203335994233,4.815459899909855e-05,5.0,0.0
normalizer,kmeans,lda,kridge,rquadratic,normalizer__kmeans__lda__kridge__rquadratic,ok,,0.6053223388305847,0.08099248315570214,0.5185875356778215,0.008086863172320165,0.47481146446561556,0.09033466960557426,0.8830106468548816,0.019659788141122014,0.008603966333491067,9.382647464307489e-05,0.0010635760002818035,1.7938027300494185e-05,5.0,0.0
normalizer,kmeans,lda,kridge,canberra,normalizer__kmeans__lda__kridge__canberra,ok,,0.5764867566216891,0.054127933494244405,0.480926101855699,0.021580788217469577,0.43345347716481886,0.05601347909520737,0.8592259945941048,0.009674161817866527,0.010706154334305515,0.00023442583895023588,0.002425615000295996,0.00014980119570206035,5.0,0.0
normalizer,kmeans,lda,kridge,truncated,normalizer__kmeans__lda__kridge__truncated,ok,,0.605447276361819,0.07284961637940668,0.5273256812483766,0.04561898556041957,0.4750827292527155,0.08600708281028051,0.8490567534119936,0.029266761367139894,0.012963401333763613,0.00015641872482161887,0.0019338729998708004,3.825845794924162e-05,5.0,0.0
normalizer,dbscan,pca,ksvc,linear,normalizer__dbscan__pca__ksvc__linear,ok,,0.5792603698150924,0.00742629358268068,0.146711259754738,0.0011943515374583658,0.0,0.0,0.7009663628976005,0.016976402920854464,0.009013073666816732,0.000170860295464956,0.0009476046664834333,4.170802652205678e-05,5.0,0.0
normalizer,dbscan,pca,ksvc,poly,normalizer__dbscan__pca__ksvc__poly,ok,,0.5792603698150924,0.00742629358268068,0.146711259754738,0.0011943515374583658,0.0,0.0,0.7009663628976005,0.016976402920854464,0.008585704999859445,0.0003641071215569479,0.0008956320004169053,5.518369526668963e-05,5.0,0.0
normalizer,dbscan,pca,ksvc,rbf,normalizer__dbscan__pca__ksvc__rbf,ok,,0.6312093953023489,0.023480572286270835,0.23978036841900022,0.01899192988470808,0.2764137773048969,0.06900775752276835,0.6988719056790713,0.011238856166867615,0.008169364332691961,0.00026430833165285117,0.0011297490006351534,1.374755474958433e-05,5.0,0.0
normalizer,dbscan,pca,ksvc,hyperbolic,normalizer__dbscan__pca__ksvc__hyperbolic,ok,,0.5792603698150924,0.00742629358268068,0.146711259754738,0.0011943515374583658,0.0,0.0,0.7009663628976005,0.016976402920854464,0.007866562999576368,0.00019987310194197303,0.0008915543330658693,1.502803964099592e-05,5.0,0.0
normalizer,dbscan,pca,ksvc,triangle,normalizer__dbscan__pca__ksvc__triangle,ok,,0.6340579710144928,0.013284567217411133,0.2663198791365731,0.014569846909020013,0.29309995792617544,0.023363583046327772,0.7202131072459975,0.02294617670952386,0.00822724466706859,0.0002469999395944191,0.001263530667226102,6.4975442369090485e-06,5.0,0.0
normalizer,dbscan,pca,ksvc,radial_basic,normalizer__dbscan__pca__ksvc__radial_basic,ok,,0.6312093953023489,0.03235396743980717,0.23662418024232368,0.029573002878267786,0.28592296277342993,0.0691924511637592,0.6912169132237791,0.03252188822462086,0.008598185667627453,0.000561942446411836,0.000958168334060853,1.4329173589712266e-05,5.0,0.0
normalizer,dbscan,pca,ksvc,rquadratic,normalizer__dbscan__pca__ksvc__rquadratic,ok,,0.631184407796102,0.025810412744657892,0.23532311838234407,0.026338081134850064,0.28212875756721606,0.058548991715759204,0.6915023907204106,0.03802370805123946,0.008604587999798241,0.00014935224281952263,0.001168462667313482,1.3731005857160644e-05,5.0,0.0
normalizer,dbscan,pca,ksvc,canberra,normalizer__dbscan__pca__ksvc__canberra,ok,,0.639880059970015,0.030573191627203632,0.2575044546704465,0.04672075831307243,0.30873727003396967,0.0784611104071001,0.72894699139268,0.015323034950969427,0.008193736999601242,0.00029687922287590507,0.0010088050003105309,2.1221701969090283e-05,5.0,0.0
normalizer,dbscan,pca,ksvc,truncated,normalizer__dbscan__pca__ksvc__truncated,ok,,0.6340579710144928,0.013284567217411133,0.2663198791365731,0.014569846909020013,0.29309995792617544,0.023363583046327772,0.7202131072459975,0.02294617670952386,0.008817136000288883,0.00044931323493393235,0.0010214893336524256,6.286418854949827e-05,5.0,0.0
normalizer,dbscan,pca,kannc,linear,normalizer__dbscan__pca__kannc__linear,ok,,0.5792603698150924,0.00742629358268068,0.146711259754738,0.0011943515374583658,0.0,0.0,0.6575152310202639,0.042618084082267534,0.20567355533300238,0.018282379134880095,0.17067475033339483,0.017665629124334198,5.0,0.0
normalizer,dbscan,pca,kannc,poly,normalizer__dbscan__pca__kannc__poly,ok,,0.5792603698150924,0.00742629358268068,0.146711259754738,0.0011943515374583658,0.0,0.0,0.565931567630419,0.11068257965566296,0.23922438766627843,0.015312761187841938,0.19696288866665176,0.009847417516487912,5.0,0.0
normalizer,dbscan,pca,kannc,rbf,normalizer__dbscan__pca__kannc__rbf,ok,,0.5935532233883057,0.03363871510559311,0.20922291736502718,0.043426149833076216,0.1918513178289513,0.13582684735632616,0.6339923807258024,0.04042435624148575,1.981738790333111,0.036150112774386935,1.5989479116669827,0.012072927601740526,5.0,0.0
normalizer,dbscan,pca,kannc,hyperbolic,normalizer__dbscan__pca__kannc__hyperbolic,ok,,0.5792603698150924,0.00742629358268068,0.146711259754738,0.0011943515374583658,0.0,0.0,0.565931567630419,0.11068257965566296,0.21798459166651205,0.001660170293578915,0.1712094709988984,0.0010346978858057376,5.0,0.0
normalizer,dbscan,pca,kannc,triangle,normalizer__dbscan__pca__kannc__triangle,ok,,0.5964517741129435,0.030556359002697493,0.21092007906177088,0.05451921253403848,0.20396601636311262,0.1137776614497537,0.615533108681162,0.014854534418767773,2.3588064389999395,0.02980630052785713,1.9125314386668226,0.007625942010818484,5.0,0.0
normalizer,dbscan,pca,kannc,radial_basic,normalizer__dbscan__pca__kannc__radial_basic,ok,,0.5878060969515242,0.02622083705416563,0.22893474773165065,0.06026624195777569,0.19609612542463215,0.13898872482591748,0.6307168694749725,0.0483246193620073,0.2755530670013589,0.010653974572676958,0.20434943633396566,0.0017136333348559555,5.0,0.0
normalizer,dbscan,pca,kannc,rquadratic,normalizer__dbscan__pca__kannc__rquadratic,ok,,0.5676661669165417,0.015695814086262767,0.1667272835480015,0.019778802692839083,0.10778157195765435,0.11259999476440442,0.6248944587258688,0.005894854144047409,1.9854973783336998,0.016628292360629425,1.6169033409999731,0.03277311747055562,5.0,0.0
normalizer,dbscan,pca,kannc,canberra,normalizer__dbscan__pca__kannc__canberra,ok,,0.5763618190904548,0.007248616724587419,0.14651293137961405,0.0009285412131843405,-0.004146015704160008,0.026819144238262777,0.6044440026883384,0.026208836246507654,0.3871589130000454,0.005513654483258431,0.3127847823331346,0.010017164064732314,5.0,0.0
normalizer,dbscan,pca,kannc,truncated,normalizer__dbscan__pca__kannc__truncated,ok,,0.5964517741129435,0.030556359002697493,0.21092007906177088,0.05451921253403848,0.20396601636311262,0.1137776614497537,0.615533108681162,0.014854534418767773,0.3153142519998558,0.009484552035042466,0.24299627099996238,0.006033528048583329,5.0,0.0
normalizer,dbscan,pca,kridge,linear,normalizer__dbscan__pca__kridge__linear,ok,,0.5706896551724139,0.03785258344844852,0.24586659058635732,0.015348885890781129,0.34942112902053896,0.015157349726755972,0.726393713324951,0.023982814015153585,0.007938957667041299,9.59939374837435e-05,0.000669370333829041,7.512242002364414e-05,5.0,0.0
normalizer,dbscan,pca,kridge,poly,normalizer__dbscan__pca__kridge__poly,ok,,0.5792603698150924,0.00742629358268068,0.146711259754738,0.0011943515374583658,0.0,0.0,0.726393713324951,0.023982814015153585,0.008284209999449862,0.0005689442486625007,0.0006715579996428763,2.3726337217086797e-05,5.0,0.0
normalizer,dbscan,pca,kridge,rbf,normalizer__dbscan__pca__kridge__rbf,ok,,0.6340829585207396,0.03393329108543777,0.2639793234947477,0.0016798988227863154,0.30880534577232616,0.06814209933210466,0.714412293415354,0.03317358295926908,0.008394513667250672,0.00020923774824438768,0.0009435303333399739,6.030180707140238e-05,5.0,0.0
normalizer,dbscan,pca,kridge,hyperbolic,normalizer__dbscan__pca__kridge__hyperbolic,ok,,0.5792603698150924,0.00742629358268068,0.146711259754738,0.0011943515374583658,0.0,0.0,0.726393713324951,0.023982814015153585,0.008070866332976342,0.00038527593315066083,0.0007458430003074076,4.3338539404610466e-05,5.0,0.0
normalizer,dbscan,pca,kridge,triangle,normalizer__dbscan__pca__kridge__triangle,ok,,0.6370064967516242,0.03406776844760729,0.29713498449028136,0.04709609327561148,0.30702983854638727,0.07591543739474235,0.7483236270761647,0.02706334695924778,0.009246175333222103,0.0005236743432319951,0.0010544720001538128,9.129912175357211e-06,5.0,0.0
normalizer,dbscan,pca,kridge,radial_basic,normalizer__dbscan__pca__kridge__radial_basic,ok,,0.6484757621189406,0.01649020179570428,0.271842932028459,0.012634272808403459,0.3331265052545187,0.033592474179416285,0.7220901356319782,0.01947386404846913,0.008681350667150886,0.00024275418477584886,0.0007066816663912808,2.207199217605256e-05,5.0,0.0
normalizer,dbscan,pca,kridge,rquadratic,normalizer__dbscan__pca__kridge__rquadratic,ok,,0.6484757621189406,0.014912496834618828,0.286982071701066,0.027256838120954297,0.3274782390786233,0.029886217114515008,0.7338849520153706,0.02907070461323366,0.008319500332921356,0.000303237368413068,0.0008928370001134075,1.1601525284668525e-05,5.0,0.0
normalizer,dbscan,pca,kridge,canberra,normalizer__dbscan__pca__kridge__canberra,ok,,0.6513743128435783,0.019011666580627775,0.289484408179733,0.028077824199618164,0.3348737873775584,0.04509721883837825,0.7593632525734592,0.020874648240090145,0.0081868173328985,0.0004109451364470119,0.000751120334219498,5.8247868122639775e-06,5.0,0.0
normalizer,dbscan,pca,kridge,truncated,normalizer__dbscan__pca__kridge__truncated,ok,,0.6370064967516242,0.03406776844760729,0.29713498449028136,0.04709609327561148,0.30702983854638727,0.07591543739474235,0.7483236270761647,0.02706334695924778,0.008568886333402284,0.0002524421845065143,0.0008326920002825015,8.520605818700362e-05,5.0,0.0
normalizer,dbscan,lda,ksvc,linear,normalizer__dbscan__lda__ksvc__linear,ok,,0.7984007996001999,0.04748256093302935,0.5630767728253464,0.046537073686054406,0.6615867105460888,0.07095163118221216,0.8251210887510254,0.022127527909307873,0.008671512000243334,0.0001406025059381642,0.0008137359994483025,6.704862192967112e-06,5.0,0.0
normalizer,dbscan,lda,ksvc,poly,normalizer__dbscan__lda__ksvc__poly,ok,,0.824287856071964,0.02889141442529336,0.6096451694084057,0.03956567524953575,0.7050128030204389,0.04132172901803575,0.8731265527529589,0.02653824716601738,0.008760224667033375,0.0001827092995940973,0.0008167380001395941,8.72230638749747e-06,5.0,0.0
normalizer,dbscan,lda,ksvc,rbf,normalizer__dbscan__lda__ksvc__rbf,ok,,0.7926036981509245,0.048416477140561166,0.46239369538604924,0.07102963416472512,0.6472475888659538,0.07540433527630468,0.8340111496793418,0.0253383044595452,0.008415510332876389,0.00026447583530795124,0.0010780369999944621,1.7859323594087737e-05,5.0,0.0
normalizer,dbscan,lda,ksvc,hyperbolic,normalizer__dbscan__lda__ksvc__hyperbolic,ok,,0.6974512743628186,0.05048983946107596,0.3415212675838843,0.016344740148106662,0.4975918960678207,0.06232926689076081,0.7135280122156011,0.040409968323656516,0.00835394633334848,0.0002977366491966825,0.0008516853328425592,1.5533864545715056e-05,5.0,0.0
normalizer,dbscan,lda,ksvc,triangle,normalizer__dbscan__lda__ksvc__triangle,ok,,0.7897051474262868,0.053018177261653095,0.49307032938767076,0.03149372716257831,0.6447083058683435,0.08268433595205961,0.8744516526093551,0.012000506354817054,0.008950330999747772,0.00020704238226255302,0.0012518583334895084,1.7835754396163968e-05,5.0,0.0
normalizer,dbscan,lda,ksvc,radial_basic,normalizer__dbscan__lda__ksvc__radial_basic,ok,,0.8069965017491255,0.04030680718111007,0.5623858194340622,0.025622023259214106,0.6754031680038999,0.05864400177209526,0.8562139514751167,0.007810523130107941,0.010130612333644725,0.00022743426037127043,0.0020589350006048335,2.530060826462566e-05,5.0,0.0
normalizer,dbscan,lda,ksvc,rquadratic,normalizer__dbscan__lda__ksvc__rquadratic,ok,,0.7897051474262868,0.053018177261653095,0.47130892115777007,0.048799234460390126,0.644221727845879,0.08239933381156954,0.8520136719880055,0.012091725098427562,0.009223245000612224,0.00011628851197814924,0.0011276819999087213,3.3924454116689425e-05,5.0,0.0
normalizer,dbscan,lda,ksvc,canberra,normalizer__dbscan__lda__ksvc__canberra,ok,,0.7810094952523738,0.04285537256746654,0.40654595036658797,0.06648862389524055,0.6332722635882662,0.06516357999437182,0.8381373199091594,0.009692780364234918,0.010790805665844042,0.00020536264636563309,0.0024364183330665887,4.617099077622985e-05,5.0,0.0
normalizer,dbscan,lda,ksvc,truncated,normalizer__dbscan__lda__ksvc__truncated,ok,,0.7955022488755622,0.050547643831705825,0.4607694479928939,0.07024394781721234,0.6497567331615589,0.08381889881550773,0.8410968812340195,0.018358918845385947,0.012599580000217733,0.0002670516913121986,0.0021461279999736385,6.53895883649213e-05,5.0,0.0
normalizer,dbscan,lda,kannc,linear,normalizer__dbscan__lda__kannc__linear,ok,,0.7492253873063467,0.05103145000935914,0.44640416152699186,0.010482231982045896,0.5984800425957565,0.07161092100473818,0.8138433428558819,0.0727642912907953,0.195062051666658,0.00034913644368573,0.1485739353332368,0.0007969583095302089,5.0,0.0
normalizer,dbscan,lda,kannc,poly,normalizer__dbscan__lda__kannc__poly,ok,,0.7087456271864068,0.06750985135944546,0.3826696460588284,0.01734280558965096,0.5322826484840059,0.08483272578608185,0.7982699443167344,0.09630940436763522,0.23541473233308352,0.007576223835420617,0.17579536399959275,0.0013715683077706836,5.0,0.0
normalizer,dbscan,lda,kannc,rbf,normalizer__dbscan__lda__kannc__rbf,ok,,0.6599450274862569,0.031681182139779766,0.26821842698535675,0.029932883077578118,0.37185254688381075,0.09284243899204558,0.7801251919602089,0.08389675895667308,1.9634624986677711,0.01902867852876356,1.5932580756665022,0.011896791097363956,5.0,0.0
normalizer,dbscan,lda,kannc,hyperbolic,normalizer__dbscan__lda__kannc__hyperbolic,ok,,0.7321339330334832,0.04545940964679463,0.41306002493462984,0.030942901533815806,0.5542237277167396,0.07204656031477459,0.7347511049475024,0.06329863595251799,0.2304704320000989,0.0018113000786357208,0.17616504299985536,0.0004224764670872767,5.0,0.0
normalizer,dbscan,lda,kannc,triangle,normalizer__dbscan__lda__kannc__triangle,ok,,0.7319590204897551,0.03248835165307125,0.3663485853190604,0.038450561988620895,0.5147103461121563,0.06049363202724057,0.7915714012736309,0.07515518695518218,2.460183271333032,0.05164998026373996,2.0072708363337974,0.036689764946049294,5.0,0.0
normalizer,dbscan,lda,kannc,radial_basic,normalizer__dbscan__lda__kannc__radial_basic,ok,,0.7436781609195403,0.045077405864661094,0.34166605575327685,0.017910113519203814,0.5470562241608226,0.08290657853420842,0.8021253719991797,0.0734690800897165,0.26633521266618726,0.005040937347567254,0.202695927666961,0.0020925636770869286,5.0,0.0
normalizer,dbscan,lda,kannc,rquadratic,normalizer__dbscan__lda__kannc__rquadratic,ok,,0.7091954022988505,0.0854023762008282,0.28923786593699574,0.055668739375510146,0.48688737275143995,0.15273126493906564,0.7507079220877951,0.05702949236182028,2.0224525866669865,0.02514107537769777,1.6202956636661838,0.016583990996333564,5.0,0.0
normalizer,dbscan,lda,kannc,canberra,normalizer__dbscan__lda__kannc__canberra,ok,,0.5763618190904548,0.007248616724587419,0.14624579520087566,0.0011643468656151728,-0.012956265441631434,0.01832292630526101,0.6422979141110151,0.11632773402204694,0.3842375993335736,0.004223893060819006,0.3026985373332233,0.0026937518271622856,5.0,0.0
normalizer,dbscan,lda,kannc,truncated,normalizer__dbscan__lda__kannc__truncated,ok,,0.5647426286856572,0.02451326578763778,0.17591451651796478,0.015378453390326452,0.11746584612855149,0.016473298243369603,0.6353857400393109,0.05049703626900861,0.3154508526664965,0.0032139762511262885,0.24226923799991104,0.002756415027987808,5.0,0.0
normalizer,dbscan,lda,kridge,linear,normalizer__dbscan__lda__kridge__linear,ok,,0.7521239380309845,0.023028532391742997,0.44016212729625304,0.06277693076010057,0.6014140146050445,0.02561919022192803,0.8107844194667312,0.04083905765894213,0.008405645000190512,0.0002790343875730826,0.0006147293321798012,3.562114160723695e-05,5.0,0.0
normalizer,dbscan,lda,kridge,poly,normalizer__dbscan__lda__kridge__poly,ok,,0.7896551724137931,0.022347381718647804,0.44091904311213703,0.07199015487943802,0.634902171484235,0.03524117008611313,0.8917135112284854,0.026589984923788737,0.008167707666264809,0.0002482508542953303,0.000596050333721602,6.85977679776245e-06,5.0,0.0
normalizer,dbscan,lda,kridge,rbf,normalizer__dbscan__lda__kridge__rbf,ok,,0.7839580209895053,0.04839920641082875,0.4469473852787658,0.07078999501782221,0.6264828529721217,0.08094520034909744,0.8971069979676592,0.026280532459258446,0.008289042333368949,0.00017828888339895509,0.0008657213335633666,8.148677699326e-07,5.0,0.0
normalizer,dbscan,lda,kridge,hyperbolic,normalizer__dbscan__lda__kridge__hyperbolic,ok,,0.5247626186906547,0.11540999070348863,0.30928708107812586,0.04044830731845283,0.27606865747082415,0.13022113647971706,0.6485168700321989,0.07037326047966179,0.008254188999975062,0.00027263796566736,0.0006272230002650758,1.3607113376180659e-05,5.0,0.0
normalizer,dbscan,lda,kridge,triangle,normalizer__dbscan__lda__kridge__triangle,ok,,0.7897051474262868,0.05961618925640956,0.46534514680743544,0.019457747221529334,0.6452432777825442,0.09484488337893024,0.884574475817837,0.0316434273327696,0.008688143666707523,0.0005901655526940348,0.0009954393329583884,2.682599678697928e-05,5.0,0.0
normalizer,dbscan,lda,kridge,radial_basic,normalizer__dbscan__lda__kridge__radial_basic,ok,,0.7896801599200399,0.03441023669773731,0.4877953317464698,0.05916983765941794,0.6408281093322475,0.052024436643077716,0.9068968515815709,0.013328397571675626,0.01012832466706944,0.00019357641554707022,0.0018769076674895284,4.088592683145595e-05,5.0,0.0
normalizer,dbscan,lda,kridge,rquadratic,normalizer__dbscan__lda__kridge__rquadratic,ok,,0.7925787106446777,0.042503461672078295,0.4890000497053458,0.053355334986875474,0.6457740694068878,0.06700301540632697,0.8999006893588642,0.023977957297580805,0.00851098933344474,0.00010898559357659357,0.000877163999878879,2.54570790088146e-05,5.0,0.0
normalizer,dbscan,lda,kridge,canberra,normalizer__dbscan__lda__kridge__canberra,ok,,0.7868565717141429,0.06277212697519519,0.46881932881999183,0.04723552125287237,0.6430513378926777,0.09744079552740133,0.8823891935201265,0.012941460191455324,0.01019719333332129,0.0003619305340078055,0.0024923223336372757,8.004390883216392e-05,5.0,0.0
normalizer,dbscan,lda,kridge,truncated,normalizer__dbscan__lda__kridge__truncated,ok,,0.7839830084957522,0.054585835082967715,0.4946184827197165,0.03228474328619483,0.6352905422601304,0.08408097726941632,0.8733574547981423,0.01126068570160117,0.013051957333421646,0.00037813179356996194,0.0018858746667926123,4.428486593323057e-05,5.0,0.0
normalizer,agglomerative,pca,ksvc,linear,normalizer__agglomerative__pca__ksvc__linear,ok,,0.36591704147926035,0.033933291085437765,0.10697865819817039,0.007156567965066323,0.0,0.0,0.6553080393438709,0.020533005765845096,0.003026304333616281,0.00034420249877003373,0.001056712667074559,4.5939532261571855e-06,5.0,0.0
normalizer,agglomerative,pca,ksvc,poly,normalizer__agglomerative__pca__ksvc__poly,ok,,0.36591704147926035,0.033933291085437765,0.10697865819817039,0.007156567965066323,0.0,0.0,0.6553080393438709,0.020533005765845096,0.0029683436659979634,0.0003639365953860064,0.0010190509995785153,0.00011994111520150497,5.0,0.0
normalizer,agglomerative,pca,ksvc,rbf,normalizer__agglomerative__pca__ksvc__rbf,ok,,0.4638930534732633,0.02708062418877185,0.24996248307023752,0.022548494315856517,0.25754020292387036,0.034408703812679936,0.6941880341050609,0.03039580403874316,0.002831251666066237,8.163577193694735e-05,0.001334142000511444,0.00014314916137850664,5.0,0.0
normalizer,agglomerative,pca,ksvc,hyperbolic,normalizer__agglomerative__pca__ksvc__hyperbolic,ok,,0.36591704147926035,0.033933291085437765,0.10697865819817039,0.007156567965066323,0.0,0.0,0.6553080393438709,0.020533005765845096,0.002565921999727531,4.696914573219144e-05,0.0009311996667141406,5.922789958098862e-06,5.0,0.0
normalizer,agglomerative,pca,ksvc,triangle,normalizer__agglomerative__pca__ksvc__triangle,ok,,0.4783608195902049,0.02201315628903386,0.26523287251300004,0.04132470825494544,0.2781340052926944,0.012744856530050966,0.6812230827031879,0.02920282453945338,0.0028977893337772307,7.276903577513303e-05,0.0013130849996135414,1.3081446539588069e-05,5.0,0.0
normalizer,agglomerative,pca,ksvc,radial_basic,normalizer__agglomerative__pca__ksvc__radial_basic,ok,,0.4783358320839581,0.02755814958462505,0.2673234306779427,0.040259912229066726,0.2804067934909125,0.020684909261219284,0.682950343843324,0.034754323446352965,0.002984755000094689,0.0001746396133534019,0.0010188206670136424,6.709009151387922e-05,5.0,0.0
normalizer,agglomerative,pca,ksvc,rquadratic,normalizer__agglomerative__pca__ksvc__rquadratic,ok,,0.4812343828085957,0.02598078290139773,0.26849303001134595,0.04353389033078099,0.28465690446761355,0.015465044063182625,0.6796296191449235,0.042266100623120764,0.002800987666584357,8.567446707101689e-05,0.0012275689999417712,6.694245425368462e-05,5.0,0.0
normalizer,agglomerative,pca,ksvc,canberra,normalizer__agglomerative__pca__ksvc__canberra,ok,,0.4985507246376812,0.028229557079064237,0.311607189691723,0.038694841392178284,0.31807720827189173,0.008715258327494922,0.6918809507320383,0.023294489894327787,0.0027213620002536723,6.343526888495178e-05,0.0010311573332728585,1.5988617543726554e-05,5.0,0.0
normalizer,agglomerative,pca,ksvc,truncated,normalizer__agglomerative__pca__ksvc__truncated,ok,,0.4783608195902049,0.02201315628903386,0.26523287251300004,0.04132470825494544,0.2781340052926944,0.012744856530050966,0.6812230827031879,0.02920282453945338,0.0030903633323760005,3.719467670636451e-05,0.000984765666241098,3.1915011888750803e-06,5.0,0.0
normalizer,agglomerative,pca,kannc,linear,normalizer__agglomerative__pca__kannc__linear,ok,,0.34562718640679657,0.05533369151907829,0.10223736774259422,0.012248950415360598,0.0,0.0,0.5779288022239216,0.07523965136340825,0.18610318133384376,0.0019564723214569083,0.1443365133327461,0.0005576339048984939,5.0,0.0
normalizer,agglomerative,pca,kannc,poly,normalizer__agglomerative__pca__kannc__poly,ok,,0.34562718640679657,0.05533369151907829,0.10223736774259422,0.012248950415360598,0.0,0.0,0.48192662616572585,0.08119507988407045,0.21856935066716687,0.007273938599419385,0.17452681999990696,0.0038612044447950667,5.0,0.0
normalizer,agglomerative,pca,kannc,rbf,normalizer__agglomerative__pca__kannc__rbf,ok,,0.4002498750624688,0.08041912799231236,0.19306306544274263,0.046965501793879115,0.18988467590318178,0.06637572476727427,0.6609161896526405,0.02157621198883218,2.0584451376659367,0.05752346022839408,1.6327136809995864,0.04552709112654549,5.0,0.0
normalizer,agglomerative,pca,kannc,hyperbolic,normalizer__agglomerative__pca__kannc__hyperbolic,ok,,0.34562718640679657,0.05533369151907829,0.10223736774259422,0.012248950415360598,0.0,0.0,0.48696889669712684,0.07651211444005586,0.2234209509994495,0.010843252108513508,0.17245860399998492,0.0008772115872896967,5.0,0.0
normalizer,agglomerative,pca,kannc,triangle,normalizer__agglomerative__pca__kannc__triangle,ok,,0.4088455772113943,0.09472106775318534,0.23078016904133647,0.04040950587395258,0.19090878512847254,0.10295797668209483,0.6076656409486203,0.012462497110275632,2.4569420836675513,0.04775148409212642,2.052934383332589,0.07069994348286245,5.0,0.0
normalizer,agglomerative,pca,kannc,radial_basic,normalizer__agglomerative__pca__kannc__radial_basic,ok,,0.385832083958021,0.08228838422873837,0.18522783836468049,0.049523164760047415,0.15317431400476816,0.08254296043887664,0.6381778617799706,0.016041264514731837,0.27729929233282746,0.019926100907250457,0.23060173600000175,0.01179372166724259,5.0,0.0
normalizer,agglomerative,pca,kannc,rquadratic,normalizer__agglomerative__pca__kannc__rquadratic,ok,,0.3829085457271364,0.09350908439904454,0.19690229395786638,0.02876293987686028,0.14376225272693208,0.11552961370797968,0.6334621789326711,0.004553001894913662,2.0651340706663177,0.014844876708873637,1.6770094816668764,0.025532658385149315,5.0,0.0
normalizer,agglomerative,pca,kannc,canberra,normalizer__agglomerative__pca__kannc__canberra,ok,,0.41754122938530736,0.09049842119214384,0.21154557084108438,0.045613888567490685,0.1893270024945866,0.11380663897860595,0.6347627751285093,0.015788060679976162,0.4010665656672548,0.002811073464251495,0.31375437600036093,0.002340657203566458,5.0,0.0
normalizer,agglomerative,pca,kannc,truncated,normalizer__agglomerative__pca__kannc__truncated,ok,,0.4088455772113943,0.09472106775318534,0.23078016904133647,0.04040950587395258,0.19090878512847254,0.10295797668209483,0.6076656409486203,0.012462497110275632,0.3174044703337131,0.006385566376731504,0.2550918863331996,0.00630386961762028,5.0,0.0
normalizer,agglomerative,pca,kridge,linear,normalizer__agglomerative__pca__kridge__linear,ok,,0.4436781609195402,0.03741374896266618,0.22738719959352624,0.01014797447434608,0.2864779510794981,0.02543265139541269,0.6866197788331805,0.02459008237164344,0.00246756133371188,0.00019785598613108994,0.0006300253335211892,1.5081209422230178e-05,5.0,0.0
normalizer,agglomerative,pca,kridge,poly,normalizer__agglomerative__pca__kridge__poly,ok,,0.36591704147926035,0.033933291085437765,0.10697865819817039,0.007156567965066323,0.0,0.0,0.6866197788331805,0.02459008237164344,0.003148226999959055,0.0009042605487945101,0.0008615140001590286,0.00025926771168915193,5.0,0.0
normalizer,agglomerative,pca,kridge,rbf,normalizer__agglomerative__pca__kridge__rbf,ok,,0.4697151424287856,0.022023166413714195,0.2602653371722116,0.03116431218245686,0.2677727428094105,0.009031063339328174,0.6753991289677953,0.031225860629898006,0.0024879703329740246,0.0001774255521695495,0.0010174846665904624,0.00021455307786679844,5.0,0.0
normalizer,agglomerative,pca,kridge,hyperbolic,normalizer__agglomerative__pca__kridge__hyperbolic,ok,,0.36591704147926035,0.033933291085437765,0.10697865819817039,0.007156567965066323,0.0,0.0,0.6866197788331805,0.02459008237164344,0.002385167666943744,0.00015759682381633178,0.0007462939999337929,4.778137745447508e-06,5.0,0.0
normalizer,agglomerative,pca,kridge,triangle,normalizer__agglomerative__pca__kridge__triangle,ok,,0.4784607696151924,0.033582390342479354,0.3096025858301743,0.04208349953178921,0.2717565702663103,0.034461873955229386,0.7195073225571355,0.01585930301816903,0.002616885999790005,0.0001628932310604113,0.0010328073331038468,2.4178794361134997e-05,5.0,0.0
normalizer,agglomerative,pca,kridge,radial_basic,normalizer__agglomerative__pca__kridge__radial_basic,ok,,0.5014742628685657,0.025958423330361705,0.2873650034071911,0.04913691512447651,0.317356565554884,0.008759327116735698,0.6861736791102547,0.03193754011093118,0.002307192333319108,0.00011763959369918724,0.0006983323334376715,4.5513039059453245e-05,5.0,0.0
normalizer,agglomerative,pca,kridge,rquadratic,normalizer__agglomerative__pca__kridge__rquadratic,ok,,0.48133433283358323,0.023967929504649505,0.2796966657991118,0.04869208777780561,0.28035109827889343,0.022747839726605934,0.695238644810869,0.028462238977908595,0.0022893750004489752,7.802533362828873e-05,0.000863668000723313,2.725423292070956e-06,5.0,0.0
normalizer,agglomerative,pca,kridge,canberra,normalizer__agglomerative__pca__kridge__canberra,ok,,0.4986256871564218,0.04202175009518365,0.3170880406232206,0.04688560355646168,0.309997878118923,0.03720659458293874,0.7181978598004135,0.014380979456308653,0.0023839490004320396,0.00014769130857785623,0.0007601373332969766,3.785301027369931e-05,5.0,0.0
normalizer,agglomerative,pca,kridge,truncated,normalizer__agglomerative__pca__kridge__truncated,ok,,0.4784607696151924,0.033582390342479354,0.3096025858301743,0.04208349953178921,0.2717565702663103,0.034461873955229386,0.7195073225571355,0.01585930301816903,0.0027353456662240205,0.00012347404811690864,0.0007344746676002009,2.4241983642959335e-05,5.0,0.0
normalizer,agglomerative,lda,ksvc,linear,normalizer__agglomerative__lda__ksvc__linear,ok,,0.6080709645177411,0.017602452278367545,0.5064159865059903,0.0388997714050138,0.48072457060613893,0.008574091181655832,0.8544781466509114,0.01514897025354297,0.0032386163335710685,0.00020394998453560182,0.0009063396664714674,2.5544313875408765e-05,5.0,0.0
normalizer,agglomerative,lda,ksvc,poly,normalizer__agglomerative__lda__ksvc__poly,ok,,0.6801349325337331,0.011607819555790459,0.6038699445203782,0.024165306344581756,0.5710155156733786,0.008579123527691359,0.8759466341580436,0.014261535245135848,0.0034849226661511543,0.0003251742574172721,0.0012062186669936636,0.0003140242480617401,5.0,0.0
normalizer,agglomerative,lda,ksvc,rbf,normalizer__agglomerative__lda__ksvc__rbf,ok,,0.5878810594702648,0.017987498964377336,0.4483333828486045,0.06184653807031262,0.45361872025313604,0.0053996647688983835,0.8541637097417186,0.006416238804370984,0.003200810666385223,0.00047774692056060304,0.001126392666871349,2.2300982277267294e-05,5.0,0.0
normalizer,agglomerative,lda,ksvc,hyperbolic,normalizer__agglomerative__lda__ksvc__hyperbolic,ok,,0.4581709145427286,0.012549152537135422,0.3434953221690027,0.014009840286625988,0.27503828429388677,0.008765252976683792,0.7462234599334779,0.037192807456502296,0.002961032999034311,0.00016120621960368157,0.0009061656667957626,3.358524303531004e-05,5.0,0.0
normalizer,agglomerative,lda,ksvc,triangle,normalizer__agglomerative__lda__ksvc__triangle,ok,,0.6598950524737631,0.012130192564133717,0.5722860946371142,0.05481272787074726,0.5451190738747337,0.01777483922112068,0.88071554796258,0.008745761484276603,0.0033225059996766504,0.00021536781922396525,0.0012483950000993598,1.3690777423137152e-05,5.0,0.0
normalizer,agglomerative,lda,ksvc,radial_basic,normalizer__agglomerative__lda__ksvc__radial_basic,ok,,0.6657171414292854,0.021290880326785788,0.5933887768501411,0.02105688548390081,0.5534547415008689,0.01682484575207415,0.884423790093317,0.015320411469900087,0.004447776333108777,9.635388376770453e-05,0.0020460773339436855,2.498329072282666e-06,5.0,0.0
normalizer,agglomerative,lda,ksvc,rquadratic,normalizer__agglomerative__lda__ksvc__rquadratic,ok,,0.6511994002998501,0.03432797758901821,0.5546792721462218,0.01704843666959761,0.5343973667935905,0.035877891475564985,0.8791185949639995,0.0038119963513153386,0.0031612350006374377,0.0002528701361046281,0.0011355503332500423,3.013014835106677e-05,5.0,0.0
normalizer,agglomerative,lda,ksvc,canberra,normalizer__agglomerative__lda__ksvc__canberra,ok,,0.5934782608695652,0.05093286213257479,0.4553075956811683,0.010130251455770681,0.45772323756602207,0.06082171832811752,0.8666863844892942,0.00799255692620686,0.005031376999492447,0.00010152432995072344,0.00260980299935909,0.00022301330025503596,5.0,0.0
normalizer,agglomerative,lda,ksvc,truncated,normalizer__agglomerative__lda__ksvc__truncated,ok,,0.599375312343828,0.021218174438927304,0.503779564562089,0.02855193124891822,0.45740885366246226,0.016916806139109834,0.8649212729016863,0.016636262139888617,0.009050311666821168,0.0020475983179124315,0.0025128913336326755,0.000144787847493334,5.0,0.0
normalizer,agglomerative,lda,kannc,linear,normalizer__agglomerative__lda__kannc__linear,ok,,0.5385307346326836,0.09420441634723213,0.41458718846728965,0.07051685021517323,0.3986439342007853,0.10176056691045325,0.8453054393369559,0.030176088542286237,0.2121094220001396,0.0034626639283246666,0.16579118533324314,0.008235095915240031,5.0,0.0
normalizer,agglomerative,lda,kannc,poly,normalizer__agglomerative__lda__kannc__poly,ok,,0.5614942528735631,0.11850513394938188,0.4414736487247888,0.0780973110758475,0.4290283963894184,0.13360204200261605,0.8498207710030788,0.041845700563357444,0.25279835666636546,0.01598382462195626,0.18464093233342282,0.004715214852679148,5.0,0.0
normalizer,agglomerative,lda,kannc,rbf,normalizer__agglomerative__lda__kannc__rbf,ok,,0.504447776111944,0.033749306652826626,0.2700523474981145,0.045402478689295395,0.32998143736138513,0.08745199460230633,0.7929103922869548,0.023237129498169484,2.1088383723326842,0.05989243556264727,1.6554835463327133,0.06893507665900545,5.0,0.0
normalizer,agglomerative,lda,kannc,hyperbolic,normalizer__agglomerative__lda__kannc__hyperbolic,ok,,0.4869815092453773,0.08884224126467719,0.3550951041265913,0.02495657142668288,0.325250385940898,0.0963197217782989,0.7839054762319148,0.06670255518689222,0.24288561033305692,0.00930844310804519,0.19119332733256064,0.004854831618771517,5.0,0.0
normalizer,agglomerative,lda,kannc,triangle,normalizer__agglomerative__lda__kannc__triangle,ok,,0.47778610694652673,0.1564123726036049,0.3292311557056739,0.10332373556296151,0.31109990770471213,0.18195768242414745,0.7975146509432859,0.06932920707056013,2.4227798280001784,0.1567670829561326,1.911060858666436,0.11535495667635019,5.0,0.0
normalizer,agglomerative,lda,kannc,radial_basic,normalizer__agglomerative__lda__kannc__radial_basic,ok,,0.5647176411794104,0.05788990991976982,0.3977704653312492,0.08739898323998657,0.42294833652726876,0.05977729942014079,0.8511520176655303,0.03156977160725189,0.2835298469999543,0.0055472704924127494,0.20697718599937312,0.0024184022345323983,5.0,0.0
normalizer,agglomerative,lda,kannc,rquadratic,normalizer__agglomerative__lda__kannc__rquadratic,ok,,0.5043978010994503,0.02801535193141743,0.2898477362634713,0.029756103167708065,0.32401509046925003,0.050483632047488305,0.8064192418890438,0.014983775157362138,1.9947482393326936,0.09619737999088702,1.5557216886669873,0.09964331466892337,5.0,0.0
normalizer,agglomerative,lda,kannc,canberra,normalizer__agglomerative__lda__kannc__canberra,ok,,0.36566716641679164,0.09803666487362543,0.1620612097051687,0.04414351150784144,0.08470443907187254,0.13159349634147438,0.7017078215675459,0.0867668108783607,0.3841077916664896,0.006177699224125668,0.31770513366670156,0.021584105568360667,5.0,0.0
normalizer,agglomerative,lda,kannc,truncated,normalizer__agglomerative__lda__kannc__truncated,ok,,0.3484257871064467,0.06950099570508972,0.16799997237726463,0.018543061571164858,0.06932379666433501,0.053074488689646586,0.6248448471014773,0.019984188573067267,0.3175422733335533,0.005051858247473154,0.2450788279996535,0.004115612364331219,5.0,0.0
normalizer,agglomerative,lda,kridge,linear,normalizer__agglomerative__lda__kridge__linear,ok,,0.5618190904547727,0.04452232324546316,0.4521171828386757,0.029664577561988047,0.41717151549375675,0.0541264271331634,0.8111363280856881,0.007020791530534709,0.002789438999267683,0.00018718466416436962,0.0006895389991162423,0.00013007647479500924,5.0,0.0
normalizer,agglomerative,lda,kridge,poly,normalizer__agglomerative__lda__kridge__poly,ok,,0.6252873563218392,0.02275745962439463,0.49864200802131764,0.03215458799969983,0.494923422056791,0.0205562539520564,0.8609194736436594,0.015594008335571041,0.0028959220004859767,0.00021212201384922385,0.0007677716669907871,0.00014839334184984813,5.0,0.0
normalizer,agglomerative,lda,kridge,rbf,normalizer__agglomerative__lda__kridge__rbf,ok,,0.6425537231384308,0.02616598784520382,0.5236277594121,0.04071502055549051,0.5192338106016235,0.02828557897505042,0.8778082719338957,0.004029367870301273,0.0029050289995211642,0.0002534846531753461,0.0010484839998146829,0.00012660033333647936,5.0,0.0
normalizer,agglomerative,lda,kridge,hyperbolic,normalizer__agglomerative__lda__kridge__hyperbolic,ok,,0.39210394802598697,0.05989817452761337,0.2997805826783733,0.06828428876465899,0.18297783057507297,0.09439255404798311,0.5996624237750053,0.05026796242709659,0.0028230030002305284,0.00015611372989248417,0.0006422990002950731,1.8499641863910143e-05,5.0,0.0
normalizer,agglomerative,lda,kridge,triangle,normalizer__agglomerative__lda__kridge__triangle,ok,,0.6685157421289355,0.027556042435216276,0.5697687906780706,0.0031638783148075426,0.557968684032828,0.02829305978060671,0.8718077017151739,0.009680123478506731,0.0030505970001589353,0.0002229610717901779,0.0010235863331521007,4.7361637042653095e-05,5.0,0.0
normalizer,agglomerative,lda,kridge,radial_basic,normalizer__agglomerative__lda__kridge__radial_basic,ok,,0.6483508245877062,0.01895558877549277,0.5577588220104714,0.040301597869429884,0.5285903713913386,0.017370469351544557,0.8808097898187318,0.006755931379338188,0.004270291333644612,0.00025883240850983514,0.0019018049994580604,8.76417567139223e-05,5.0,0.0
normalizer,agglomerative,lda,kridge,rquadratic,normalizer__agglomerative__lda__kridge__rquadratic,ok,,0.662743628185907,0.026468103716464582,0.5830284533402631,0.025526325376137523,0.548535455804923,0.027256080736096457,0.8919209455638359,0.0031465405108789817,0.0028268076669822526,0.00014586813187753074,0.0010194753334265745,0.0001516146427212248,5.0,0.0
normalizer,agglomerative,lda,kridge,canberra,normalizer__agglomerative__lda__kridge__canberra,ok,,0.6137431284357822,0.0357405028938739,0.5086912321622415,0.024836985047904627,0.47999459468729905,0.03581378878814081,0.866870502685868,0.004904262457649928,0.004788055666722357,0.000244902642228245,0.0024182306660804898,9.072175333024482e-05,5.0,0.0
normalizer,agglomerative,lda,kridge,truncated,normalizer__agglomerative__lda__kridge__truncated,ok,,0.6167166416791604,0.0035515677120644246,0.5337096742795401,0.05212364705358786,0.48278839493030684,0.0086917037361767,0.8588831172451007,0.02013648650079899,0.006661407000137842,3.5981052757293603e-05,0.0018720819995602749,5.3104185532615765e-05,5.0,0.0
