scaler,discretizer,reducer,model,kernel,config_id,status,error,accuracy_mean,accuracy_std,f1_macro_mean,f1_macro_std,mcc_mean,mcc_std,auc_ovr_macro_mean,auc_ovr_macro_std,fit_seconds_mean,fit_seconds_std,score_seconds_mean,score_seconds_std,n_classes_mean,n_classes_std
standard,uniform,pca,ksvc,linear,standard__uniform__pca__ksvc__linear,ok,,0.6994255329250344,0.01077478676127179,0.3440695510326935,0.025535853792382684,0.5211039851612268,0.01174274170239154,0.7106194789594947,0.02372039605716318,0.0027498066665430088,0.00023951057458046384,0.0007928430004540132,6.168496459902377e-05,5.0,0.0
standard,uniform,pca,ksvc,poly,standard__uniform__pca__ksvc__poly,ok,,0.6994017946161515,0.02253206967256522,0.40679975463096674,0.042576994726499486,0.5310985234092104,0.01984458098276689,0.7663098986654733,0.024144853573679997,0.0033769836663850583,0.000670307339146318,0.0007604709996182161,3.39170658593129e-05,5.0,0.0
standard,uniform,pca,ksvc,rbf,standard__uniform__pca__ksvc__rbf,ok,,0.7050277738213929,0.018584048734459145,0.35606514303019954,0.050398792589647426,0.5363332816398224,0.014491211578033432,0.7712806301556246,0.0267436122247935,0.0024824933334457455,0.00027194322617565527,0.0011842633333192982,0.00012768231828772666,5.0,0.0
standard,uniform,pca,ksvc,hyperbolic,standard__uniform__pca__ksvc__hyperbolic,ok,,0.5814461377771447,0.031092001642547534,0.304955052370712,0.03459432634468504,0.3195784556572132,0.03768695013587927,0.6463805289984184,0.04211685371725127,0.002106071334007235,0.00021431922533538328,0.000741291000546577,7.728396965191169e-07,5.0,0.0
standard,uniform,pca,ksvc,triangle,standard__uniform__pca__ksvc__triangle,ok,,0.7022266533732137,0.008591037961367346,0.38471099907327894,0.034882522043888024,0.528852660009548,0.007702494626099279,0.7808526623671285,0.014541558094498724,0.0036210389995782557,0.001313680930844079,0.0017055979994135366,0.0007097520727095317,5.0,0.0
standard,uniform,pca,ksvc,radial_basic,standard__uniform__pca__ksvc__radial_basic,ok,,0.69377581541091,0.03283741812876947,0.3938465034859137,0.04788753677833541,0.5203274099523486,0.03672368427542592,0.7679356897437234,0.031937358981729225,0.0062618609996813275,0.0009760470593030936,0.0039677770006771125,0.000858961837605872,5.0,0.0
standard,uniform,pca,ksvc,rquadratic,standard__uniform__pca__ksvc__rquadratic,ok,,0.70500403551251,0.024413070536479727,0.36029720792497627,0.057467784702053444,0.5359664882801428,0.019992427839079122,0.7820948151275093,0.023625470834511303,0.0037391343339550076,0.0009966413238822755,0.0018894816669975019,0.0005650522398912554,5.0,0.0
standard,uniform,pca,ksvc,canberra,standard__uniform__pca__ksvc__canberra,ok,,0.7134311351659308,0.02439503667968283,0.3438125166745989,0.03257442755870053,0.5645267904332889,0.021978320399229687,0.78841897367383,0.03101039389919472,0.006662211332998898,0.0011211170058676174,0.004254447333854235,0.0008345789516239297,5.0,0.0
standard,uniform,pca,ksvc,truncated,standard__uniform__pca__ksvc__truncated,ok,,0.7162322556141101,0.022835118021263097,0.36695552364849876,0.04644388481165999,0.5548833081573807,0.02336714433946006,0.7974883457563401,0.00922629033490857,0.011874920666135344,0.00027457123329403896,0.0039402949999688035,0.0003843598239335251,5.0,0.0
standard,uniform,pca,kannc,linear,standard__uniform__pca__kannc__linear,ok,,0.6797464748611309,0.0317159975320754,0.384561888758282,0.054718652279482596,0.5025650975368204,0.032450372558385156,0.7934843229595748,0.023956889901084626,0.2524109409999558,0.016284801540175458,0.18611119999998968,0.003340934173505897,5.0,0.0
standard,uniform,pca,kannc,poly,standard__uniform__pca__kannc__poly,ok,,0.6459431230119167,0.03568175004226502,0.32151783213132906,0.06979220802750327,0.3986922277511434,0.07171508557454047,0.7509390150095312,0.07867688895563034,0.288403158332585,0.034863369241587935,0.21397068000078434,0.0036043832199257994,5.0,0.0
standard,uniform,pca,kannc,rbf,standard__uniform__pca__kannc__rbf,ok,,0.5449366187152828,0.007096761882373774,0.17664978465862605,0.00592335581999031,0.10184284077222167,0.0393387121071249,0.6240197830255879,0.06732854307252636,2.111804497666526,0.033663807326208384,1.7098909966674303,0.03846215439017586,5.0,0.0
standard,uniform,pca,kannc,hyperbolic,standard__uniform__pca__kannc__hyperbolic,ok,,0.5761762332051464,0.09205203207545695,0.2596243369387683,0.06586886845069188,0.23882933908911588,0.18865819520520727,0.721919314449948,0.09947911540036551,0.2924400003333479,0.013157154893164318,0.22222631866679876,0.015601970825618938,5.0,0.0
standard,uniform,pca,kannc,triangle,standard__uniform__pca__kannc__triangle,ok,,0.5901106205193942,0.057066529196594884,0.2224985491637089,0.05406810249510506,0.2337268335804105,0.1524645215276732,0.7752669456897503,0.06902050003698121,2.5911995626665885,0.018019422393411377,2.1083013496663625,0.013129932512903194,5.0,0.0
standard,uniform,pca,kannc,radial_basic,standard__uniform__pca__kannc__radial_basic,ok,,0.6684945164506481,0.032871841258141174,0.33178676068234264,0.05421162829533743,0.44339878049449344,0.05222001826399864,0.8228892030472096,0.030609937870321412,0.33837471866657626,0.0352038972648714,0.24781959766611786,0.020490269941057578,5.0,0.0
standard,uniform,pca,kannc,rquadratic,standard__uniform__pca__kannc__rquadratic,ok,,0.5449366187152828,0.007096761882373774,0.1657474068710024,0.01731607931997688,0.08605857227723995,0.06136767250467791,0.6146006825678255,0.08041016173490204,2.17262756633257,0.016150278244529387,1.7273647533329495,0.0189837938766869,5.0,0.0
standard,uniform,pca,kannc,canberra,standard__uniform__pca__kannc__canberra,ok,,0.5365095190618621,0.013846293279507576,0.13964859887511824,0.002340459583541805,0.0,0.0,0.5287125691926026,0.03160182224631149,0.4145684073337179,0.018002895866092203,0.32503277199975855,0.008393702453694286,5.0,0.0
standard,uniform,pca,kannc,truncated,standard__uniform__pca__kannc__truncated,ok,,0.5280586810995584,0.025266817787846826,0.17338643762976824,0.037386039835458976,0.08123788148652304,0.07757942758311308,0.5910757082698845,0.006256691443511821,0.33547013700020517,0.00877390383719241,0.2610592260001188,0.0012601218905139093,5.0,0.0
standard,uniform,pca,kridge,linear,standard__uniform__pca__kridge__linear,ok,,0.6628685372454067,0.030495514386163478,0.37691082058542236,0.040898739915887876,0.4977312059580972,0.03333954416124395,0.7839352109084773,0.03174501407196608,0.001933526000357233,0.0002915212261912726,0.0004975793332657,1.5113704602211077e-05,5.0,0.0
standard,uniform,pca,kridge,poly,standard__uniform__pca__kridge__poly,ok,,0.6853724540663723,0.008631609485857308,0.3462872868783851,0.03727671510922731,0.4928695934663046,0.004468550875290127,0.8159013427410663,0.012838357623890635,0.0018761696671087218,0.00019418348847928792,0.0006153640006232308,6.600946076014775e-05,5.0,0.0
standard,uniform,pca,kridge,rbf,standard__uniform__pca__kridge__rbf,ok,,0.7022029150643307,0.0204562802182043,0.38121734945388913,0.06001258824914204,0.5248907489147757,0.016482102129162096,0.8220114519402045,0.017575256691918867,0.0018829260000832921,3.7755104047932996e-05,0.0008576293324343472,0.0001184662251820728,5.0,0.0
standard,uniform,pca,kridge,hyperbolic,standard__uniform__pca__kridge__hyperbolic,ok,,0.45268955039642983,0.14932529191937197,0.2969173635318194,0.10891771424410088,0.2530590165380225,0.14066311245152485,0.6425258433189333,0.058799835728765765,0.001725819999895369,4.8420975525908975e-05,0.0005348166669136845,3.9580847180127906e-05,5.0,0.0
standard,uniform,pca,kridge,triangle,standard__uniform__pca__kridge__triangle,ok,,0.6881735745145515,0.018609986348117204,0.42555306516651353,0.03269237283521766,0.5094739311362281,0.01765139991745334,0.8008269651793286,0.026576848031203373,0.0019618829998459355,9.281653400197191e-05,0.0010036619999785519,0.00015753573483853387,5.0,0.0
standard,uniform,pca,kridge,radial_basic,standard__uniform__pca__kridge__radial_basic,ok,,0.6966006741679722,0.007961292298290836,0.3878085130679483,0.03056388726078637,0.518187100963033,0.009471353360630826,0.8399853926625025,0.007223297251377207,0.0037374646666042586,0.0003545638481410021,0.001856872666394338,4.470833990854708e-05,5.0,0.0
standard,uniform,pca,kridge,rquadratic,standard__uniform__pca__kridge__rquadratic,ok,,0.707852632578455,0.01744114796546409,0.40531807325437086,0.04613398651888813,0.5355489171876576,0.01686439566825769,0.8455874377578669,0.0227226696194431,0.0019555743335028333,0.00013254664554197967,0.00085611366739613,6.749765903381658e-05,5.0,0.0
standard,uniform,pca,kridge,canberra,standard__uniform__pca__kridge__canberra,ok,,0.7134311351659308,0.01896653741848599,0.3555940479521113,0.04480261802386314,0.5588699859857287,0.015195261712102438,0.8410563159171881,0.015214949987150606,0.0038361493328314586,0.00027423214500062063,0.002203998666421588,3.074981443418743e-05,5.0,0.0
standard,uniform,pca,kridge,truncated,standard__uniform__pca__kridge__truncated,ok,,0.7161847789963444,0.028918132203959737,0.393486723770652,0.06843160324244503,0.5513318586594672,0.042265981936402706,0.8319820186526609,0.021623374306288717,0.006194168333119403,0.0001662280250716115,0.0018228680000902386,4.076330170327832e-05,5.0,0.0
standard,uniform,lda,ksvc,linear,standard__uniform__lda__ksvc__linear,ok,,0.7302853344727721,0.018920251237824707,0.4730721167193199,0.04337987520099996,0.5818969649089861,0.017887318910142315,0.8171300926488513,0.03155738254690827,0.0030975396663658708,0.0001434993692963739,0.0009361159997448946,5.8132580257194234e-05,5.0,0.0
standard,uniform,lda,ksvc,poly,standard__uniform__lda__ksvc__poly,ok,,0.7246593552675308,0.034344123910952075,0.4483041437892615,0.05252557133141501,0.5732754088996137,0.04482024230487095,0.8113402559287147,0.020430456757352392,0.0032516840001335368,6.423469795198781e-05,0.0009325090007526645,7.206277691933833e-05,5.0,0.0
standard,uniform,lda,ksvc,rbf,standard__uniform__lda__ksvc__rbf,ok,,0.7471157954707306,0.0422208229795449,0.44561681093810757,0.0816097156834694,0.613089089152839,0.052779371174730846,0.837698827825049,0.01678824629779947,0.002731718333355578,0.00013526138235198343,0.0013477983332753258,0.000314320160784454,5.0,0.0
standard,uniform,lda,ksvc,hyperbolic,standard__uniform__lda__ksvc__hyperbolic,ok,,0.6657408726202346,0.007356041926024362,0.38559560406656596,0.01682850838450299,0.4808393728314793,0.016069846649168874,0.7344253977040188,0.023221596253106963,0.002865755000433031,0.00047503252672042884,0.000749172667080226,2.110723641923562e-05,5.0,0.0
standard,uniform,lda,ksvc,triangle,standard__uniform__lda__ksvc__triangle,ok,,0.730309072781655,0.02502803654630077,0.4376480319112343,0.03939909205121683,0.5820840050079816,0.027601955389159022,0.857743058639464,0.010871577290186705,0.002685470666619949,2.5635612536086527e-05,0.0011563600000954466,3.0007400454301778e-05,5.0,0.0
standard,uniform,lda,ksvc,radial_basic,standard__uniform__lda__ksvc__radial_basic,ok,,0.7415135545743721,0.04059901835004994,0.46705909686200786,0.06862756912450646,0.6004532957198864,0.05381799937414269,0.8267516414382433,0.06461114899774865,0.004217119667373481,0.0002141753687045458,0.0022629780002413704,0.00032662342570638454,5.0,0.0
standard,uniform,lda,ksvc,rquadratic,standard__uniform__lda__ksvc__rquadratic,ok,,0.7442671984047856,0.05030184060598695,0.4489813616535147,0.0852657754184693,0.607346298867547,0.06870352969174813,0.845140126865323,0.022450533534149875,0.0029528609999639834,0.00023549774634196153,0.0010718050004167405,7.248847640286316e-05,5.0,0.0
standard,uniform,lda,ksvc,canberra,standard__uniform__lda__ksvc__canberra,ok,,0.7359350519868965,0.027903410227924075,0.3856078117588136,0.051030091561389684,0.5975238713699852,0.029479389408221524,0.8349012762637572,0.03062200734195936,0.004500891333009349,0.0001843676215320313,0.002620844333553881,0.00034115576892156384,5.0,0.0
standard,uniform,lda,ksvc,truncated,standard__uniform__lda__ksvc__truncated,ok,,0.7275554289512415,0.021703955413948046,0.4258599521395825,0.013110665604961585,0.5795809255732001,0.024164852912183406,0.8439381913425423,0.0274057068014312,0.007317722666509023,0.0002697234051977432,0.0023440326664664704,0.00023148768677340038,5.0,0.0
standard,uniform,lda,kannc,linear,standard__uniform__lda__kannc__linear,ok,,0.7191758059155866,0.020012731911384675,0.40883163341360196,0.0485992693861789,0.568442507038979,0.0287839019585199,0.9087079782499331,0.011961258521452614,0.21340234900041347,0.008167029966849673,0.15972372266696766,0.0021091780563356056,5.0,0.0
standard,uniform,lda,kannc,poly,standard__uniform__lda__kannc__poly,ok,,0.7303328110905379,0.01376461700640611,0.44728209005520947,0.0763802411115766,0.5770920560095284,0.008118422669893502,0.8562401955929492,0.010648131318963087,0.23768125366708168,0.0017384014414908086,0.19034198933453203,0.002865974167003563,5.0,0.0
standard,uniform,lda,kannc,rbf,standard__uniform__lda__kannc__rbf,ok,,0.6910459098893794,0.009378464787643686,0.3088957901334451,0.0037133247922576922,0.49084425105779905,0.03941838715800779,0.8146563000847596,0.02375694727584232,2.097736478332687,0.011062981637199572,1.695025015000283,0.025446396355028003,5.0,0.0
standard,uniform,lda,kannc,hyperbolic,standard__uniform__lda__kannc__hyperbolic,ok,,0.677064045957366,0.050936857609801614,0.41068285640288943,0.0572765648036858,0.5013484202305101,0.0702092525704626,0.7740000829685255,0.055186013551756286,0.23662500833294567,0.002870574234709081,0.18342725833341925,0.0013377041174967663,5.0,0.0
standard,uniform,lda,kannc,triangle,standard__uniform__lda__kannc__triangle,ok,,0.6824526420737786,0.03383755838193659,0.3241796363183865,0.058069167878740384,0.4748532333054767,0.06444555405841086,0.8207536269276651,0.049064828134484234,2.663793532333026,0.05172228379538284,2.1523759923335697,0.05833113128692751,5.0,0.0
standard,uniform,lda,kannc,radial_basic,standard__uniform__lda__kannc__radial_basic,ok,,0.7330864549209514,0.022790853534936435,0.37628357923223654,0.051624239904076163,0.5812853532310718,0.02351708422473488,0.9050139938613221,0.013678106537989482,0.2803805576677405,0.008021488950789942,0.22282639333388943,0.006838585474605113,5.0,0.0
standard,uniform,lda,kannc,rquadratic,standard__uniform__lda__kannc__rquadratic,ok,,0.7022503916820965,0.010323462754804592,0.3176308719269643,0.015927956301952914,0.514586644445315,0.01200590045019185,0.8399866572013828,0.012759197257963048,2.1205114146669075,0.0666869874272628,1.7176077970004069,0.027686486772761656,5.0,0.0
standard,uniform,lda,kannc,canberra,standard__uniform__lda__kannc__canberra,ok,,0.5365095190618621,0.013846293279507576,0.13964859887511824,0.002340459583541805,0.0,0.0,0.5558531412417075,0.05432081100087458,0.40755903033338353,0.007470577598613256,0.32706433133292495,0.0017646559295923826,5.0,0.0
standard,uniform,lda,kannc,truncated,standard__uniform__lda__kannc__truncated,ok,,0.530812324929972,0.025748986429762234,0.1948679060578374,0.019603215771222288,0.1294193865228343,0.02426374953306954,0.6039427391928275,0.03197596357703819,0.3347005179997116,0.005145411592211352,0.25823100600003573,0.0015160554413312798,5.0,0.0
standard,uniform,lda,kridge,linear,standard__uniform__lda__kridge__linear,ok,,0.6966006741679722,0.03841499463485935,0.41504071108457125,0.07750791024082616,0.5430620825172079,0.04553702169543133,0.8311592585912134,0.022776724438663756,0.0020879939990360676,8.374211108472178e-05,0.0004662229997241714,1.9139646187038395e-05,5.0,0.0
standard,uniform,lda,kridge,poly,standard__uniform__lda__kridge__poly,ok,,0.7162797322318758,0.024216705353273787,0.4012195907401685,0.05632573217929912,0.5525710810124953,0.023342492657783105,0.8654402068745298,0.009517052162310748,0.002164523333097653,9.93728584185453e-05,0.0007691306667159855,0.00026842104622032897,5.0,0.0
standard,uniform,lda,kridge,rbf,standard__uniform__lda__kridge__rbf,ok,,0.7359587902957795,0.03089022636583768,0.4437171777423175,0.065566194259861,0.5880527310067544,0.03574399369113183,0.8802498580294955,0.010556277607714002,0.002291722666389736,0.00012651824552335452,0.0008748096667356245,0.00014603647451517175,5.0,0.0
standard,uniform,lda,kridge,hyperbolic,standard__uniform__lda__kridge__hyperbolic,ok,,0.6320799506243175,0.08359747378630779,0.4385522813866174,0.07668392751458843,0.4447756563579259,0.10280926149239793,0.6938438085348203,0.04295969229720513,0.0025425843329382283,0.00026055014286355217,0.0007061106662149541,9.497183135293896e-05,5.0,0.0
standard,uniform,lda,kridge,triangle,standard__uniform__lda__kridge__triangle,ok,,0.7190571143711723,0.015121395922582067,0.44871393892143757,0.012677872934659844,0.5616460733558144,0.018388446323845977,0.8617655586988876,0.00773315261068823,0.002867495000221728,0.00020790240914797935,0.0012243226671368272,0.00029610898011538334,5.0,0.0
standard,uniform,lda,kridge,radial_basic,standard__uniform__lda__kridge__radial_basic,ok,,0.7359113136780135,0.03278065353304697,0.4689116033488335,0.05485589381260228,0.5888467114436757,0.04211872250265344,0.8874491898773753,0.003825630083781374,0.004100136000488419,0.000344158444743551,0.0019294646663183812,6.100977563026384e-05,5.0,0.0
standard,uniform,lda,kridge,rquadratic,standard__uniform__lda__kridge__rquadratic,ok,,0.741537292883255,0.0354667176751624,0.46741239230910986,0.06528330020747602,0.598626605138973,0.045174620243927086,0.888650134420196,0.007550244602241538,0.0024885509998663715,0.00024924220487945736,0.0010755949994442442,0.0001656555772536294,5.0,0.0
standard,uniform,lda,kridge,canberra,standard__uniform__lda__kridge__canberra,ok,,0.7360062669135452,0.021457409177127733,0.43175825612044855,0.04925561817494821,0.5914272855006518,0.03135825141701783,0.8815088220984538,0.015213697036104304,0.004475365666318491,0.00019111518497737638,0.0022799136665222854,4.33793880711783e-05,5.0,0.0
standard,uniform,lda,kridge,truncated,standard__uniform__lda__kridge__truncated,ok,,0.7275554289512417,0.015351658140227141,0.4540933140648949,0.017110777913892084,0.5715226945716779,0.02058181583947629,0.8671699055518459,0.02021094225502726,0.006752119999267355,0.00020689421394611845,0.002118803000485059,0.0003443355087946517,5.0,0.0
standard,kmeans,pca,ksvc,linear,standard__kmeans__pca__ksvc__linear,ok,,0.5984190286284005,0.02716685331905077,0.4764097999629892,0.04107415805194821,0.45997291969875276,0.03556871298389566,0.7649076755256113,0.009403582319291896,0.016308379999221263,0.0037387475668865604,0.0008948006658708133,5.9614259834130397e-05,5.0,0.0
standard,kmeans,pca,ksvc,poly,standard__kmeans__pca__ksvc__poly,ok,,0.6153681811707733,0.05072206181684871,0.5280569167358785,0.046512640642172566,0.4892294429150173,0.0686514243935014,0.830829429301975,0.03476246717491599,0.014089733666575436,0.006133103354222139,0.0010056686660391279,8.726635381193515e-05,5.0,0.0
standard,kmeans,pca,ksvc,rbf,standard__kmeans__pca__ksvc__rbf,ok,,0.5788111854911456,0.04366159733594058,0.41475170952415663,0.02367328032304811,0.43986754569002834,0.05791612243011804,0.8039560280018526,0.025672361178248823,0.008715232333997847,0.0010027509411096377,0.0011109799997939263,1.89531240292783e-05,5.0,0.0
standard,kmeans,pca,ksvc,hyperbolic,standard__kmeans__pca__ksvc__hyperbolic,ok,,0.46909272183449646,0.041222186820943335,0.38415368919629206,0.011476376606534232,0.3059475182713111,0.03910676476059996,0.7307293864090282,0.02068168911645581,0.007345979666448936,0.00023107198000916747,0.0008391613337153103,2.189669619982531e-05,5.0,0.0
standard,kmeans,pca,ksvc,triangle,standard__kmeans__pca__ksvc__triangle,ok,,0.601172672458814,0.03325578645886394,0.5264703238775853,0.027965464628097885,0.47565464732593393,0.036989829710119985,0.8633158479230957,0.021218970365893108,0.009380424999108072,0.0005273331977487708,0.0012794109995108254,6.307417237631246e-05,5.0,0.0
standard,kmeans,pca,ksvc,radial_basic,standard__kmeans__pca__ksvc__radial_basic,ok,,0.6125433224137112,0.048253296703992775,0.5514227641198878,0.041816492394987755,0.48380870524048997,0.060263212457759605,0.8418952638072285,0.019371153701979196,0.0105630846665008,0.0011165754139353535,0.002376771666604327,0.00018796738436616266,5.0,0.0
standard,kmeans,pca,ksvc,rquadratic,standard__kmeans__pca__ksvc__rquadratic,ok,,0.5844134263875042,0.037624598034905664,0.4433112267266484,0.04533007384013111,0.44346257738639405,0.052180929416809047,0.8294104322242312,0.027571394426073488,0.008479135332891019,0.0006388878787877977,0.0013549890002953664,0.00015629805728819388,5.0,0.0
standard,kmeans,pca,ksvc,canberra,standard__kmeans__pca__ksvc__canberra,ok,,0.5816123059393249,0.05614058358261471,0.4204555714119665,0.026591527584894907,0.4501748086927769,0.0682724327073301,0.8339467764201519,0.0059767908954541735,0.00926653733343604,0.0002171754282232246,0.002909438000036365,0.0001836150122440839,5.0,0.0
standard,kmeans,pca,ksvc,truncated,standard__kmeans__pca__ksvc__truncated,ok,,0.5845083796230356,0.0647129724540121,0.48903783314961197,0.07177638701500193,0.4479360177247176,0.078563131457884,0.844589375685518,0.007366763443821158,0.012820144333697195,0.0011418544311502204,0.0023271103333778833,0.00021211580591661792,5.0,0.0
standard,kmeans,pca,kannc,linear,standard__kmeans__pca__kannc__linear,ok,,0.4974837392584152,0.08440841288936213,0.3610542585379572,0.08515168530124279,0.32645560701596876,0.12649447260678626,0.7194328625771845,0.12839595962492245,0.2215920550000495,0.01822674583099699,0.16598287833342815,0.006861500453925323,5.0,0.0
standard,kmeans,pca,kannc,poly,standard__kmeans__pca__kannc__poly,ok,,0.5702891326021934,0.04107333885169306,0.4244582017756116,0.04425069771598945,0.42476888400747964,0.05226469957438037,0.8134193910829545,0.025199662090146638,0.2552924326676778,0.010527997023233092,0.19220463000116675,0.0069898979287901725,5.0,0.0
standard,kmeans,pca,kannc,rbf,standard__kmeans__pca__kannc__rbf,ok,,0.5142192470208422,0.04401125999706546,0.3455382536899773,0.05062857457849706,0.35045570791620556,0.05928100462051805,0.8061218261859233,0.016105265332435056,2.1755506776656452,0.03799294639961004,1.7252047053334536,0.028158002622089465,5.0,0.0
standard,kmeans,pca,kannc,hyperbolic,standard__kmeans__pca__kannc__hyperbolic,ok,,0.4915966386554622,0.02808114517613926,0.3654448370513788,0.02765823857237765,0.3158026994744963,0.03195835175717328,0.808054736462572,0.012667111576087558,0.24911885033300982,0.004054396981961163,0.1834257526673658,0.0007609780176785521,5.0,0.0
standard,kmeans,pca,kannc,triangle,standard__kmeans__pca__kannc__triangle,ok,,0.46092674357878743,0.0658566834017336,0.2940580981070537,0.08803199205421702,0.2571785003771108,0.10181381039361986,0.7450791815116465,0.08688724487094432,2.7145633230005237,0.11195168119440278,2.1473512886665653,0.00246982036600427,5.0,0.0
standard,kmeans,pca,kannc,radial_basic,standard__kmeans__pca__kannc__radial_basic,ok,,0.4579357166595452,0.022443161895494484,0.33458346785242893,0.04049128804529371,0.2812024023407002,0.03975832318861741,0.7603017764033239,0.036424220169512064,0.2861990196664313,0.000481119168718694,0.2222348179996819,0.004045302700663773,5.0,0.0
standard,kmeans,pca,kannc,rquadratic,standard__kmeans__pca__kannc__rquadratic,ok,,0.5085932678156008,0.050057570320541596,0.35292724667024017,0.08505351375853244,0.33578451142392796,0.08450204257148845,0.8116817471201125,0.03278262105859736,2.268590508666724,0.04312443399412978,1.8013879276671407,0.04082227671515747,5.0,0.0
standard,kmeans,pca,kannc,canberra,standard__kmeans__pca__kannc__canberra,ok,,0.3200636186678061,0.04713080868340127,0.15550786942689385,0.07597051653094952,0.03408123563872402,0.08509040357955866,0.5859561934746516,0.1536644942451723,0.42621684566681023,0.007412962644195531,0.32952801866607234,0.004398110962853196,5.0,0.0
standard,kmeans,pca,kannc,truncated,standard__kmeans__pca__kannc__truncated,ok,,0.5564259602145943,0.06777749048802524,0.3998315088366707,0.06372808775996348,0.4135120522820521,0.07738275099369026,0.8510462842040708,0.017409528380569715,0.35414887599957484,0.007373354432937603,0.2588587273342758,0.006022221411069952,5.0,0.0
standard,kmeans,pca,kridge,linear,standard__kmeans__pca__kridge__linear,ok,,0.5703128709110763,0.023227010314918053,0.44146914278269583,0.021900954002559953,0.4317518739517008,0.027695048427765556,0.8053813496059584,0.020060734905638023,0.007093718333635479,0.00015255844899092515,0.0005563846668034481,5.720368559536377e-05,5.0,0.0
standard,kmeans,pca,kridge,poly,standard__kmeans__pca__kridge__poly,ok,,0.5984665052461663,0.0382374127033888,0.4692938608298918,0.04489437501550173,0.460490528679538,0.05176087344467781,0.8386158240432341,0.022484034294354447,0.007088455000484828,0.0004997165661740256,0.0005453639993599305,5.4535065792254144e-05,5.0,0.0
standard,kmeans,pca,kridge,rbf,standard__kmeans__pca__kridge__rbf,ok,,0.5928405260409249,0.036385244792843024,0.4552828095309562,0.0476350641790834,0.4576434627641042,0.04726428063936344,0.8502522544708772,0.014548769629430584,0.0074777313329832396,0.00032522775865734325,0.0008251313332342155,4.1746124383370794e-05,5.0,0.0
standard,kmeans,pca,kridge,hyperbolic,standard__kmeans__pca__kridge__hyperbolic,ok,,0.38223424963205616,0.07175546964449703,0.30921099002453795,0.09104691611391778,0.20296137129641112,0.07734830895243382,0.6111380429805726,0.052327836398648214,0.007811186999485169,0.00040212151553177473,0.0005800733336703464,7.916577786183192e-05,5.0,0.0
standard,kmeans,pca,kridge,triangle,standard__kmeans__pca__kridge__triangle,ok,,0.5871195936001519,0.06260599030884452,0.5112194968393673,0.05384214356701228,0.46046106845147056,0.07467806306053502,0.8568976815353283,0.023015603713728502,0.008848339666656102,0.0017054798331953042,0.0011005063339932046,0.00026437699717879703,5.0,0.0
standard,kmeans,pca,kridge,radial_basic,standard__kmeans__pca__kridge__radial_basic,ok,,0.5871670702179177,0.030316655152007495,0.4603626151422337,0.01861445429307721,0.4499897099196654,0.029259302727402,0.8686346050914174,0.007903078883367678,0.011045869333732602,0.000735745839116533,0.0019546263338270364,9.209165651559931e-05,5.0,0.0
standard,kmeans,pca,kridge,rquadratic,standard__kmeans__pca__kridge__rquadratic,ok,,0.5983478137017518,0.019081702609532784,0.47578630338690964,0.026675769373600597,0.4652400774002607,0.017411882209616345,0.8731917746365778,0.012938619325068455,0.00909321999946163,0.0003267168694440214,0.0009329203330707969,5.635268197788253e-06,5.0,0.0
standard,kmeans,pca,kridge,canberra,standard__kmeans__pca__kridge__canberra,ok,,0.5732089445947871,0.05805168370899502,0.4602938329097898,0.05480138904490409,0.43548868405942837,0.0648982235340991,0.8592608889771333,0.006849745143289901,0.017316470333147056,0.0069648368403806005,0.003073741667321883,0.00011563955289673726,5.0,0.0
standard,kmeans,pca,kridge,truncated,standard__kmeans__pca__kridge__truncated,ok,,0.5815885676304421,0.04016460131681214,0.4857063451504701,0.030199575693666676,0.44139605697580314,0.0440561110715646,0.8574919144824801,0.015741886439903624,0.030694288666685072,0.018722111839205528,0.001890083333516183,0.00011970142317949811,5.0,0.0
standard,kmeans,lda,ksvc,linear,standard__kmeans__lda__ksvc__linear,ok,,0.6349285476902625,0.034263697752064545,0.594764241596152,0.03720344359026362,0.5166763113461724,0.04226271285335859,0.8703525529266622,0.015013204611750137,0.013631081666365693,0.0014540496832035495,0.00111882099978781,7.852920302934966e-06,5.0,0.0
standard,kmeans,lda,ksvc,poly,standard__kmeans__lda__ksvc__poly,ok,,0.6433793856525661,0.045870238855243405,0.5916502584587775,0.04946803095958314,0.5317497791273377,0.05961671981123462,0.8862068794160782,0.007501002890314131,0.013647072667178387,0.0015054903399495413,0.000921087666938547,4.323564840938011e-05,5.0,0.0
standard,kmeans,lda,ksvc,rbf,standard__kmeans__lda__ksvc__rbf,ok,,0.6349048093813797,0.045118926039959206,0.5689223703383236,0.04082204052206634,0.5197207261099349,0.057625957500139595,0.8854681538175614,0.0038852770486984462,0.010141647332905753,0.0030686716323543345,0.001369623333933608,0.0003251488945245391,5.0,0.0
standard,kmeans,lda,ksvc,hyperbolic,standard__kmeans__lda__ksvc__hyperbolic,ok,,0.4830271091487442,0.030721370623736352,0.4088558384401959,0.03188537082329173,0.32596641399692317,0.050657618031307916,0.7575983977282309,0.036635367218243044,0.008519849666602871,0.0009356436903214226,0.0009818363329638184,0.00026876801360174436,5.0,0.0
standard,kmeans,lda,ksvc,triangle,standard__kmeans__lda__ksvc__triangle,ok,,0.6293500451027868,0.0439886684584165,0.5712865083621136,0.042847591276903955,0.5108750227507656,0.055458869869212044,0.8897116499932216,0.002772715470106035,0.007838819666479443,0.00018827653921066968,0.0013557333337909465,0.00027270096874785354,5.0,0.0
standard,kmeans,lda,ksvc,radial_basic,standard__kmeans__lda__ksvc__radial_basic,ok,,0.626477709727959,0.03305942839962597,0.5813850518406551,0.03357203583746426,0.5079013957254601,0.039726773072163914,0.8878640692177376,0.015688793483446005,0.009137114000016785,0.00047658660635998315,0.0021316903330443893,5.835611340828747e-05,5.0,0.0
standard,kmeans,lda,ksvc,rquadratic,standard__kmeans__lda__ksvc__rquadratic,ok,,0.6490291031666904,0.05152170128543025,0.5813845713794271,0.07175929198601279,0.5401419223087655,0.06757187490445628,0.8935149940626328,0.0036989005974583326,0.007393537000098149,0.00019430240783330138,0.00106213333371367,4.006288728584787e-05,5.0,0.0
standard,kmeans,lda,ksvc,canberra,standard__kmeans__lda__ksvc__canberra,ok,,0.5870721169823861,0.03434599433525247,0.4927148752308022,0.04851075221614194,0.45381798806283674,0.03598613019135552,0.8784829233766925,0.003138566118250807,0.010506964332914018,0.0007933525294041686,0.002626975667226361,0.00013933452255690098,5.0,0.0
standard,kmeans,lda,ksvc,truncated,standard__kmeans__lda__ksvc__truncated,ok,,0.5900156672838627,0.04019151577122897,0.5168495524959176,0.04574355267902063,0.45379614699625875,0.047556332065404536,0.8727241352509116,0.012581950600841368,0.012806178000270544,0.0006451292165477942,0.0023451643325339924,0.00014572678879368786,5.0,0.0
standard,kmeans,lda,kannc,linear,standard__kmeans__lda__kannc__linear,ok,,0.5928642643498078,0.04437396688731603,0.46996723073181634,0.039038154348262945,0.4613887220412723,0.05358288418031534,0.8844710422825389,0.013068224874438723,0.22356012333390632,0.003913194230517326,0.16243616433287875,0.007536769041272833,5.0,0.0
standard,kmeans,lda,kannc,poly,standard__kmeans__lda__kannc__poly,ok,,0.6181693016189527,0.04839689894832972,0.4770251532971576,0.08110527175805012,0.49676538517831137,0.060988411372379835,0.8898375141755576,0.002949501670516306,0.25068791033360566,0.0024049316247172358,0.19944218533297922,0.004817694944771669,5.0,0.0
standard,kmeans,lda,kannc,rbf,standard__kmeans__lda__kannc__rbf,ok,,0.5731852062859043,0.038749006568915785,0.40402393212826704,0.07139566043405739,0.4407995033909137,0.046520373903263405,0.8269476170004563,0.06949615749956652,2.1311499569995553,0.062162749497333955,1.7378546253342695,0.025202203071222173,5.0,0.0
standard,kmeans,lda,kannc,hyperbolic,standard__kmeans__lda__kannc__hyperbolic,ok,,0.5901580971371599,0.06816844650708025,0.4844811882483954,0.09298732235898616,0.46264542834725964,0.08428624545172692,0.8208196613072051,0.05581829401928849,0.2572280193338277,0.0025384011672009766,0.19299562566690534,0.004033650859618196,5.0,0.0
standard,kmeans,lda,kannc,triangle,standard__kmeans__lda__kannc__triangle,ok,,0.5844371646963871,0.04434204268618551,0.4346115441858196,0.04576676295766465,0.4527818120323282,0.05044875391960687,0.883893024193407,0.017807228298043522,2.615502316334338,0.041599041557725695,2.088313273667154,0.01842010244696066,5.0,0.0
standard,kmeans,lda,kannc,radial_basic,standard__kmeans__lda__kannc__radial_basic,ok,,0.5620519394198358,0.07104633544032855,0.4173897531803326,0.09257372594424688,0.4292417720004493,0.09355309254934753,0.8357473283940088,0.04440613580917479,0.288722357666605,0.007135054866812704,0.22181830699992133,0.0018975328743158178,5.0,0.0
standard,kmeans,lda,kannc,rquadratic,standard__kmeans__lda__kannc__rquadratic,ok,,0.6012438873854626,0.031048691683132363,0.4357634276606331,0.03665235378403584,0.48115892078944267,0.03897421679235978,0.8401566268049518,0.05737890532831106,2.133171630667372,0.03690720001454881,1.7318199206668698,0.014600295891842682,5.0,0.0
standard,kmeans,lda,kannc,canberra,standard__kmeans__lda__kannc__canberra,ok,,0.4324170346104544,0.09863251058226656,0.23222460818786303,0.09305865020242966,0.2251700298563971,0.152453273743644,0.8083231658579298,0.07744808787745047,0.4260710149998583,0.008026541042642,0.3293971893332734,0.0021656551168187338,5.0,0.0
standard,kmeans,lda,kannc,truncated,standard__kmeans__lda__kannc__truncated,ok,,0.5087831742866639,0.10887462473775406,0.3509400788946129,0.14924783296202887,0.32789728373497773,0.15603111625295887,0.8112458382676051,0.07358411528990728,0.35127930466660473,0.01444755347716523,0.2666611076668535,0.010037054992558218,5.0,0.0
standard,kmeans,lda,kridge,linear,standard__kmeans__lda__kridge__linear,ok,,0.6068461282818212,0.03802589604510002,0.5175675798509013,0.03230920872620067,0.48220381912649307,0.04636414748251488,0.8372787750477784,0.014999372213996044,0.00867216333305502,0.00016166439883594366,0.0005376463335172351,1.2115508371932861e-05,5.0,0.0
standard,kmeans,lda,kridge,poly,standard__kmeans__lda__kridge__poly,ok,,0.6040450078336419,0.03309300759859355,0.47968892672263896,0.013854878527318646,0.4737040615441,0.04279289543775526,0.8762725173412624,0.00977455490646711,0.00857946700004201,0.00021667997326894032,0.0005539670000871411,1.5468897497496465e-05,5.0,0.0
standard,kmeans,lda,kridge,rbf,standard__kmeans__lda__kridge__rbf,ok,,0.6012913640032284,0.05441060673706169,0.4922306593317977,0.04555241918294052,0.47198695384561784,0.06960648686123176,0.8912054659682696,0.0018262663010989385,0.00947351233359465,0.00027853570469598635,0.00091861266628257,1.2256746145431242e-05,5.0,0.0
standard,kmeans,lda,kridge,hyperbolic,standard__kmeans__lda__kridge__hyperbolic,ok,,0.48032094193609653,0.031141983342166134,0.45384370721519124,0.010143786748354486,0.34036185786679424,0.04369575105940574,0.7028978879126813,0.012438085683551764,0.00880178100002619,0.0003264737954430577,0.0006145890001789667,1.4764836184614376e-05,5.0,0.0
standard,kmeans,lda,kridge,triangle,standard__kmeans__lda__kridge__triangle,ok,,0.6321511655509662,0.04973533189114481,0.5704388143322686,0.05026481753763724,0.516499731835861,0.0626375758767994,0.8870375850722224,0.012019301125920855,0.009316552666859934,0.0006236535236916948,0.001070532334172943,4.4844034334167074e-05,5.0,0.0
standard,kmeans,lda,kridge,radial_basic,standard__kmeans__lda__kridge__radial_basic,ok,,0.6040924844514076,0.050729871340543964,0.5456415281839776,0.050497307824151204,0.4781928944491307,0.06367103819721037,0.8965090255929201,0.002781609789711276,0.015931400666886475,0.00377413763994022,0.0022283146669603107,0.0005556585792344443,5.0,0.0
standard,kmeans,lda,kridge,rquadratic,standard__kmeans__lda__kridge__rquadratic,ok,,0.6208992071404833,0.04192897706295542,0.5727631824210465,0.05190434355755908,0.5008453034783666,0.05346852458260137,0.9005877166847601,0.005866810553319585,0.008890018666837326,0.0007592197619968678,0.0009028363335043347,5.120139317992545e-05,5.0,0.0
standard,kmeans,lda,kridge,canberra,standard__kmeans__lda__kridge__canberra,ok,,0.5984190286284005,0.03338651158759784,0.5268597874728372,0.051174609531854987,0.46838217707469854,0.035859446296662316,0.8893818322356113,0.0046281745092353966,0.011780006333234875,0.001479657729742589,0.0024194900003446187,0.0002560446997183272,5.0,0.0
standard,kmeans,lda,kridge,truncated,standard__kmeans__lda__kridge__truncated,ok,,0.5760100650429664,0.05028238927273241,0.5116195487519754,0.04977370218440476,0.43694764630113264,0.05945501315518292,0.8681940897755139,0.014712833370588695,0.013254379666250315,0.0005899356073236889,0.0017581413327813304,3.039866369640212e-05,5.0,0.0
standard,dbscan,pca,ksvc,linear,standard__dbscan__pca__ksvc__linear,ok,,0.699496747851683,0.014737685844414096,0.3886160773671748,0.06100209144436499,0.5284571846391198,0.011733082225759493,0.7430355978508242,0.02896358709419177,0.009459883000090485,0.00010639066387734019,0.0007537213326334798,7.279713663877236e-05,4.666666666666667,0.4714045207910317
standard,dbscan,pca,ksvc,poly,standard__dbscan__pca__ksvc__poly,ok,,0.7024165598442768,0.044789200645998214,0.4646757988006456,0.07518328651780982,0.5340290865065987,0.06330151152241616,0.8113823430010313,0.06256256109397638,0.009557980333435504,5.1962811687462674e-05,0.0007780183338278827,3.7024000644710295e-05,4.666666666666667,0.4714045207910317
standard,dbscan,pca,ksvc,rbf,standard__dbscan__pca__ksvc__rbf,ok,,0.699496747851683,0.014737685844414096,0.3757083297336646,0.05514890673170887,0.527699587024738,0.006574027414494477,0.8185325445654694,0.023228918796638263,0.008979640665832752,0.00022849889479135052,0.0010089413329599968,2.5534633542514447e-05,4.666666666666667,0.4714045207910317
standard,dbscan,pca,ksvc,hyperbolic,standard__dbscan__pca__ksvc__hyperbolic,ok,,0.5281061577173243,0.02436135780915661,0.2740523160827707,0.010900868457906356,0.2375254080166167,0.0577156132391751,0.6694533920646802,0.055096302562754725,0.00928675899922382,0.000491568714744258,0.0007893393340054899,4.7747671522176084e-05,4.666666666666667,0.4714045207910317
standard,dbscan,pca,ksvc,triangle,standard__dbscan__pca__ksvc__triangle,ok,,0.6881973128234344,0.020621391183240606,0.4172453752137182,0.03319351779742669,0.5118180955894936,0.03760018122900134,0.8149994322495407,0.038476784315381124,0.009594332999768085,0.00026671222051765514,0.001613729000382591,0.0005212563291974534,4.666666666666667,0.4714045207910317
standard,dbscan,pca,ksvc,radial_basic,standard__dbscan__pca__ksvc__radial_basic,ok,,0.7164696387029389,0.05431296021946148,0.49421152373066946,0.10912891231472177,0.5570217889089686,0.0741021300309089,0.8122049338876188,0.047849753664267726,0.010421070333298607,1.2168731367640963e-05,0.001970362667028288,5.7287354300518064e-05,4.666666666666667,0.4714045207910317
standard,dbscan,pca,ksvc,rquadratic,standard__dbscan__pca__ksvc__rquadratic,ok,,0.6966244124768551,0.006966940902231655,0.4031664281309671,0.018046342714668893,0.5211194762340605,0.02347941392806593,0.8228999991106157,0.025299387995704227,0.008665861666789473,4.343316568018439e-05,0.0010588236667293434,8.738981980107209e-05,4.666666666666667,0.4714045207910317
standard,dbscan,pca,ksvc,canberra,standard__dbscan__pca__ksvc__canberra,ok,,0.7107724445710488,0.024978567138211366,0.380730792180384,0.07459955032070399,0.5619363485479077,0.025825252427707637,0.8279264570834751,0.049024479334131586,0.011134544999246524,0.0002826092564795073,0.002405993333013612,9.297577759698593e-05,4.666666666666667,0.4714045207910317
standard,dbscan,pca,ksvc,truncated,standard__dbscan__pca__ksvc__truncated,ok,,0.7135023500925795,0.005927831707365704,0.4272119680142297,0.029576267810583052,0.5488627859346091,0.013516702381948863,0.8269675887995461,0.020990520150903542,0.013342887999897357,0.00019404795907507238,0.002063103000182309,1.1878747870797245e-05,4.666666666666667,0.4714045207910317
standard,dbscan,pca,kannc,linear,standard__dbscan__pca__kannc__linear,ok,,0.660138631723876,0.009529741070544424,0.3942462883789915,0.03272620057614753,0.4831789440385701,0.02124675885691916,0.812005742590466,0.051611390387523576,0.22180393266656515,0.011634211098296173,0.16867164899971007,0.00481426298664046,4.666666666666667,0.4714045207910317
standard,dbscan,pca,kannc,poly,standard__dbscan__pca__kannc__poly,ok,,0.677253952428429,0.07314046865249176,0.41215813750252495,0.13929685191791674,0.46881471280728787,0.11657974245885085,0.8312127131368999,0.04671361302933477,0.26094387566687754,0.006654840099065034,0.18451484766652962,0.0026636048765538776,4.666666666666667,0.4714045207910317
standard,dbscan,pca,kannc,rbf,standard__dbscan__pca__kannc__rbf,ok,,0.5224801785120828,0.0020814043789377586,0.2245136476999706,0.06593744318072699,0.13352906459704303,0.0697049979249491,0.6120431188215844,0.0805958514641339,2.1998676310001124,0.020487658870727784,1.7608571876668673,0.030589025430845098,4.666666666666667,0.4714045207910317
standard,dbscan,pca,kannc,hyperbolic,standard__dbscan__pca__kannc__hyperbolic,ok,,0.5562123154346484,0.01315380800689161,0.2905418996359432,0.02603190412954225,0.2129615886850432,0.03360003622264268,0.6874973478005416,0.08228581512981133,0.24559162966700873,0.0036229300252914693,0.19054938166785482,0.002446497513094949,4.666666666666667,0.4714045207910317
standard,dbscan,pca,kannc,triangle,standard__dbscan__pca__kannc__triangle,ok,,0.5646868917058349,0.02046578169551908,0.25843665548882916,0.06752093685037927,0.22545296309780882,0.04782245771394179,0.7076030991033911,0.055249540316169764,2.684873390999807,0.05973414105403203,2.18945086266649,0.04856658647724244,4.666666666666667,0.4714045207910317
standard,dbscan,pca,kannc,radial_basic,standard__dbscan__pca__kannc__radial_basic,ok,,0.6461567677918625,0.0235158354363437,0.33002364805094764,0.059452383735078856,0.4038535898767804,0.024929550442713225,0.8149329893579825,0.055864167833447775,0.2944888033337823,0.0030508180236533534,0.22393100799975704,0.0019848182136850616,4.666666666666667,0.4714045207910317
standard,dbscan,pca,kannc,rquadratic,standard__dbscan__pca__kannc__rquadratic,ok,,0.5394530693633385,0.032209989894900794,0.18886376272816952,0.0618710868061111,0.061536232864002616,0.046391374399829,0.5985046133631821,0.08105613815842246,2.2521139513337403,0.037004708400234156,1.7680386799996388,0.01295346036620148,4.666666666666667,0.4714045207910317
standard,dbscan,pca,kannc,canberra,standard__dbscan__pca__kannc__canberra,ok,,0.4999050467644685,0.02414751978503592,0.17252723360918196,0.051256222615914365,0.031724306303053736,0.044864944230656865,0.5451211824590607,0.0483065015859215,0.4310980326675538,0.009519898257182063,0.334383142666411,0.004387955075903622,4.666666666666667,0.4714045207910317
standard,dbscan,pca,kannc,truncated,standard__dbscan__pca__kannc__truncated,ok,,0.5280586810995584,0.008572060780773388,0.22107905019630433,0.06823477369206403,0.16051530773266173,0.0489924581229469,0.6226619804695125,0.04320329283035585,0.3387177466671953,0.009411891427811526,0.26941401000052184,0.00776942450312323,4.666666666666667,0.4714045207910317
standard,dbscan,pca,kridge,linear,standard__dbscan__pca__kridge__linear,ok,,0.6602573232682903,0.037915303732201595,0.42674580051352917,0.07594351705567626,0.5018522408051583,0.05108124358725765,0.8293062713923814,0.036180555689471615,0.008621079333048934,0.00019662056877253758,0.0005068536671994176,2.6331792265383095e-05,4.666666666666667,0.4714045207910317
standard,dbscan,pca,kridge,poly,standard__dbscan__pca__kridge__poly,ok,,0.6996154393960975,0.045787598183292276,0.4464676200297351,0.1235805594160383,0.5120027256914051,0.055544772199085025,0.8438671475791256,0.0346789755014607,0.009950429000430935,0.0008116591789416661,0.0005853470004997993,0.00012021553745412088,4.666666666666667,0.4714045207910317
standard,dbscan,pca,kridge,rbf,standard__dbscan__pca__kridge__rbf,ok,,0.6996391777049804,0.052419615010297314,0.45159378071170897,0.12121738116952127,0.520026492207864,0.06661022463715399,0.8480203609051279,0.03012776018217156,0.011764744000781016,0.0014805692661508407,0.0008430690001356803,3.351901664474219e-05,4.666666666666667,0.4714045207910317
standard,dbscan,pca,kridge,hyperbolic,standard__dbscan__pca__kridge__hyperbolic,ok,,0.5396904524521673,0.10522488937053835,0.3770173853161003,0.12314361707206462,0.32215063242205627,0.10920855323065096,0.6337025886976618,0.07427708141021204,0.008710088666703086,0.00015552056614707914,0.0005630076666420791,3.797960356319618e-05,4.666666666666667,0.4714045207910317
standard,dbscan,pca,kridge,triangle,standard__dbscan__pca__kridge__triangle,ok,,0.6770165693396003,0.01631276136537494,0.4200974178170396,0.0487241335397896,0.4847728006069778,0.016949741805788822,0.8222954110677634,0.04027713153245142,0.009101599332401141,0.0003553110600987961,0.001110782665515823,9.364629678606863e-05,4.666666666666667,0.4714045207910317
standard,dbscan,pca,kridge,radial_basic,standard__dbscan__pca__kridge__radial_basic,ok,,0.7023928215353937,0.04047418559680846,0.47223596104056664,0.08988057279343789,0.5232895132729126,0.047239572460056695,0.8597121508159278,0.027687179506122744,0.011560063333187523,0.001599030061670381,0.0020894266666194503,0.00034750856630920136,4.666666666666667,0.4714045207910317
standard,dbscan,pca,kridge,rquadratic,standard__dbscan__pca__kridge__rquadratic,ok,,0.702345344917628,0.030078807344946914,0.45997601457810644,0.07861556710702582,0.524472091963858,0.0378501519868545,0.8614445377813893,0.03201300677448046,0.00843836033345724,0.00017674967594635856,0.0008051396665299156,7.177339618154752e-05,4.666666666666667,0.4714045207910317
standard,dbscan,pca,kridge,canberra,standard__dbscan__pca__kridge__canberra,ok,,0.7135735650192281,0.026577832975531193,0.4575342956578588,0.07338752129534891,0.5518595743579005,0.030881580410858034,0.8664801667987811,0.025367732149477913,0.01039040233384488,0.0002880010179080411,0.002317701999345445,0.0001292893915541392,4.666666666666667,0.4714045207910317
standard,dbscan,pca,kridge,truncated,standard__dbscan__pca__kridge__truncated,ok,,0.6939419835730902,0.033582064645299996,0.4228692427078528,0.06279410279722043,0.5102680318320384,0.03564031550747601,0.8491124439129948,0.030764604194535798,0.01404273366703516,0.0010258717612847644,0.0019856786657328485,0.00012261116522007637,4.666666666666667,0.4714045207910317
standard,dbscan,lda,ksvc,linear,standard__dbscan__lda__ksvc__linear,ok,,0.7641599012486351,0.0336401068732842,0.5340880013659127,0.0754923362434555,0.6308153457428003,0.033878861471873606,0.8484253596416081,0.018487979135502874,0.011377204333257396,0.0001590604749797996,0.000818428000153896,0.00010454215432440622,4.666666666666667,0.4714045207910317
standard,dbscan,lda,ksvc,poly,standard__dbscan__lda__ksvc__poly,ok,,0.7613587808004558,0.033827365021609594,0.5391160530861424,0.061644528709176166,0.626460682110939,0.03756958932385843,0.8469222357124556,0.02600342384142047,0.010244880999986586,0.001030023713109791,0.000886314332698627,0.0002626341922008211,4.666666666666667,0.4714045207910317
standard,dbscan,lda,ksvc,rbf,standard__dbscan__lda__ksvc__rbf,ok,,0.7585339220433936,0.03389098997059417,0.48081626511310666,0.06628705647774295,0.6307772333412742,0.04392902555525092,0.8461781950756202,0.03197256453302581,0.008851602666254621,0.00010304371754519462,0.0009577136667455003,3.0221121611489746e-05,4.666666666666667,0.4714045207910317
standard,dbscan,lda,ksvc,hyperbolic,standard__dbscan__lda__ksvc__hyperbolic,ok,,0.6826662868537245,0.023069239832187637,0.40904049821026894,0.04969151823376216,0.5017735532678453,0.012671194672421088,0.7151645013098468,0.03400484795104747,0.00866954866736099,0.00013177651892363527,0.0006862056664734458,2.7570287631498198e-05,4.666666666666667,0.4714045207910317
standard,dbscan,lda,ksvc,triangle,standard__dbscan__lda__ksvc__triangle,ok,,0.7613350424915729,0.03462468138733092,0.5030169149753821,0.06902736925066147,0.6285513533110052,0.04200154462642808,0.8759242519752112,0.008554873891994974,0.009434384000390613,0.00022395958215871476,0.0010819076663513745,3.4924729125434054e-05,4.666666666666667,0.4714045207910317
standard,dbscan,lda,ksvc,radial_basic,standard__dbscan__lda__ksvc__radial_basic,ok,,0.7613825191093387,0.044021706582741196,0.5198437264969633,0.09747585197627351,0.6265249345283366,0.055088909079953056,0.8249474370524853,0.06088214237383538,0.010065077666998453,0.0001565028118756063,0.0018208076665663004,0.0001595243262656052,4.666666666666667,0.4714045207910317
standard,dbscan,lda,ksvc,rquadratic,standard__dbscan__lda__ksvc__rquadratic,ok,,0.7613825191093387,0.044021706582741196,0.486024983782098,0.07590379016523162,0.6351510358205202,0.06066564397107702,0.8556177174969263,0.03616379750587943,0.009987984000569364,0.001542052034936896,0.0010830599997764996,0.00016745026713489852,4.666666666666667,0.4714045207910317
standard,dbscan,lda,ksvc,canberra,standard__dbscan__lda__ksvc__canberra,ok,,0.7500830840810901,0.031845381535107964,0.4694829299392001,0.07684097121214524,0.6180294096552319,0.035582675858555894,0.8707636403336872,0.0351610725473779,0.011292171666354989,0.0004159817139335997,0.002529095333860217,0.00011578300386637898,4.666666666666667,0.4714045207910317
standard,dbscan,lda,ksvc,truncated,standard__dbscan__lda__ksvc__truncated,ok,,0.7528604662203865,0.016548274615205073,0.4966348024800898,0.03777727773710475,0.612234291404535,0.013674195987664419,0.8530195061583937,0.030090516563455284,0.013566495333482939,0.0007952214607677096,0.0019440396669475983,0.00015214961998740175,4.666666666666667,0.4714045207910317
standard,dbscan,lda,kannc,linear,standard__dbscan__lda__kannc__linear,ok,,0.707876370887338,0.02758975695070908,0.42247098301573577,0.03864237249490979,0.5528401913685108,0.040735225820610475,0.8948223162080199,0.013819978426037306,0.2176128126666299,0.01062756465590337,0.16536395733298073,0.007074736350613411,4.666666666666667,0.4714045207910317
standard,dbscan,lda,kannc,poly,standard__dbscan__lda__kannc__poly,ok,,0.7417984142809666,0.064592483725005,0.5112051066789932,0.15862281854897103,0.6000597385256562,0.0885169602270196,0.857391997746498,0.08368306197404095,0.2645034406668856,0.011478346485724699,0.18704550633325803,0.0032337602402391034,4.666666666666667,0.4714045207910317
standard,dbscan,lda,kannc,rbf,standard__dbscan__lda__kannc__rbf,ok,,0.6769928310307174,0.009576458659048956,0.3317765382214441,0.039505182664757554,0.47050104502237194,0.017555495865931525,0.8488600808765291,0.03022256026209283,2.2240767019993655,0.05069333499215918,1.767679217332746,0.04445132020499993,4.666666666666667,0.4714045207910317
standard,dbscan,lda,kannc,hyperbolic,standard__dbscan__lda__kannc__hyperbolic,ok,,0.7107724445710488,0.03447985892333541,0.40485789047679127,0.059264003620647314,0.553599168276035,0.041766412402781186,0.7856482230464182,0.10527221751097689,0.251885498667131,0.008033709876743646,0.19250850333385947,0.0031794711992836114,4.666666666666667,0.4714045207910317
standard,dbscan,lda,kannc,triangle,standard__dbscan__lda__kannc__triangle,ok,,0.6883397426767317,0.03528526943562605,0.40396632440392954,0.05246601010626069,0.5006135438550173,0.060215574327218614,0.8256991572339015,0.0719652087412211,2.5713557803331546,0.0468507741579128,2.0315178706672063,0.054792437440711945,4.666666666666667,0.4714045207910317
standard,dbscan,lda,kannc,radial_basic,standard__dbscan__lda__kannc__radial_basic,ok,,0.7304515026349523,0.03750158473220671,0.43556369123788374,0.09379051887314295,0.570991284685861,0.05722960864606934,0.8902437349107141,0.03824373696878738,0.3116175653334115,0.00562510744600664,0.23152964600012638,0.006927835276249803,4.666666666666667,0.4714045207910317
standard,dbscan,lda,kannc,rquadratic,standard__dbscan__lda__kannc__rquadratic,ok,,0.6770403076484831,0.019855133645127004,0.3400732368718273,0.06060010837592915,0.46079492030597596,0.017804391841254825,0.8493509103726606,0.016302047169915172,2.0872566506671624,0.0300846441395456,1.6819202150005974,0.026217714142522337,4.666666666666667,0.4714045207910317
standard,dbscan,lda,kannc,canberra,standard__dbscan__lda__kannc__canberra,ok,,0.5422779281204007,0.03618472089014007,0.1529141143023828,0.02352317591817047,0.0,0.0,0.5958269067339578,0.05285539706457992,0.41837719466699735,0.005079020189567706,0.33311129233334213,0.007429529602593523,4.666666666666667,0.4714045207910317
standard,dbscan,lda,kannc,truncated,standard__dbscan__lda__kannc__truncated,ok,,0.5648055832502492,0.050522494365325896,0.2098463212388683,0.07214868966506152,0.16074345474129528,0.09786942344667815,0.6829686777329753,0.06826577061739734,0.3446820200000123,0.01040758821304303,0.257652399000411,0.0054464772647709655,4.666666666666667,0.4714045207910317
standard,dbscan,lda,kridge,linear,standard__dbscan__lda__kridge__linear,ok,,0.7220718795992974,0.05110358965692157,0.48574696751106544,0.09979317868558339,0.577799867683501,0.05896124966376303,0.8483454456953767,0.03669068606109332,0.009258839666169175,0.00035117137433083077,0.0004980766674028322,5.096791956976182e-05,4.666666666666667,0.4714045207910317
standard,dbscan,lda,kridge,poly,standard__dbscan__lda__kridge__poly,ok,,0.7472819636329108,0.035741348887359956,0.5079570758204991,0.07221526712391621,0.5999925687643239,0.04604937022300945,0.8802182200739672,0.01948288716773137,0.008701923333622593,0.00012376677768025185,0.0004574860013235593,9.574910205048697e-06,4.666666666666667,0.4714045207910317
standard,dbscan,lda,kridge,rbf,standard__dbscan__lda__kridge__rbf,ok,,0.7501542990077387,0.04395879754578946,0.4977559676000031,0.10777865256495026,0.6064228995466067,0.05296077345664311,0.8833235551290057,0.025188995338834803,0.008523733666152111,0.00021572879946621658,0.0007365656668601636,6.263701651658919e-06,4.666666666666667,0.4714045207910317
standard,dbscan,lda,kridge,hyperbolic,standard__dbscan__lda__kridge__hyperbolic,ok,,0.5253762521957935,0.08906200973243206,0.3410030960704695,0.0648596931724176,0.35120436132703564,0.05792659847769766,0.6513881483944345,0.0964718869838127,0.009381944666529307,0.0004816077848343647,0.0004940393331101708,9.815832465567873e-06,4.666666666666667,0.4714045207910317
standard,dbscan,lda,kridge,triangle,standard__dbscan__lda__kridge__triangle,ok,,0.7557328015952144,0.030682312916328357,0.5454790269114712,0.06443677373292228,0.6189872884564604,0.03319754553036845,0.8843380202749161,0.023496468798810368,0.00997390666634601,0.00011496348921842258,0.0008933279993167768,1.755461573040996e-05,4.666666666666667,0.4714045207910317
standard,dbscan,lda,kridge,radial_basic,standard__dbscan__lda__kridge__radial_basic,ok,,0.7614062574182215,0.0549071651474963,0.5272394843701732,0.11695541473155296,0.6286594770439633,0.07287160223660412,0.8933226252061982,0.01472090341442987,0.010856788333209503,0.0003665509800604026,0.0016256956666135618,0.00013987532242689042,4.666666666666667,0.4714045207910317
standard,dbscan,lda,kridge,rquadratic,standard__dbscan__lda__kridge__rquadratic,ok,,0.7613587808004558,0.04134274397521521,0.5270783912546434,0.09205316877047877,0.6266312789642869,0.05255128090279827,0.8994225625266677,0.018167439715288405,0.009283349666778426,0.00012411624901252004,0.0007324673339705138,8.869024264504449e-06,4.666666666666667,0.4714045207910317
standard,dbscan,lda,kridge,canberra,standard__dbscan__lda__kridge__canberra,ok,,0.7556615866685658,0.017573308293306396,0.49238348484314015,0.041551776417945954,0.6249520354275734,0.016416953711062023,0.8888014354926943,0.03129462614991802,0.011260775666717867,0.0006721074552711701,0.002143309666280402,0.00015849027385863744,4.666666666666667,0.4714045207910317
standard,dbscan,lda,kridge,truncated,standard__dbscan__lda__kridge__truncated,ok,,0.7472819636329109,0.0266929235040489,0.4985857614724007,0.033572681940354,0.603403305051711,0.02871642415882912,0.8763884063006814,0.02735843360486532,0.012735840000459575,0.0002868693241890418,0.0017479783339998296,0.0001274242416916825,4.666666666666667,0.4714045207910317
standard,agglomerative,pca,ksvc,linear,standard__agglomerative__pca__ksvc__linear,ok,,0.6824289037648957,0.042706530590479685,0.4351147949823648,0.04639629243864347,0.5205229180144454,0.015561173089649476,0.7770180594614843,0.030226930219560154,0.0033429416671424406,0.00012569624668976216,0.0007845033330037646,4.87545795954058e-05,5.0,0.0
standard,agglomerative,pca,ksvc,poly,standard__agglomerative__pca__ksvc__poly,ok,,0.6881973128234344,0.0012421284196886828,0.49812295461909306,0.09516722674510307,0.5318902046068529,0.04706623273176545,0.8352279811982082,0.03228462731218594,0.0033865349996631267,8.099821507490066e-05,0.000815636334057975,4.9415593883293576e-05,5.0,0.0
standard,agglomerative,pca,ksvc,rbf,standard__agglomerative__pca__ksvc__rbf,ok,,0.6571950814223996,0.036328936050078434,0.3917923693935991,0.04035478016198649,0.4898306801390711,0.0147823609958725,0.8172566793238202,0.025395418237381055,0.002995702666642804,0.0002239053398830902,0.0011446473333004785,5.023735703878484e-05,5.0,0.0
standard,agglomerative,pca,ksvc,hyperbolic,standard__agglomerative__pca__ksvc__hyperbolic,ok,,0.5446517590086882,0.07847622110673486,0.34018683921434983,0.020433424322806332,0.3112512631656345,0.02511555709870063,0.7026158898540835,0.03746420765129562,0.0027737589995619296,7.684369801285408e-05,0.000813678999596353,3.88110981646644e-05,5.0,0.0
standard,agglomerative,pca,ksvc,triangle,standard__agglomerative__pca__ksvc__triangle,ok,,0.674025542420358,0.052867041924186564,0.4656114914504709,0.04372127367067152,0.5191397267301627,0.037093758227186364,0.855506063404737,0.038342977545417024,0.0029897846670792205,0.00010059669202885612,0.0011519376669942478,1.771506149192022e-05,5.0,0.0
standard,agglomerative,pca,ksvc,radial_basic,standard__agglomerative__pca__ksvc__radial_basic,ok,,0.7078051559606893,0.022857292079026197,0.5350899041379144,0.07844823068642147,0.5666189291517588,0.013199715860643635,0.8500555650846128,0.03437220567199756,0.004210116333221474,9.771632375172492e-05,0.0020999433333296715,5.8832838026492115e-05,5.0,0.0
standard,agglomerative,pca,ksvc,rquadratic,standard__agglomerative__pca__ksvc__rquadratic,ok,,0.6712718985899445,0.030769024212766168,0.4227732778363811,0.05742556293992841,0.5045709074944722,0.016931357583429514,0.8449411465692044,0.020205288617658728,0.002814406333830751,0.00016573154381305065,0.0010195719999804471,2.0723910442111453e-05,5.0,0.0
standard,agglomerative,pca,ksvc,canberra,standard__agglomerative__pca__ksvc__canberra,ok,,0.6655509661491715,0.05283975862367455,0.3958958740372733,0.018132330775886666,0.5067241517488464,0.035256352837828145,0.81995580408841,0.02064212159312917,0.004776864666685772,0.00016088666515798333,0.0025357146666162103,9.979125506226223e-05,5.0,0.0
standard,agglomerative,pca,ksvc,truncated,standard__agglomerative__pca__ksvc__truncated,ok,,0.6880786212790201,0.035534654707924995,0.47575375477534115,0.07952798122831194,0.5317064994339734,0.00716438384994032,0.8379752342232473,0.015651472178657606,0.007421252999847638,6.14867145463399e-05,0.0021164249992580153,5.65889074587813e-05,5.0,0.0
standard,agglomerative,pca,kannc,linear,standard__agglomerative__pca__kannc__linear,ok,,0.6626548924654607,0.06923353379155359,0.4348692134375893,0.023497936925193433,0.4999801118639377,0.056733743361870224,0.8282172832160617,0.03758958415040448,0.2070423703329046,0.00511334982761923,0.15724351699949088,0.005336659830156696,5.0,0.0
standard,agglomerative,pca,kannc,poly,standard__agglomerative__pca__kannc__poly,ok,,0.6208042539049519,0.011218755920093122,0.3701940971483415,0.10239748910815531,0.38489029944128256,0.11365914933119303,0.7237523287365955,0.11960642497511395,0.23111679866694126,0.0021754720770515413,0.17764631266679012,0.0007994192313499052,5.0,0.0
standard,agglomerative,pca,kannc,rbf,standard__agglomerative__pca__kannc__rbf,ok,,0.4659355267530741,0.09875860030684927,0.17731420572059076,0.04890163588171542,0.10338090910655616,0.08714425098279495,0.6180692215771245,0.10424301916028146,2.0555830569998457,0.016689305642526887,1.694066864666335,0.02875028610219409,5.0,0.0
standard,agglomerative,pca,kannc,hyperbolic,standard__agglomerative__pca__kannc__hyperbolic,ok,,0.561790818022124,0.0823542938083058,0.332300718882956,0.07974128976863111,0.32752954358184283,0.11053664291946862,0.77968732123959,0.11669568232060648,0.23721449966675814,0.005594497947452911,0.17891367733318475,0.0012122808803745107,5.0,0.0
standard,agglomerative,pca,kannc,triangle,standard__agglomerative__pca__kannc__triangle,ok,,0.5421592365759863,0.06205668871610682,0.2982990257934898,0.0804450263319257,0.2863682190151252,0.09008873950153955,0.7737043199152073,0.11479532039344041,2.503384013000565,0.041091109077892984,2.063832343333464,0.0689573430840801,5.0,0.0
standard,agglomerative,pca,kannc,radial_basic,standard__agglomerative__pca__kannc__radial_basic,ok,,0.5838911835920809,0.09825452654987903,0.3280555079498758,0.02557730778468205,0.39333600946398867,0.05397459391094023,0.8385979772045739,0.033674577850125224,0.28027763533342903,0.012663469648744147,0.2114170813341237,0.0021632632436441863,5.0,0.0
standard,agglomerative,pca,kannc,rquadratic,standard__agglomerative__pca__kannc__rquadratic,ok,,0.4660067416797227,0.09253451618352429,0.1976377428697708,0.03983159966449719,0.11523162271840798,0.08161163632714191,0.6181894729590337,0.13824574698461936,2.08047473733374,0.021364902705104095,1.6965864243326603,0.014680735056002814,5.0,0.0
standard,agglomerative,pca,kannc,canberra,standard__agglomerative__pca__kannc__canberra,ok,,0.4687129088923705,0.10604257822969716,0.14059839524299522,0.007109262034996027,0.028710166132205246,0.04060230632214937,0.6040270453686878,0.1677772226706799,0.4029003143338438,0.01392005562652192,0.3170823250002286,0.0016851249734407975,5.0,0.0
standard,agglomerative,pca,kannc,truncated,standard__agglomerative__pca__kannc__truncated,ok,,0.56753548877178,0.0510257254792501,0.2585611679716623,0.12437136968963225,0.23789424570278087,0.18150899942719964,0.6608126102701533,0.1567654742514115,0.3157820613329629,0.008252536421183714,0.24779896133319804,0.0010862574599163045,5.0,0.0
standard,agglomerative,pca,kridge,linear,standard__agglomerative__pca__kridge__linear,ok,,0.6627498457009923,0.053077064457275905,0.4732065132307816,0.027949725702485093,0.5152783409398322,0.04256905641368187,0.82678435700567,0.017919873622169524,0.0023443830001876145,0.0001313761573298928,0.0004613570005555327,1.1166912468423854e-05,5.0,0.0
standard,agglomerative,pca,kridge,poly,standard__agglomerative__pca__kridge__poly,ok,,0.6881023595879029,0.028645539716505474,0.4572526216888566,0.06998999306933823,0.5232994683089109,0.05189585563600283,0.8501086178395422,0.00790849284022011,0.0023537410003579375,7.135657075335999e-05,0.0004851526664424455,5.2159877756310556e-06,5.0,0.0
standard,agglomerative,pca,kridge,rbf,standard__agglomerative__pca__kridge__rbf,ok,,0.6880548829701372,0.0377251995038299,0.45535073419396244,0.053794928542969536,0.5303350010672471,0.01837824134283072,0.8685919517078822,0.01808339343176407,0.0025569316670347084,0.0002193393629528477,0.0008004873331325749,2.8785388166962833e-05,5.0,0.0
standard,agglomerative,pca,kridge,hyperbolic,standard__agglomerative__pca__kridge__hyperbolic,ok,,0.4746712244219722,0.05955343243761762,0.3185190778670815,0.09097935455935724,0.23631317767062088,0.08189436584692605,0.6309471546907947,0.04064675743145204,0.0023389323341689305,7.258252782779935e-05,0.000504809666381334,7.805379654650381e-06,5.0,0.0
standard,agglomerative,pca,kridge,triangle,standard__agglomerative__pca__kridge__triangle,ok,,0.6514978872905094,0.06493807800021274,0.4772678830459689,0.03274190106922968,0.4920710932380053,0.039411847763617336,0.8617839833075006,0.018338754804839572,0.002545136333234647,9.61707970389635e-05,0.0009390516667432772,7.59830966925617e-05,5.0,0.0
standard,agglomerative,pca,kridge,radial_basic,standard__agglomerative__pca__kridge__radial_basic,ok,,0.6683995632151166,0.03665691455920444,0.4420219745404159,0.049794327056547065,0.4988265877801683,0.019274895988892586,0.8766024042592516,0.0111295299723385,0.003837047666820581,0.00015798634291115093,0.001750349333936659,3.603152836478099e-05,5.0,0.0
standard,agglomerative,pca,kridge,rquadratic,standard__agglomerative__pca__kridge__rquadratic,ok,,0.6656221810758202,0.03217913178225016,0.4559613617823164,0.06021059443773917,0.49680779356814614,0.012179339946801133,0.8832197567480145,0.02028925905258556,0.0024389536665694322,0.00012144700429200344,0.0008231136665320568,8.984601380223313e-05,5.0,0.0
standard,agglomerative,pca,kridge,canberra,standard__agglomerative__pca__kridge__canberra,ok,,0.6571476048046337,0.05442057920099329,0.43865758739918687,0.046403539977762476,0.49751892440918505,0.04012641768035175,0.8740399507246931,0.013250175216189571,0.00423121333309003,0.0001661961478574928,0.00220930566744452,1.7893558349377346e-05,5.0,0.0
standard,agglomerative,pca,kridge,truncated,standard__agglomerative__pca__kridge__truncated,ok,,0.6908560034183164,0.04267578866326941,0.4650006345367901,0.012094228057743864,0.5394479363768084,0.0220943288530223,0.8629458812680717,0.012519103485259784,0.006879509333884926,0.00010251349550940135,0.0019807023333366183,0.0001660961103671544,5.0,0.0
standard,agglomerative,lda,ksvc,linear,standard__agglomerative__lda__ksvc__linear,ok,,0.7274129990979442,0.05609073563821912,0.5900879252089377,0.07475975185699792,0.6105757333395877,0.0562775872164061,0.8788350315982646,0.045848400214150396,0.003426160333522906,0.0002479418484966871,0.0007626083339952553,9.040868600526596e-05,5.0,0.0
standard,agglomerative,lda,ksvc,poly,standard__agglomerative__lda__ksvc__poly,ok,,0.7302853344727721,0.043179403120265004,0.5874080664411058,0.06945856874382222,0.6143356330340507,0.049343356777457555,0.8824808068750251,0.02997768953945342,0.003395268666887811,0.00029771721893644067,0.000733546667106566,3.9277649245050635e-05,5.0,0.0
standard,agglomerative,lda,ksvc,rbf,standard__agglomerative__lda__ksvc__rbf,ok,,0.7105587997911028,0.03995626340691232,0.5153478748065805,0.05857524661272629,0.5788412175248033,0.02524537634774289,0.8722956176474446,0.017711082270499473,0.003117184333556603,3.042433148320081e-05,0.0010098936666812126,3.169967243911935e-05,5.0,0.0
standard,agglomerative,lda,ksvc,hyperbolic,standard__agglomerative__lda__ksvc__hyperbolic,ok,,0.6091250059345773,0.11148599657453274,0.40616823794254664,0.05044424850191918,0.4347504039905094,0.10927525883196895,0.7654341210914826,0.04483122020035378,0.0029013590004372722,1.0495693957313972e-05,0.0007230763330881018,2.435849219359746e-05,5.0,0.0
standard,agglomerative,lda,ksvc,triangle,standard__agglomerative__lda__ksvc__triangle,ok,,0.7274129990979442,0.05609073563821912,0.5521428390337538,0.07065458658819602,0.6067223701155652,0.059431246206107166,0.8843759453731236,0.014604128540634654,0.0033821929991972866,2.344720812561164e-05,0.0011369459995573077,2.12811661220258e-05,5.0,0.0
standard,agglomerative,lda,ksvc,radial_basic,standard__agglomerative__lda__ksvc__radial_basic,ok,,0.7273892607890614,0.046633108762931696,0.572618206195795,0.040660284277647236,0.6079790453858078,0.033698894070111805,0.8867117685839063,0.026952136426424637,0.004802994000177326,0.00034934024728554275,0.0020166846667658924,2.3434464029082228e-05,5.0,0.0
standard,agglomerative,lda,ksvc,rquadratic,standard__agglomerative__lda__ksvc__rquadratic,ok,,0.7330152399943027,0.052719924879919125,0.5583959468442531,0.062069326202156445,0.6198184563549679,0.05161972559131384,0.8917226426202026,0.01713797363266663,0.003338813666535619,0.00012899818322148514,0.001214627666437688,0.0002031263360144673,5.0,0.0
standard,agglomerative,lda,ksvc,canberra,standard__agglomerative__lda__ksvc__canberra,ok,,0.7244931871053506,0.06047991905973768,0.4974670811655972,0.019436688571465553,0.5955724128026026,0.053214605112139164,0.8827543736231817,0.008627505747728198,0.005465551333448578,4.149228071217776e-05,0.0025486759993024557,6.203545225129234e-05,5.0,0.0
standard,agglomerative,lda,ksvc,truncated,standard__agglomerative__lda__ksvc__truncated,ok,,0.6936096472487301,0.054756092534630686,0.469416481166917,0.031868510770894254,0.5461802769299804,0.03126743353750932,0.8780893102513893,0.01155622837854514,0.007648523333652217,0.00021937579205015689,0.0020586813328312323,9.47595667220185e-06,5.0,0.0
standard,agglomerative,lda,kannc,linear,standard__agglomerative__lda__kannc__linear,ok,,0.6372311636519015,0.10579122171527303,0.4196266623358316,0.04808399164399616,0.49307237252232716,0.08788996109530475,0.8736476904259373,0.01882908727266249,0.20175155266588263,0.005700484497237191,0.1556201996669794,0.002828451374702043,5.0,0.0
standard,agglomerative,lda,kannc,poly,standard__agglomerative__lda__kannc__poly,ok,,0.7105113231733372,0.04586827324304158,0.5085645183606499,0.04520100600540911,0.5771422922307373,0.019209385702297667,0.8992517248674642,0.004935471889264541,0.25400234466724214,0.013864746417491606,0.18434007100040617,0.003057559482513972,5.0,0.0
standard,agglomerative,lda,kannc,rbf,standard__agglomerative__lda__kannc__rbf,ok,,0.6430945259459716,0.04182543173795339,0.3577699536223942,0.062055401579927956,0.44718152871919603,0.06469299119067212,0.8351813582684131,0.026853376046267738,2.013061628333162,0.033480356189531484,1.6780444926668376,0.020898629393982238,5.0,0.0
standard,agglomerative,lda,kannc,hyperbolic,standard__agglomerative__lda__kannc__hyperbolic,ok,,0.6798176897877796,0.0359292303136978,0.48637569261713054,0.09821670029741375,0.5342407179617084,0.04139451793405259,0.7942474152027907,0.04878276310368365,0.23349509966707652,0.0031467627993297,0.1823290806666288,0.0015556204584787634,5.0,0.0
standard,agglomerative,lda,kannc,triangle,standard__agglomerative__lda__kannc__triangle,ok,,0.6852775008308408,0.03220916762883825,0.40650451020762385,0.05146971454231469,0.5242255268265276,0.012679671580655682,0.8989181516071669,0.021011532666617122,2.563081115666743,0.04876631496153375,2.119314564666032,0.022970723357468033,5.0,0.0
standard,agglomerative,lda,kannc,radial_basic,standard__agglomerative__lda__kannc__radial_basic,ok,,0.6936808621753786,0.03656026340467448,0.4390327884052763,0.07037238843135145,0.5477495067976568,0.013741120352604668,0.8948694553027573,0.014897938766541557,0.27649294033229427,0.006614602867083426,0.2224315666668796,0.008664381215897902,5.0,0.0
standard,agglomerative,lda,kannc,rquadratic,standard__agglomerative__lda__kannc__rquadratic,ok,,0.6431657408726202,0.02358274049255077,0.35640022529314724,0.06407891183931971,0.4449905015718348,0.06412951464659149,0.8736881478817983,0.007386515246360377,2.123486692000976,0.022997311238378008,1.716706874666367,0.043223737456848745,5.0,0.0
standard,agglomerative,lda,kannc,canberra,standard__agglomerative__lda__kannc__canberra,ok,,0.44055927455728056,0.12349465464398421,0.14819856391835054,0.007825928762676387,0.014617556343756727,0.06540781296393083,0.490487819712982,0.030007905010072135,0.4082161270004387,0.006419680808758158,0.31414051233271795,0.004553018963206262,5.0,0.0
standard,agglomerative,lda,kannc,truncated,standard__agglomerative__lda__kannc__truncated,ok,,0.4630869296871291,0.10925662331187175,0.16391752011164237,0.005427121637111142,0.06879185159207286,0.012983003265354266,0.6127767632759944,0.015004899043315935,0.3140038186666061,0.002195537450859388,0.24823296666606134,0.0015574813276091261,5.0,0.0
standard,agglomerative,lda,kridge,linear,standard__agglomerative__lda__kridge__linear,ok,,0.6853012391397236,0.07567617245838962,0.5190091793170571,0.06879345142883075,0.5586866043342557,0.07399946310837408,0.8535964590686332,0.0127397938323196,0.0028899143332334156,3.1896135991062847e-05,0.0004684436668564255,9.33497087662547e-06,5.0,0.0
standard,agglomerative,lda,kridge,poly,standard__agglomerative__lda__kridge__poly,ok,,0.6992593647628542,0.05272505520490791,0.4893043431654245,0.03378016781550037,0.5581665046960936,0.025657434337681147,0.8700458629608617,0.016406619792259543,0.002761969666001581,9.656369213147754e-05,0.0005433663336589234,8.963040715850208e-05,5.0,0.0
standard,agglomerative,lda,kridge,rbf,standard__agglomerative__lda__kridge__rbf,ok,,0.6908560034183164,0.05432390494268604,0.47646004646044676,0.030309953713260753,0.5443965829988717,0.03409364815057601,0.9027628796859434,0.011366725135816002,0.0030082599999635327,0.0001313503069339111,0.0007973109998905178,3.8548974835587555e-05,5.0,0.0
standard,agglomerative,lda,kridge,hyperbolic,standard__agglomerative__lda__kridge__hyperbolic,ok,,0.6569339600246878,0.09399883549793174,0.5396589958602268,0.06737315921911331,0.5193660167634487,0.10235512929686263,0.7643828859833834,0.05104654392517617,0.0027994376669084886,0.0001127757752404467,0.0005021446662188586,7.022390913244942e-06,5.0,0.0
standard,agglomerative,lda,kridge,triangle,standard__agglomerative__lda__kridge__triangle,ok,,0.7021317001376822,0.0449683526390086,0.5116662492868763,0.07578638939157832,0.5608441028273052,0.03261088990394779,0.8835494717586497,0.015553314645190955,0.002928133333019408,4.325906735169536e-05,0.0010041026665324655,0.000128879348200749,5.0,0.0
standard,agglomerative,lda,kridge,radial_basic,standard__agglomerative__lda__kridge__radial_basic,ok,,0.7049328205858615,0.05434457459907238,0.5410204567299116,0.0756551328713122,0.571518315768048,0.05214629830418548,0.9029881446104041,0.0070400018090235866,0.004256695665996328,6.491149698060546e-05,0.001867566666987841,0.00014422819134084824,5.0,0.0
standard,agglomerative,lda,kridge,rquadratic,standard__agglomerative__lda__kridge__rquadratic,ok,,0.707686464416275,0.06580632584853048,0.5575887322003691,0.06995421906072279,0.5759195649172318,0.06121517527477553,0.9168583795932369,0.009329433159839156,0.0029985179996098545,0.00023875020672948743,0.0007741673325654119,4.846992294658867e-05,5.0,0.0
standard,agglomerative,lda,kridge,canberra,standard__agglomerative__lda__kridge__canberra,ok,,0.6963870293880264,0.06434617944265139,0.47490113681547913,0.025106113804632443,0.5540009920079411,0.04760535805253695,0.889745929933866,0.007861007512709945,0.004961125666644269,0.00020724712080544375,0.0022039680000792337,7.745796032439792e-05,5.0,0.0
standard,agglomerative,lda,kridge,truncated,standard__agglomerative__lda__kridge__truncated,ok,,0.6964582443146751,0.05723962458966727,0.5500479211067676,0.04480646505749529,0.5550651878455798,0.03731869695251869,0.877393490441555,0.002324477460054653,0.007287525000113722,0.00018293296097959038,0.0018899423333399075,4.804769441659982e-05,5.0,0.0
minmax,uniform,pca,ksvc,linear,minmax__uniform__pca__ksvc__linear,ok,,0.716255993922993,0.028913864390020867,0.3443892077622732,0.052469757758710815,0.5576806619722976,0.03194276839620983,0.7561157259852203,0.027278365527893315,0.0022973370002243123,0.00014238319645333612,0.0007303866671766931,1.8121039402239564e-06,5.0,0.0
minmax,uniform,pca,ksvc,poly,minmax__uniform__pca__ksvc__poly,ok,,0.7190808526800551,0.021207013864235864,0.3440556969088308,0.04671514144002362,0.5621069145215861,0.01963643780759224,0.7651027746437887,0.01689524298509209,0.0022166430001864987,7.314918452115667e-05,0.0009445056669695381,5.7422949423807585e-05,5.0,0.0
minmax,uniform,pca,ksvc,rbf,minmax__uniform__pca__ksvc__rbf,ok,,0.7106300147177516,0.026460878995641052,0.36745630047122657,0.06713066480537534,0.5464905946275506,0.02860574579418267,0.7642958973325248,0.021170983956535123,0.002324578667564007,7.07107616868295e-05,0.00123146666737739,0.00018808069417376733,5.0,0.0
minmax,uniform,pca,ksvc,hyperbolic,minmax__uniform__pca__ksvc__hyperbolic,ok,,0.6096235104211175,0.019603330614981915,0.24893517162834025,0.032393874064521294,0.30093093980431224,0.07115702194230104,0.7717360171466341,0.024445565801936072,0.0023270536664009947,0.00010867445882659251,0.0008259696678578621,3.5495819656086125e-05,5.0,0.0
minmax,uniform,pca,ksvc,triangle,minmax__uniform__pca__ksvc__triangle,ok,,0.7021791767554478,0.021941903297309644,0.3805639510267595,0.05885550292231822,0.5327272186551993,0.017679971466000883,0.7799989255510376,0.021262201987334806,0.002967001000797609,0.00028252432877656807,0.0014399509994594457,0.00024499390826011424,5.0,0.0
minmax,uniform,pca,ksvc,radial_basic,minmax__uniform__pca__ksvc__radial_basic,ok,,0.6938232920286759,0.030885574241145252,0.40141975593248214,0.05175079461702541,0.5213388450038784,0.03775835169081414,0.775396825671122,0.033900808096157684,0.003737564333884317,0.00013941542597732887,0.0020073066662007477,2.395134083567769e-05,5.0,0.0
minmax,uniform,pca,ksvc,rquadratic,minmax__uniform__pca__ksvc__rquadratic,ok,,0.7162322556141101,0.028353280984614537,0.381961286323113,0.0678624829504979,0.5567401858549709,0.02854974758289693,0.7743346167437313,0.011954446600706962,0.0021332099992529643,3.6836257302833226e-05,0.0009905536668763186,1.3797933556505075e-05,5.0,0.0
minmax,uniform,pca,ksvc,canberra,minmax__uniform__pca__ksvc__canberra,ok,,0.7106537530266345,0.027921761381311288,0.3473307294794219,0.03877374432097943,0.5587771222058951,0.0281440450972654,0.8145559466083622,0.03969897957562665,0.004312699000365683,0.00014468428138172127,0.0025609093342306246,5.721298140594904e-05,5.0,0.0
minmax,uniform,pca,ksvc,truncated,minmax__uniform__pca__ksvc__truncated,ok,,0.7330627166120686,0.05241226154087988,0.4314852468380896,0.11688552838782887,0.5790928563290868,0.07549950204190226,0.8347683932584392,0.04412563578944835,0.00628171566616705,0.0002957232990287218,0.002122148666482341,0.0001431192734368146,5.0,0.0
minmax,uniform,pca,kannc,linear,minmax__uniform__pca__kannc__linear,ok,,0.6433793856525661,0.03121241904189942,0.3142198844819866,0.018595251857707672,0.41215662620123367,0.05910634748355269,0.7556817630375927,0.020262864260320295,0.19557336433354067,0.0046282179151615616,0.16092908566679398,0.007704212464735206,5.0,0.0
minmax,uniform,pca,kannc,poly,minmax__uniform__pca__kannc__poly,ok,,0.5393106395100413,0.010980501117705347,0.16170215582575134,0.014560547976376353,0.06806646744059158,0.04815542746621086,0.5263858926421796,0.025978178957431246,0.23487556666623277,0.009387944181831387,0.18554530033361516,0.007108999050848661,5.0,0.0
minmax,uniform,pca,kannc,rbf,minmax__uniform__pca__kannc__rbf,ok,,0.5561173621991169,0.023261096077380923,0.17357244911652792,0.04711087060929727,0.07670728611164564,0.14758760210409602,0.6465983594471153,0.09461236913622673,2.1158455420008977,0.014231618529153134,1.67342191800041,0.016993990762772544,5.0,0.0
minmax,uniform,pca,kannc,hyperbolic,minmax__uniform__pca__kannc__hyperbolic,ok,,0.5365095190618621,0.013846293279507576,0.13964859887511824,0.002340459583541805,0.0,0.0,0.5193764029134318,0.030473110662552743,0.22517833133315435,0.002508960351871519,0.18176001500008473,0.006979499152917749,5.0,0.0
minmax,uniform,pca,kannc,triangle,minmax__uniform__pca__kannc__triangle,ok,,0.6126857522670085,0.08240091892871007,0.26421907603792166,0.11097537106489123,0.27846914025426944,0.19573005093412033,0.7909879236308844,0.04083583505249814,2.57246148999972,0.05507188522342247,2.115373335999417,0.06697008203512197,5.0,0.0
minmax,uniform,pca,kannc,radial_basic,minmax__uniform__pca__kannc__radial_basic,ok,,0.6882447894412002,0.017406801912749712,0.32007966458824355,0.017816554144882736,0.4923287242588115,0.055326282225777276,0.7923625637248538,0.030384465502952946,0.2829034646668636,0.005469143458607896,0.22867222433281617,0.012044186324307602,5.0,0.0
minmax,uniform,pca,kannc,rquadratic,minmax__uniform__pca__kannc__rquadratic,ok,,0.5617433414043583,0.01938860437496289,0.18911120911120913,0.039934160293061405,0.1341796321552212,0.11607635335988548,0.6364251625281067,0.10368996368194197,2.16377408566647,0.05015308922524452,1.7986472286665958,0.05146535911587947,5.0,0.0
minmax,uniform,pca,kannc,canberra,minmax__uniform__pca__kannc__canberra,ok,,0.5337083986136828,0.010292849705702675,0.13918248058291297,0.001750753056883513,-0.013548701187309534,0.0191607569716336,0.5185661878835606,0.05090114144654426,0.41506005866601,0.006063196846754552,0.3283322600000247,0.007994851780871604,5.0,0.0
minmax,uniform,pca,kannc,truncated,minmax__uniform__pca__kannc__truncated,ok,,0.5167117694535442,0.03968532680451217,0.15186312399355875,0.009970805660514349,0.05117050594647238,0.04243439321136074,0.6578082550344044,0.09431782903813232,0.3309638380002677,0.00532415273179257,0.2609900510002869,0.004938254341445791,5.0,0.0
minmax,uniform,pca,kridge,linear,minmax__uniform__pca__kridge__linear,ok,,0.6628922755542895,0.03173141579164689,0.3706808668617621,0.041352911270123145,0.4966719453224833,0.03662297213924296,0.7891623816667281,0.02777352763608017,0.0020194000001841537,0.0005709007470958658,0.0004905693331238581,5.114067941127335e-05,5.0,0.0
minmax,uniform,pca,kridge,poly,minmax__uniform__pca__kridge__poly,ok,,0.707852632578455,0.01744114796546409,0.3563403889966565,0.049932107537747676,0.5333837988033591,0.017805996860814438,0.8162472468841839,0.017038045506368858,0.0018588496665567316,0.0001801746028406354,0.0006031406664988026,6.747276439099209e-05,5.0,0.0
minmax,uniform,pca,kridge,rbf,minmax__uniform__pca__kridge__rbf,ok,,0.7162322556141101,0.022835118021263097,0.39378708586055566,0.06862372169669627,0.5502355685910617,0.019878687924557704,0.826413918591539,0.015140432919518845,0.0017835763337643584,7.821254610591016e-05,0.0010206869998607242,0.00012970352930182495,5.0,0.0
minmax,uniform,pca,kridge,hyperbolic,minmax__uniform__pca__kridge__hyperbolic,ok,,0.6910459098893794,0.013494847570668163,0.3150562425562426,0.011378443908683429,0.4918293600183025,0.02807372525791186,0.8119564383005358,0.01840212859231226,0.0018176413335216541,6.656909529965588e-05,0.0007448243328932828,0.00010993635978696862,5.0,0.0
minmax,uniform,pca,kridge,triangle,minmax__uniform__pca__kridge__triangle,ok,,0.6853487157574895,0.026503330194210445,0.39123173960330976,0.050458758419842015,0.5041458129796427,0.029345814755533745,0.8124876968376861,0.03739729530762184,0.0021501993336035716,8.071992182351274e-05,0.0010512526678212453,1.224960139011159e-05,5.0,0.0
minmax,uniform,pca,kridge,radial_basic,minmax__uniform__pca__kridge__radial_basic,ok,,0.6966006741679722,0.007961292298290836,0.36714183108212967,0.04554611813025729,0.5167575650694719,0.008830830567137855,0.854835127373423,0.009187866142773726,0.0036184503326997706,0.00037249851253384384,0.0021528513334487798,1.8028199645127972e-05,5.0,0.0
minmax,uniform,pca,kridge,rquadratic,minmax__uniform__pca__kridge__rquadratic,ok,,0.716255993922993,0.011395031158175608,0.41054106233993903,0.04926880449740557,0.5495516107174311,0.005501888018447187,0.8539784219700532,0.02270748666857802,0.0018598083333927207,0.0001444360712264823,0.0008017230005255745,7.236618329607975e-05,5.0,0.0
minmax,uniform,pca,kridge,canberra,minmax__uniform__pca__kridge__canberra,ok,,0.716255993922993,0.03549239982426871,0.4167213227085745,0.07716236758430041,0.5593277893464718,0.04853822501887192,0.876515285301419,0.03418660155929988,0.0037658560001242827,0.0002977480476260712,0.0023423126670725956,0.00015853231349497132,5.0,0.0
minmax,uniform,pca,kridge,truncated,minmax__uniform__pca__kridge__truncated,ok,,0.7190571143711723,0.03280326808856015,0.43659366632901037,0.07905523539705502,0.5573259330235153,0.04442340979084587,0.8643185345196517,0.04230201057424104,0.006119736333251542,0.00012187706993992767,0.0019664016666259463,5.42865846405722e-05,5.0,0.0
minmax,uniform,lda,ksvc,linear,minmax__uniform__lda__ksvc__linear,ok,,0.7302853344727721,0.018920251237824707,0.4730721167193199,0.04337987520099996,0.5818969649089861,0.017887318910142315,0.8171300926488513,0.03155738254690827,0.00257950533280867,8.800040288631984e-05,0.0007184206660895143,2.1862286900562354e-05,5.0,0.0
minmax,uniform,lda,ksvc,poly,minmax__uniform__lda__ksvc__poly,ok,,0.7246593552675308,0.034344123910952075,0.4483041437892615,0.05252557133141501,0.5732754088996137,0.04482024230487095,0.8113402559287147,0.020430456757352392,0.0028260923330284036,0.00016321101408424884,0.0007723870003246702,6.493102693739248e-05,5.0,0.0
minmax,uniform,lda,ksvc,rbf,minmax__uniform__lda__ksvc__rbf,ok,,0.7471157954707306,0.0422208229795449,0.44561681093810757,0.0816097156834694,0.613089089152839,0.052779371174730846,0.837698827825049,0.01678824629779947,0.002402410667248963,8.675260595310289e-06,0.000966847999128125,8.720982435723906e-06,5.0,0.0
minmax,uniform,lda,ksvc,hyperbolic,minmax__uniform__lda__ksvc__hyperbolic,ok,,0.6657408726202346,0.007356041926024362,0.38559560406656596,0.01682850838450299,0.4808393728314793,0.016069846649168874,0.7344253977040188,0.023221596253106963,0.002172708666572968,5.528489773936862e-05,0.0007230696670982676,3.841298441745533e-05,5.0,0.0
minmax,uniform,lda,ksvc,triangle,minmax__uniform__lda__ksvc__triangle,ok,,0.730309072781655,0.02502803654630077,0.4376480319112343,0.03939909205121683,0.5820840050079816,0.027601955389159022,0.857743058639464,0.010871577290186705,0.00283526599984422,0.00017834389955688454,0.0013674589996905222,0.00013872198186399697,5.0,0.0
minmax,uniform,lda,ksvc,radial_basic,minmax__uniform__lda__ksvc__radial_basic,ok,,0.7415135545743721,0.04059901835004994,0.46705909686200786,0.06862756912450646,0.6004532957198864,0.05381799937414269,0.8267516414382433,0.06461114899774865,0.0038127650004753377,4.049129956663517e-05,0.0020374443332305723,6.33609803096372e-05,5.0,0.0
minmax,uniform,lda,ksvc,rquadratic,minmax__uniform__lda__ksvc__rquadratic,ok,,0.7442671984047856,0.05030184060598695,0.4489813616535147,0.0852657754184693,0.607346298867547,0.06870352969174813,0.845140126865323,0.022450533534149875,0.0025336110005203714,7.064610381462492e-05,0.0010135673328477424,4.0150847686531544e-05,5.0,0.0
minmax,uniform,lda,ksvc,canberra,minmax__uniform__lda__ksvc__canberra,ok,,0.7359350519868965,0.027903410227924075,0.3856078117588136,0.051030091561389684,0.5975238713699852,0.029479389408221524,0.8349012762637572,0.03062200734195936,0.004493490333212928,0.0001541624693980337,0.002447663666922987,7.907350430044944e-05,5.0,0.0
minmax,uniform,lda,ksvc,truncated,minmax__uniform__lda__ksvc__truncated,ok,,0.7275554289512415,0.021703955413948046,0.4258599521395825,0.013110665604961585,0.5795809255732001,0.024164852912183406,0.8439381913425423,0.0274057068014312,0.007436622333140501,4.958466512700956e-05,0.0021741346669538566,9.486031909595694e-05,5.0,0.0
minmax,uniform,lda,kannc,linear,minmax__uniform__lda__kannc__linear,ok,,0.7191758059155866,0.020012731911384675,0.40883163341360196,0.0485992693861789,0.568442507038979,0.0287839019585199,0.9087079782499331,0.011961258521452614,0.2070330196662932,0.004819269319608974,0.17800781566741838,0.019746844391476257,5.0,0.0
minmax,uniform,lda,kannc,poly,minmax__uniform__lda__kannc__poly,ok,,0.7303328110905379,0.01376461700640611,0.44728209005520947,0.0763802411115766,0.5770920560095284,0.008118422669893502,0.8562401955929492,0.010648131318963087,0.24415904000003744,0.005516173889161853,0.1861748549999902,0.001966425897766404,5.0,0.0
minmax,uniform,lda,kannc,rbf,minmax__uniform__lda__kannc__rbf,ok,,0.6910459098893794,0.009378464787643686,0.3088957901334451,0.0037133247922576922,0.49084425105779905,0.03941838715800779,0.8146563000847596,0.02375694727584232,2.120845902999766,0.007502564147532929,1.7225491753330668,0.04104956099361618,5.0,0.0
minmax,uniform,lda,kannc,hyperbolic,minmax__uniform__lda__kannc__hyperbolic,ok,,0.677064045957366,0.050936857609801614,0.41068285640288943,0.0572765648036858,0.5013484202305101,0.0702092525704626,0.7740000829685255,0.055186013551756286,0.23367050100023334,0.0007435758016338075,0.19002037566618432,0.011463002487698258,5.0,0.0
minmax,uniform,lda,kannc,triangle,minmax__uniform__lda__kannc__triangle,ok,,0.6824526420737786,0.03383755838193659,0.3241796363183865,0.058069167878740384,0.4748532333054767,0.06444555405841086,0.8207536269276651,0.049064828134484234,2.6108530786665747,0.08326811403542883,2.1096644353334946,0.026631305593521094,5.0,0.0
minmax,uniform,lda,kannc,radial_basic,minmax__uniform__lda__kannc__radial_basic,ok,,0.7330864549209514,0.022790853534936435,0.37628357923223654,0.051624239904076163,0.5812853532310718,0.02351708422473488,0.9050139938613221,0.013678106537989482,0.2821425633331576,0.008792391931456785,0.22197299533339296,0.014811686307841345,5.0,0.0
minmax,uniform,lda,kannc,rquadratic,minmax__uniform__lda__kannc__rquadratic,ok,,0.7022503916820965,0.010323462754804592,0.3176308719269643,0.015927956301952914,0.514586644445315,0.01200590045019185,0.8399866572013828,0.012759197257963048,2.1738741583333954,0.004299793479652233,1.7946106569997937,0.03630056528043729,5.0,0.0
minmax,uniform,lda,kannc,canberra,minmax__uniform__lda__kannc__canberra,ok,,0.5365095190618621,0.013846293279507576,0.13964859887511824,0.002340459583541805,0.0,0.0,0.5558531412417075,0.05432081100087458,0.39576188366724335,0.0025050265316499975,0.31831462966692925,0.004986330827471899,5.0,0.0
minmax,uniform,lda,kannc,truncated,minmax__uniform__lda__kannc__truncated,ok,,0.530812324929972,0.025748986429762234,0.1948679060578374,0.019603215771222288,0.1294193865228343,0.02426374953306954,0.6039427391928275,0.03197596357703819,0.3227336620002461,0.004812130431765244,0.2607539103337331,0.007242688167134605,5.0,0.0
minmax,uniform,lda,kridge,linear,minmax__uniform__lda__kridge__linear,ok,,0.6966006741679722,0.03841499463485935,0.41504071108457125,0.07750791024082616,0.5430620825172079,0.04553702169543133,0.8311592585912134,0.022776724438663756,0.002014190000409144,7.07581698797327e-05,0.0004360090000166868,5.386865458725638e-06,5.0,0.0
minmax,uniform,lda,kridge,poly,minmax__uniform__lda__kridge__poly,ok,,0.7162797322318758,0.024216705353273787,0.4012195907401685,0.05632573217929912,0.5525710810124953,0.023342492657783105,0.8654402068745298,0.009517052162310748,0.002140731333687048,0.00019205962753915786,0.0005351713334675878,0.00011299774061046654,5.0,0.0
minmax,uniform,lda,kridge,rbf,minmax__uniform__lda__kridge__rbf,ok,,0.7359587902957795,0.03089022636583768,0.4437171777423175,0.065566194259861,0.5880527310067544,0.03574399369113183,0.8802498580294955,0.010556277607714002,0.0021931446663074894,0.00019912646746926733,0.0007673240003593188,5.316592518714492e-05,5.0,0.0
minmax,uniform,lda,kridge,hyperbolic,minmax__uniform__lda__kridge__hyperbolic,ok,,0.6320799506243175,0.08359747378630779,0.4385522813866174,0.07668392751458843,0.4447756563579259,0.10280926149239793,0.6938438085348203,0.04295969229720513,0.0020359653329554326,5.1385630034274016e-05,0.0005043390004478473,2.7231395365727405e-05,5.0,0.0
minmax,uniform,lda,kridge,triangle,minmax__uniform__lda__kridge__triangle,ok,,0.7190571143711723,0.015121395922582067,0.44871393892143757,0.012677872934659844,0.5616460733558144,0.018388446323845977,0.8617655586988876,0.00773315261068823,0.002166741333591441,6.180205145716323e-05,0.0009031066662525215,7.319066916197715e-05,5.0,0.0
minmax,uniform,lda,kridge,radial_basic,minmax__uniform__lda__kridge__radial_basic,ok,,0.7359113136780135,0.03278065353304697,0.4689116033488335,0.05485589381260228,0.5888467114436757,0.04211872250265344,0.8874491898773753,0.003825630083781374,0.003382243333665732,9.93615072501249e-05,0.0017678466659466114,5.0615422374778527e-05,5.0,0.0
minmax,uniform,lda,kridge,rquadratic,minmax__uniform__lda__kridge__rquadratic,ok,,0.741537292883255,0.0354667176751624,0.46741239230910986,0.06528330020747602,0.598626605138973,0.045174620243927086,0.888650134420196,0.007550244602241538,0.00200593366692677,5.491412450980692e-05,0.0007337633336040502,5.466225101488308e-06,5.0,0.0
minmax,uniform,lda,kridge,canberra,minmax__uniform__lda__kridge__canberra,ok,,0.7360062669135452,0.021457409177127733,0.43175825612044855,0.04925561817494821,0.5914272855006518,0.03135825141701783,0.8815088220984538,0.015213697036104304,0.0038997043326768712,9.746702812577132e-05,0.002156788666979992,1.2250853886159894e-05,5.0,0.0
minmax,uniform,lda,kridge,truncated,minmax__uniform__lda__kridge__truncated,ok,,0.7275554289512417,0.015351658140227141,0.4540933140648949,0.017110777913892084,0.5715226945716779,0.02058181583947629,0.8671699055518459,0.02021094225502726,0.006149442999230814,0.0002775948218518812,0.001734913666950888,1.2266683621869353e-05,5.0,0.0
minmax,kmeans,pca,ksvc,linear,minmax__kmeans__pca__ksvc__linear,ok,,0.5788349238000284,0.04612660672033026,0.37537842453071274,0.06605151375585466,0.4415414296484143,0.060354752456748186,0.7450668220409398,0.028353566556351528,0.0077837346664940315,0.0006839236053289662,0.0008966203331510769,0.00010203570944483308,5.0,0.0
minmax,kmeans,pca,ksvc,poly,minmax__kmeans__pca__ksvc__poly,ok,,0.5562597920524142,0.02043268645708004,0.35204407013724537,0.054527619854783015,0.4129104398861785,0.026252295609674483,0.7605689402933672,0.015877645005371654,0.008720572333913879,0.001070757647349928,0.0009098959999391809,9.820260566505533e-05,5.0,0.0
minmax,kmeans,pca,ksvc,rbf,minmax__kmeans__pca__ksvc__rbf,ok,,0.5759625884252007,0.036531537498266695,0.4018538604966511,0.010414147757175462,0.43585198838584555,0.04724094082534711,0.789865057765616,0.018239760118076702,0.0073478966666395236,0.00021696992270227235,0.0011455020006299794,6.7119848346258e-05,5.0,0.0
minmax,kmeans,pca,ksvc,hyperbolic,minmax__kmeans__pca__ksvc__hyperbolic,ok,,0.5028723353748279,0.04736363140104935,0.29372135920717063,0.011997780594286172,0.34680041577322146,0.071945456842707,0.7642903734422193,0.017668591644784817,0.007132866000271558,0.0003969476702620604,0.0008594026670228535,0.00010415310874626594,5.0,0.0
minmax,kmeans,pca,ksvc,triangle,minmax__kmeans__pca__ksvc__triangle,ok,,0.6322223804776148,0.052160460027807026,0.5285578513349218,0.03921084799551896,0.5127084006530337,0.06716395129373162,0.8696649432067817,0.027530213538758126,0.007186174667367595,0.00010206446515932286,0.0012335736664681463,4.672449397308701e-05,5.0,0.0
minmax,kmeans,pca,ksvc,radial_basic,minmax__kmeans__pca__ksvc__radial_basic,ok,,0.5872620234534492,0.04666732974261603,0.5224219770104331,0.039097490301059634,0.45119360074569537,0.05794334923688612,0.8369400514337154,0.02308865087895479,0.009391415666565687,0.0001953559749406573,0.0022370649997659107,6.50497925071724e-05,5.0,0.0
minmax,kmeans,pca,ksvc,rquadratic,minmax__kmeans__pca__ksvc__rquadratic,ok,,0.5900631439016285,0.044312486283195875,0.4368210090889306,0.04342635260209035,0.45221564232707606,0.05860470480784008,0.8292701962910929,0.038110556325510705,0.007580123000176779,0.00033167165848535106,0.001117489000534988,2.789629001605474e-05,5.0,0.0
minmax,kmeans,pca,ksvc,canberra,minmax__kmeans__pca__ksvc__canberra,ok,,0.6265251863457247,0.031146922825124445,0.4776553351691358,0.018228399653523235,0.5111160555948674,0.03887506941527281,0.8540490328981388,0.01564846013939438,0.010668822666654402,0.000680267877986043,0.002875733666466355,0.00017959229835130008,5.0,0.0
minmax,kmeans,pca,ksvc,truncated,minmax__kmeans__pca__ksvc__truncated,ok,,0.643569292123629,0.07944817989744665,0.5537782378857875,0.05263132192455353,0.528977442072004,0.10309966581555931,0.8835505928672965,0.020330734889256456,0.012710001333592421,0.0003312975509394175,0.0023335696666132812,0.00021650708404347195,5.0,0.0
minmax,kmeans,pca,kannc,linear,minmax__kmeans__pca__kannc__linear,ok,,0.4888667331339316,0.04295518980683673,0.3089780071871164,0.042369174507729986,0.3181921318001931,0.03910711461784246,0.762612776733358,0.04172527463428617,0.20851735133328475,0.005562838176020621,0.15570955300002728,0.002708232062837685,5.0,0.0
minmax,kmeans,pca,kannc,poly,minmax__kmeans__pca__kannc__poly,ok,,0.3369890329012961,0.03053916600419615,0.11153971963430222,0.011254731522572852,0.008819686099081266,0.012472919697194182,0.6037728129930189,0.09672966004478245,0.24209684866643025,0.006940736859881107,0.20619216466669363,0.017279533057188,5.0,0.0
minmax,kmeans,pca,kannc,rbf,minmax__kmeans__pca__kannc__rbf,ok,,0.5254474671224422,0.04411864173192821,0.341401186491971,0.060571909409484426,0.36215851899442913,0.0625485046529899,0.8053472150311026,0.020403036580409907,2.164117515666779,0.04383148899995179,1.7069767693331717,0.02152075433916988,5.0,0.0
minmax,kmeans,pca,kannc,hyperbolic,minmax__kmeans__pca__kannc__hyperbolic,ok,,0.3426387504154204,0.02521862122649921,0.11162747958407404,0.011368600351358171,0.03907573083214961,0.05526142850246649,0.5622673481995824,0.053326480964374236,0.2507576703325564,0.01069658640467486,0.19305681266632746,0.008242427679227057,5.0,0.0
minmax,kmeans,pca,kannc,triangle,minmax__kmeans__pca__kannc__triangle,ok,,0.5228599914542088,0.09983672356177761,0.3614241218709542,0.1018445284082756,0.34996906985736675,0.14080332882379035,0.8068999753195296,0.06243823761102241,2.5985498873336232,0.030271412607506386,2.094429329665824,0.03133673389010725,5.0,0.0
minmax,kmeans,pca,kannc,radial_basic,minmax__kmeans__pca__kannc__radial_basic,ok,,0.5142192470208422,0.045068240654720385,0.34468323110105475,0.006975401159205468,0.35506519499641565,0.06758277210180705,0.8020670758909326,0.03579293679534474,0.2958311613335051,0.015554771906070354,0.2461590460000783,0.03417578295458785,5.0,0.0
minmax,kmeans,pca,kannc,rquadratic,minmax__kmeans__pca__kannc__rquadratic,ok,,0.5198927028438494,0.05944839439364278,0.3374700234474517,0.06698106309327463,0.3479867016841247,0.0858360775558142,0.7915146500862708,0.03166250528009974,2.214811517000271,0.04381806905255159,1.7426149613329471,0.06555412306949984,5.0,0.0
minmax,kmeans,pca,kannc,canberra,minmax__kmeans__pca__kannc__canberra,ok,,0.3369890329012961,0.03053916600419615,0.12440335743287945,0.021806803740214722,0.017980500386955353,0.012845922471409863,0.5990768159696124,0.09235294588063803,0.4102630460007883,0.004171247285762001,0.3320028440005747,0.005680363130401403,5.0,0.0
minmax,kmeans,pca,kannc,truncated,minmax__kmeans__pca__kannc__truncated,ok,,0.48096187627593406,0.16097837984281543,0.3070157581084445,0.12822185679456932,0.2901553789987547,0.24213981939603604,0.7370225379416321,0.13393776066024396,0.33463482300006336,0.012794187718247344,0.25366420266679296,0.002229651674456195,5.0,0.0
minmax,kmeans,pca,kridge,linear,minmax__kmeans__pca__kridge__linear,ok,,0.5759151118074348,0.027495418240119897,0.4444343573786283,0.010707032997851217,0.4398532226428837,0.032274032718471485,0.8052139371803907,0.018861718424011218,0.0068386650000320515,0.00017022770127543972,0.0004628496662917314,1.1410651505962475e-05,5.0,0.0
minmax,kmeans,pca,kridge,poly,minmax__kmeans__pca__kridge__poly,ok,,0.5900868822105113,0.05062227625059696,0.41219737048078814,0.0758392387211442,0.4548931952411828,0.06516022054053192,0.8212071238949482,0.016130101510746862,0.006783191999905587,0.0004864380929396682,0.0005305056662715893,7.014754271173695e-05,5.0,0.0
minmax,kmeans,pca,kridge,rbf,minmax__kmeans__pca__kridge__rbf,ok,,0.5928405260409249,0.03765688977886524,0.44623643469809,0.04148446589564606,0.45592587912705546,0.04774455963891159,0.8509316527993276,0.016600886253412737,0.007093731333346416,0.0002937904697135475,0.0007774733336797605,5.891739783039323e-06,5.0,0.0
minmax,kmeans,pca,kridge,hyperbolic,minmax__kmeans__pca__kridge__hyperbolic,ok,,0.5788111854911456,0.040297259886725854,0.3877729730039365,0.06014939629765373,0.4418848981553009,0.04910624555565195,0.8125592472246939,0.017396252590972456,0.007002767666563159,0.00013899051714774948,0.0005145913334369349,1.8861098353781294e-05,5.0,0.0
minmax,kmeans,pca,kridge,triangle,minmax__kmeans__pca__kridge__triangle,ok,,0.6012438873854626,0.08132244343466327,0.5243044740131464,0.07433847331278202,0.47466616000738293,0.10005418011515896,0.8594821869754813,0.028666573705927886,0.006896111333844601,0.00019134100061418834,0.000892806666646114,1.370064262821373e-05,5.0,0.0
minmax,kmeans,pca,kridge,radial_basic,minmax__kmeans__pca__kridge__radial_basic,ok,,0.5956416464891041,0.0368897902696528,0.482829867806426,0.04936717533906463,0.46002068269853563,0.04401315891688759,0.8776753244153482,0.010798879185858446,0.00902686666692413,0.00044599097639686197,0.0021093180002935696,0.0005410652926194394,5.0,0.0
minmax,kmeans,pca,kridge,rquadratic,minmax__kmeans__pca__kridge__rquadratic,ok,,0.6096235104211175,0.03302204400198466,0.49743082164708036,0.007987678278964105,0.48173723334905194,0.03549252577026455,0.8805844980916517,0.013339895288772798,0.007484243667325548,0.00022982216408708896,0.000809521000822618,7.045308787587458e-05,5.0,0.0
minmax,kmeans,pca,kridge,canberra,minmax__kmeans__pca__kridge__canberra,ok,,0.6126620139581256,0.08216134944102525,0.4719353125700463,0.05053725340169915,0.48918744435497263,0.10146319928723685,0.8792893781019494,0.016040378230685177,0.009920271333006289,0.0005070880282547409,0.0023548363333247835,0.00015169665329645759,5.0,0.0
minmax,kmeans,pca,kridge,truncated,minmax__kmeans__pca__kridge__truncated,ok,,0.6435218155058634,0.07804394247247691,0.543783399861404,0.05572517394969014,0.5316907406034873,0.09251911195467787,0.8772987785660371,0.03222785664107248,0.011797479666711297,0.0004494869118789794,0.0017960836660980324,5.679536840440461e-05,5.0,0.0
minmax,kmeans,lda,ksvc,linear,minmax__kmeans__lda__ksvc__linear,ok,,0.6349285476902625,0.034263697752064545,0.594764241596152,0.03720344359026362,0.5166763113461724,0.04226271285335859,0.8703525529266622,0.015013204611750137,0.008371095666613352,0.0009272327038609592,0.0007420353328294974,2.7665865781659324e-05,5.0,0.0
minmax,kmeans,lda,ksvc,poly,minmax__kmeans__lda__ksvc__poly,ok,,0.6433793856525661,0.045870238855243405,0.5916502584587775,0.04946803095958314,0.5317497791273377,0.05961671981123462,0.8862068794160782,0.007501002890314131,0.00962353533335166,0.0016047615921349926,0.0010152040000927325,0.00030403742484266414,5.0,0.0
minmax,kmeans,lda,ksvc,rbf,minmax__kmeans__lda__ksvc__rbf,ok,,0.6349048093813797,0.045118926039959206,0.5689223703383236,0.04082204052206634,0.5197207261099349,0.057625957500139595,0.8854681538175614,0.0038852770486984462,0.007241463666408284,0.00016264309448657505,0.0010653933325860028,4.5962648559925286e-05,5.0,0.0
minmax,kmeans,lda,ksvc,hyperbolic,minmax__kmeans__lda__ksvc__hyperbolic,ok,,0.4830271091487442,0.030721370623736352,0.4088558384401959,0.03188537082329173,0.32596641399692317,0.050657618031307916,0.7575983977282309,0.036635367218243044,0.007158802999886878,0.0003410504840123542,0.0007732256660043882,1.582758919391399e-05,5.0,0.0
minmax,kmeans,lda,ksvc,triangle,minmax__kmeans__lda__ksvc__triangle,ok,,0.6293500451027868,0.0439886684584165,0.5712865083621136,0.042847591276903955,0.5108750227507656,0.055458869869212044,0.8897116499932216,0.002772715470106035,0.00898372433281717,0.0009766043735887412,0.0014405983335260923,1.5013054220608892e-05,5.0,0.0
minmax,kmeans,lda,ksvc,radial_basic,minmax__kmeans__lda__ksvc__radial_basic,ok,,0.626477709727959,0.03305942839962597,0.5813850518406551,0.03357203583746426,0.5079013957254601,0.039726773072163914,0.8878640692177376,0.015688793483446005,0.0098789390000699,0.0008846391375190141,0.0021608826664305525,0.00022770569215707493,5.0,0.0
minmax,kmeans,lda,ksvc,rquadratic,minmax__kmeans__lda__ksvc__rquadratic,ok,,0.6490291031666904,0.05152170128543025,0.5813845713794271,0.07175929198601279,0.5401419223087655,0.06757187490445628,0.8935149940626328,0.0036989005974583326,0.008434369667156716,0.0008974359093235172,0.0013988723330840003,0.0005206307880772318,5.0,0.0
minmax,kmeans,lda,ksvc,canberra,minmax__kmeans__lda__ksvc__canberra,ok,,0.5870721169823861,0.03434599433525247,0.4927148752308022,0.04851075221614194,0.45381798806283674,0.03598613019135552,0.8784829233766925,0.003138566118250807,0.010261653000270599,0.0011567347781830967,0.0024198003332761195,1.980936621912368e-05,5.0,0.0
minmax,kmeans,lda,ksvc,truncated,minmax__kmeans__lda__ksvc__truncated,ok,,0.5900156672838627,0.04019151577122897,0.5168495524959176,0.04574355267902063,0.45379614699625875,0.047556332065404536,0.8727241352509116,0.012581950600841368,0.012724685666398727,0.0012577893374698295,0.0021644329996585534,6.064102979554766e-05,5.0,0.0
minmax,kmeans,lda,kannc,linear,minmax__kmeans__lda__kannc__linear,ok,,0.5928642643498078,0.04437396688731603,0.46996723073181634,0.039038154348262945,0.4613887220412723,0.05358288418031534,0.8844710422825389,0.013068224874438723,0.21660135933355681,0.010392621797067271,0.16652298866635343,0.008775341129302805,5.0,0.0
minmax,kmeans,lda,kannc,poly,minmax__kmeans__lda__kannc__poly,ok,,0.6181693016189527,0.04839689894832972,0.4770251532971576,0.08110527175805012,0.49676538517831137,0.060988411372379835,0.8898375141755576,0.002949501670516306,0.2557836566666083,0.00472356511810427,0.191714191001059,0.005904875428926792,5.0,0.0
minmax,kmeans,lda,kannc,rbf,minmax__kmeans__lda__kannc__rbf,ok,,0.5731852062859043,0.038749006568915785,0.40402393212826704,0.07139566043405739,0.4407995033909137,0.046520373903263405,0.8269476170004563,0.06949615749956652,2.072304992332647,0.0454298257714751,1.7074911003334516,0.044323892861105094,5.0,0.0
minmax,kmeans,lda,kannc,hyperbolic,minmax__kmeans__lda__kannc__hyperbolic,ok,,0.5901580971371599,0.06816844650708025,0.4844811882483954,0.09298732235898616,0.46264542834725964,0.08428624545172692,0.8208196613072051,0.05581829401928849,0.25431752600040153,0.004541562333153552,0.1945523526665056,0.009771523267618175,5.0,0.0
minmax,kmeans,lda,kannc,triangle,minmax__kmeans__lda__kannc__triangle,ok,,0.5844371646963871,0.04434204268618551,0.4346115441858196,0.04576676295766465,0.4527818120323282,0.05044875391960687,0.883893024193407,0.017807228298043522,2.6344377960006873,0.08399948288865605,2.098650680333473,0.04585193647258509,5.0,0.0
minmax,kmeans,lda,kannc,radial_basic,minmax__kmeans__lda__kannc__radial_basic,ok,,0.5620519394198358,0.07104633544032855,0.4173897531803326,0.09257372594424688,0.4292417720004493,0.09355309254934753,0.8357473283940088,0.04440613580917479,0.2780667666665977,0.010435245213719073,0.22029044433293166,0.0059069075948907325,5.0,0.0
minmax,kmeans,lda,kannc,rquadratic,minmax__kmeans__lda__kannc__rquadratic,ok,,0.6012438873854626,0.031048691683132363,0.4357634276606331,0.03665235378403584,0.48115892078944267,0.03897421679235978,0.8401566268049518,0.05737890532831106,2.133688346000175,0.019190795727963453,1.752638533000815,0.08753276614203849,5.0,0.0
minmax,kmeans,lda,kannc,canberra,minmax__kmeans__lda__kannc__canberra,ok,,0.4324170346104544,0.09863251058226656,0.23222460818786303,0.09305865020242966,0.2251700298563971,0.152453273743644,0.8083231658579298,0.07744808787745047,0.4203712926670657,0.022214459308033514,0.34447212899976876,0.019591467979133706,5.0,0.0
minmax,kmeans,lda,kannc,truncated,minmax__kmeans__lda__kannc__truncated,ok,,0.5087831742866639,0.10887462473775406,0.3509400788946129,0.14924783296202887,0.32789728373497773,0.15603111625295887,0.8112458382676051,0.07358411528990728,0.35444778599958227,0.00923333212472435,0.25605469699985406,0.0019229971425502453,5.0,0.0
minmax,kmeans,lda,kridge,linear,minmax__kmeans__lda__kridge__linear,ok,,0.6068461282818212,0.03802589604510002,0.5175675798509013,0.03230920872620067,0.48220381912649307,0.04636414748251488,0.8372787750477784,0.014999372213996044,0.0071924566673260415,0.0002888331105057557,0.0004880880005657673,4.551136003146108e-05,5.0,0.0
minmax,kmeans,lda,kridge,poly,minmax__kmeans__lda__kridge__poly,ok,,0.6040450078336419,0.03309300759859355,0.47968892672263896,0.013854878527318646,0.4737040615441,0.04279289543775526,0.8762725173412624,0.00977455490646711,0.007249458666289381,0.00016971838234771896,0.00047241500033123884,2.6818502306063412e-05,5.0,0.0
minmax,kmeans,lda,kridge,rbf,minmax__kmeans__lda__kridge__rbf,ok,,0.6012913640032284,0.05441060673706169,0.4922306593317977,0.04555241918294052,0.47198695384561784,0.06960648686123176,0.8912054659682696,0.0018262663010989385,0.0072676933341426775,7.952294351630102e-05,0.0007602973328175722,1.561065986020196e-05,5.0,0.0
minmax,kmeans,lda,kridge,hyperbolic,minmax__kmeans__lda__kridge__hyperbolic,ok,,0.48032094193609653,0.031141983342166134,0.45384370721519124,0.010143786748354486,0.34036185786679424,0.04369575105940574,0.7028978879126813,0.012438085683551764,0.009526510333065138,0.0030113459756810836,0.0005825013328527954,6.451688419294217e-05,5.0,0.0
minmax,kmeans,lda,kridge,triangle,minmax__kmeans__lda__kridge__triangle,ok,,0.6321511655509662,0.04973533189114481,0.5704388143322686,0.05026481753763724,0.516499731835861,0.0626375758767994,0.8870375850722224,0.012019301125920855,0.008721337333554402,0.0005961120745670215,0.0008683936666784575,9.994695157175704e-06,5.0,0.0
minmax,kmeans,lda,kridge,radial_basic,minmax__kmeans__lda__kridge__radial_basic,ok,,0.6040924844514076,0.050729871340543964,0.5456415281839776,0.050497307824151204,0.4781928944491307,0.06367103819721037,0.8965090255929201,0.002781609789711276,0.009966219000489218,0.000681193129596367,0.0017659929999354063,7.589288956647838e-05,5.0,0.0
minmax,kmeans,lda,kridge,rquadratic,minmax__kmeans__lda__kridge__rquadratic,ok,,0.6208992071404833,0.04192897706295542,0.5727631824210465,0.05190434355755908,0.5008453034783666,0.05346852458260137,0.9005877166847601,0.005866810553319585,0.007170652000543972,0.0001515146429899749,0.0007817483328835806,5.554129214852983e-05,5.0,0.0
minmax,kmeans,lda,kridge,canberra,minmax__kmeans__lda__kridge__canberra,ok,,0.5984190286284005,0.03338651158759784,0.5268597874728372,0.051174609531854987,0.46838217707469854,0.035859446296662316,0.8893818322356113,0.0046281745092353966,0.009975206334274844,0.0007872243111675844,0.0022199390004971065,7.852888532080766e-05,5.0,0.0
minmax,kmeans,lda,kridge,truncated,minmax__kmeans__lda__kridge__truncated,ok,,0.5760100650429664,0.05028238927273241,0.5116195487519754,0.04977370218440476,0.43694764630113264,0.05945501315518292,0.8681940897755139,0.014712833370588695,0.012833693333353343,0.0012071921239062272,0.002251873333079857,0.0006076187618128353,5.0,0.0
minmax,dbscan,pca,ksvc,linear,minmax__dbscan__pca__ksvc__linear,ok,,0.6938232920286759,0.0035164761310622745,0.3347522712421964,0.03410821410207737,0.5208992857391065,0.02476388979754306,0.7845677318853435,0.01894569814348054,0.009628327666481104,0.00036294049183306567,0.0007077303331849786,4.037398157416873e-05,4.666666666666667,0.4714045207910317
minmax,dbscan,pca,ksvc,poly,minmax__dbscan__pca__ksvc__poly,ok,,0.6938232920286759,0.0035164761310622745,0.34601130130790786,0.050027679336149336,0.5127024294046202,0.03572769652086234,0.8070951582880096,0.032215105785926325,0.009267065666184257,0.0003967447326940154,0.0007398886676431479,2.179641036794248e-05,4.666666666666667,0.4714045207910317
minmax,dbscan,pca,ksvc,rbf,minmax__dbscan__pca__ksvc__rbf,ok,,0.7079001091962208,0.009440985384665552,0.3865650004177504,0.05932618268998236,0.5458462308477211,0.006989879647074438,0.8095565820971812,0.02080131296368978,0.008986446333437925,0.00047792792395511815,0.0010124146671538863,4.6019770643990985e-05,4.666666666666667,0.4714045207910317
minmax,dbscan,pca,ksvc,hyperbolic,minmax__dbscan__pca__ksvc__hyperbolic,ok,,0.5674880121540141,0.019446181543157248,0.20056631807009465,0.01493861626198521,0.13592304703213665,0.10105763508522518,0.7829158475684556,0.008474938790678553,0.00858046866596851,0.00024370423208057394,0.0007546936661431877,6.63150946457054e-05,4.666666666666667,0.4714045207910317
minmax,dbscan,pca,ksvc,triangle,minmax__dbscan__pca__ksvc__triangle,ok,,0.7050752504391586,0.024489744601581303,0.4380340191254097,0.05289157879151554,0.539556399844662,0.03841061240434413,0.8307017562695543,0.031833802556187486,0.010660880999542618,0.001607615739491955,0.0015394539999154706,0.0002801799565266178,4.666666666666667,0.4714045207910317
minmax,dbscan,pca,ksvc,radial_basic,minmax__dbscan__pca__ksvc__radial_basic,ok,,0.7192707591511182,0.05076154146513386,0.4858550318270567,0.11034216230443389,0.5655006868251103,0.06833930488972816,0.8092858905242472,0.05844652842515108,0.010951943666441366,0.0006979003043583726,0.0019952936672780197,7.119923275975348e-05,4.666666666666667,0.4714045207910317
minmax,dbscan,pca,ksvc,rquadratic,minmax__dbscan__pca__ksvc__rquadratic,ok,,0.721953188054883,0.010843445393498316,0.4356737614222686,0.030803536956994667,0.5673724564611534,0.003413096475968162,0.83257845253891,0.027660179382734067,0.009253495666295445,0.0002017200712995405,0.0010172273329468833,3.446585199186427e-05,4.666666666666667,0.4714045207910317
minmax,dbscan,pca,ksvc,canberra,minmax__dbscan__pca__ksvc__canberra,ok,,0.7247543085030622,0.025597845212161557,0.42448562748449187,0.08343982365603424,0.5797111912792848,0.0374714424327079,0.8470347846877372,0.039766202430487625,0.010864166000222516,6.360328606751478e-05,0.00236549366672989,5.0745266344925156e-05,4.666666666666667,0.4714045207910317
minmax,dbscan,pca,ksvc,truncated,minmax__dbscan__pca__ksvc__truncated,ok,,0.7304515026349523,0.04222546736457589,0.46898092134998737,0.06271641711455561,0.5745957221362672,0.061758185649216056,0.837005273039359,0.05517948189538087,0.013338713667205107,0.001069840214530943,0.0024535143329558196,0.0005744911634630303,4.666666666666667,0.4714045207910317
minmax,dbscan,pca,kannc,linear,minmax__dbscan__pca__kannc__linear,ok,,0.6544889142097517,0.006998011586359675,0.3366278808686552,0.0438623410996824,0.4593617265636751,0.01853384057206784,0.7702102371950975,0.06979004602692787,0.209108382667182,0.009804851330226433,0.1592823803336311,0.006392250863111788,4.666666666666667,0.4714045207910317
minmax,dbscan,pca,kannc,poly,minmax__dbscan__pca__kannc__poly,ok,,0.5422779281204007,0.03618472089014007,0.1531678486997636,0.023353823289694795,0.010515213973006907,0.014870758211881442,0.5278699246601766,0.04293883065074181,0.23898905200015483,0.0023508654150193433,0.18597910466633039,0.006835639513203771,4.666666666666667,0.4714045207910317
minmax,dbscan,pca,kannc,rbf,minmax__dbscan__pca__kannc__rbf,ok,,0.5309310164743865,0.008787920665981674,0.21669502118950645,0.07365992910689408,0.14996688738494532,0.07822011484777458,0.6400621262527108,0.06535150509517382,2.004332839667162,0.020342761287182706,1.65409062166691,0.024424138324338575,4.666666666666667,0.4714045207910317
minmax,dbscan,pca,kannc,hyperbolic,minmax__dbscan__pca__kannc__hyperbolic,ok,,0.5422779281204007,0.03618472089014007,0.1529141143023828,0.02352317591817047,0.0,0.0,0.5235433157809274,0.047749019050567124,0.2344988106663853,0.002893222338478662,0.17995186466638793,0.0026460055777652717,4.666666666666667,0.4714045207910317
minmax,dbscan,pca,kannc,triangle,minmax__dbscan__pca__kannc__triangle,ok,,0.6041874376869392,0.06497455710374023,0.32881982427519546,0.15053342467563688,0.31405707721914533,0.13858101808049544,0.7429752151072796,0.07645800610097833,2.6018637133335383,0.08562782780925435,2.1093407373330897,0.07327952779661878,4.666666666666667,0.4714045207910317
minmax,dbscan,pca,kannc,radial_basic,minmax__dbscan__pca__kannc__radial_basic,ok,,0.6573375112756967,0.00925361786562931,0.351388884883222,0.030349536700582068,0.423323634941819,0.025349655922015393,0.8211316848946645,0.042681810404888026,0.27760335899984057,0.00045713827230476164,0.2189065846663046,0.0038403436359379247,4.666666666666667,0.4714045207910317
minmax,dbscan,pca,kannc,rquadratic,minmax__dbscan__pca__kannc__rquadratic,ok,,0.54507904856858,0.03404103290714326,0.19633486979306503,0.059590373989024614,0.1048345150437176,0.026252185197382913,0.618542517531233,0.0802977034251535,2.118827381333176,0.02661500031696616,1.725419207999342,0.06144863900866809,4.666666666666667,0.4714045207910317
minmax,dbscan,pca,kannc,canberra,minmax__dbscan__pca__kannc__canberra,ok,,0.5394768076722214,0.03861685167734804,0.15242166654736522,0.023893957006541865,-0.015158804999783166,0.02143778762006244,0.5490889198829523,0.056313991038831425,0.4169224086666266,0.014032446527546464,0.3191750556664677,0.00034994048314043415,4.666666666666667,0.4714045207910317
minmax,dbscan,pca,kannc,truncated,minmax__dbscan__pca__kannc__truncated,ok,,0.5756777287186061,0.07441648239291432,0.2698835210932479,0.08125261830607726,0.2901149746997859,0.16225714661229287,0.7351999773148116,0.08185234755281423,0.33280337466627924,0.005116636920208178,0.26250925266685954,0.010278199550621375,4.666666666666667,0.4714045207910317
minmax,dbscan,pca,kridge,linear,minmax__dbscan__pca__kridge__linear,ok,,0.6574562028201111,0.03907945730998884,0.4235151300386985,0.07710657800402816,0.4967698570396774,0.053015378248344354,0.8297378590748888,0.034268878122505966,0.009999348666800264,0.0016864024668278347,0.0005394663330662297,0.0001015989324567447,4.666666666666667,0.4714045207910317
minmax,dbscan,pca,kridge,poly,minmax__dbscan__pca__kridge__poly,ok,,0.7135735650192281,0.022761164014835477,0.38941411601092774,0.07829918596487072,0.5453832307640902,0.0180175484698273,0.8442045220640809,0.02961704237897215,0.008966387999559325,0.00022903100065686457,0.0005152700002023872,3.932031317491192e-05,4.666666666666667,0.4714045207910317
minmax,dbscan,pca,kridge,rbf,minmax__dbscan__pca__kridge__rbf,ok,,0.7080425390495182,0.04582031077220963,0.46224228301858944,0.10835258059130178,0.53581987036669,0.05473918175604058,0.8494223629680127,0.027362948153856433,0.008734813000652744,0.00012539386180443373,0.0008873226670402801,0.00014630617839469083,4.666666666666667,0.4714045207910317
minmax,dbscan,pca,kridge,hyperbolic,minmax__dbscan__pca__kridge__hyperbolic,ok,,0.6657171343113517,0.004776534717905631,0.3218803568229745,0.016951092921705463,0.42783554228159787,0.0586924638412202,0.8421122536908285,0.02792625739003498,0.01023167566563643,0.0010677973833423875,0.0005234519994701259,1.1969825459980094e-05,4.666666666666667,0.4714045207910317
minmax,dbscan,pca,kridge,triangle,minmax__dbscan__pca__kridge__triangle,ok,,0.69377581541091,0.03935825930190662,0.4401047815076968,0.05236230199616299,0.5151410751108803,0.0708026803140853,0.8346411067363663,0.03307557809840308,0.010019263666739183,0.0005100628718155573,0.000950128999951024,4.643428649595005e-05,4.666666666666667,0.4714045207910317
minmax,dbscan,pca,kridge,radial_basic,minmax__dbscan__pca__kridge__radial_basic,ok,,0.7164221620851731,0.03695407435867898,0.4928636254019854,0.08488941912326073,0.5485909232621037,0.04254876235164003,0.8693741250659847,0.027579051764750055,0.014315220666806757,0.0017370014566870122,0.0024650666667488017,0.0002192987350478313,4.666666666666667,0.4714045207910317
minmax,dbscan,pca,kridge,rquadratic,minmax__dbscan__pca__kridge__rquadratic,ok,,0.7136210416369938,0.04425151877130586,0.4784275646159035,0.09521970663046475,0.5445736731823271,0.06073502813189649,0.869644441370021,0.029707188255144176,0.012931728000088091,0.0013286667473688387,0.0012890163331273168,2.2043730968101605e-05,4.666666666666667,0.4714045207910317
minmax,dbscan,pca,kridge,canberra,minmax__dbscan__pca__kridge__canberra,ok,,0.7276029055690073,0.02789971431167107,0.46353571996350834,0.05053314250287777,0.5753033346431912,0.03865282441604486,0.8726753197683669,0.03424891922859223,0.011207621000721701,0.0002847324884524612,0.0025867256663332228,0.00036388505675337207,4.666666666666667,0.4714045207910317
minmax,dbscan,pca,kridge,truncated,minmax__dbscan__pca__kridge__truncated,ok,,0.7248730000474767,0.04747742486139215,0.46943518248080784,0.07978316610273661,0.5663403192896896,0.05839190857639796,0.859849008216773,0.050469647056553296,0.013466989000638327,0.00028079886698146374,0.0020125166659757574,0.00019838285376768712,4.666666666666667,0.4714045207910317
minmax,dbscan,lda,ksvc,linear,minmax__dbscan__lda__ksvc__linear,ok,,0.7641599012486351,0.0336401068732842,0.5340880013659127,0.0754923362434555,0.6308153457428003,0.033878861471873606,0.8484253596416081,0.018487979135502874,0.01066521966701354,0.00017554017034616213,0.0007818716658221092,4.0373483879311925e-05,4.666666666666667,0.4714045207910317
minmax,dbscan,lda,ksvc,poly,minmax__dbscan__lda__ksvc__poly,ok,,0.7613587808004558,0.033827365021609594,0.5391160530861424,0.061644528709176166,0.626460682110939,0.03756958932385843,0.8469222357124556,0.02600342384142047,0.01041521266718822,0.0009879629152328817,0.0008610730001237243,0.0001480259903815782,4.666666666666667,0.4714045207910317
minmax,dbscan,lda,ksvc,rbf,minmax__dbscan__lda__ksvc__rbf,ok,,0.7585339220433936,0.03389098997059417,0.48081626511310666,0.06628705647774295,0.6307772333412742,0.04392902555525092,0.8461781950756202,0.03197256453302581,0.009272545665832391,0.00045192412962559377,0.0009560706663857369,4.6670954326116624e-05,4.666666666666667,0.4714045207910317
minmax,dbscan,lda,ksvc,hyperbolic,minmax__dbscan__lda__ksvc__hyperbolic,ok,,0.6826662868537245,0.023069239832187637,0.40904049821026894,0.04969151823376216,0.5017735532678453,0.012671194672421088,0.7151645013098468,0.03400484795104747,0.009417866333023994,0.00034357278714685903,0.0007807459999942997,0.00013707874895946596,4.666666666666667,0.4714045207910317
minmax,dbscan,lda,ksvc,triangle,minmax__dbscan__lda__ksvc__triangle,ok,,0.7613350424915729,0.03462468138733092,0.5030169149753821,0.06902736925066147,0.6285513533110052,0.04200154462642808,0.8759242519752112,0.008554873891994974,0.009159653333578413,3.39229277142968e-05,0.0011133543327256727,1.4536448046684909e-05,4.666666666666667,0.4714045207910317
minmax,dbscan,lda,ksvc,radial_basic,minmax__dbscan__lda__ksvc__radial_basic,ok,,0.7613825191093387,0.044021706582741196,0.5198437264969633,0.09747585197627351,0.6265249345283366,0.055088909079953056,0.8249474370524853,0.06088214237383538,0.010746681666811734,0.00025913335056730575,0.0019847670003703874,6.075089780690369e-05,4.666666666666667,0.4714045207910317
minmax,dbscan,lda,ksvc,rquadratic,minmax__dbscan__lda__ksvc__rquadratic,ok,,0.7613825191093387,0.044021706582741196,0.486024983782098,0.07590379016523162,0.6351510358205202,0.06066564397107702,0.8556177174969263,0.03616379750587943,0.009174535332325226,8.224695629904775e-05,0.001011937333411576,9.571351342640593e-05,4.666666666666667,0.4714045207910317
minmax,dbscan,lda,ksvc,canberra,minmax__dbscan__lda__ksvc__canberra,ok,,0.7500830840810901,0.031845381535107964,0.4694829299392001,0.07684097121214524,0.6180294096552319,0.035582675858555894,0.8707636403336872,0.0351610725473779,0.011852478000340247,0.00035517459076116274,0.0024725513333881586,0.0002447875086608267,4.666666666666667,0.4714045207910317
minmax,dbscan,lda,ksvc,truncated,minmax__dbscan__lda__ksvc__truncated,ok,,0.7528604662203865,0.016548274615205073,0.4966348024800898,0.03777727773710475,0.612234291404535,0.013674195987664419,0.8530195061583937,0.030090516563455284,0.013766369999454279,0.0004729298248965988,0.0020376576661268095,0.0001834097917493236,4.666666666666667,0.4714045207910317
minmax,dbscan,lda,kannc,linear,minmax__dbscan__lda__kannc__linear,ok,,0.707876370887338,0.02758975695070908,0.42247098301573577,0.03864237249490979,0.5528401913685108,0.040735225820610475,0.8948223162080199,0.013819978426037306,0.22442226500000592,0.014841211230203573,0.1681080363335544,0.006158201607381655,4.666666666666667,0.4714045207910317
minmax,dbscan,lda,kannc,poly,minmax__dbscan__lda__kannc__poly,ok,,0.7417984142809666,0.064592483725005,0.5112051066789932,0.15862281854897103,0.6000597385256562,0.0885169602270196,0.857391997746498,0.08368306197404095,0.27640290533296746,0.011211108128975857,0.2005412130001787,0.012159886962095755,4.666666666666667,0.4714045207910317
minmax,dbscan,lda,kannc,rbf,minmax__dbscan__lda__kannc__rbf,ok,,0.6769928310307174,0.009576458659048956,0.3317765382214441,0.039505182664757554,0.47050104502237194,0.017555495865931525,0.8488600808765291,0.03022256026209283,2.2235592716666965,0.08573965421696476,1.7918320619998365,0.12069051307772308,4.666666666666667,0.4714045207910317
minmax,dbscan,lda,kannc,hyperbolic,minmax__dbscan__lda__kannc__hyperbolic,ok,,0.7107724445710488,0.03447985892333541,0.40485789047679127,0.059264003620647314,0.553599168276035,0.041766412402781186,0.7856482230464182,0.10527221751097689,0.2484654033329813,0.003739277965438146,0.1866107536667793,0.0007082440893642642,4.666666666666667,0.4714045207910317
minmax,dbscan,lda,kannc,triangle,minmax__dbscan__lda__kannc__triangle,ok,,0.6883397426767317,0.03528526943562605,0.40396632440392954,0.05246601010626069,0.5006135438550173,0.060215574327218614,0.8256991572339015,0.0719652087412211,2.644364455665709,0.11749258137236647,2.1365112059993407,0.08077165504475911,4.666666666666667,0.4714045207910317
minmax,dbscan,lda,kannc,radial_basic,minmax__dbscan__lda__kannc__radial_basic,ok,,0.7304515026349523,0.03750158473220671,0.43556369123788374,0.09379051887314295,0.570991284685861,0.05722960864606934,0.8902437349107141,0.03824373696878738,0.3256977573328186,0.014567107023637078,0.23615531533384151,0.017432454646891134,4.666666666666667,0.4714045207910317
minmax,dbscan,lda,kannc,rquadratic,minmax__dbscan__lda__kannc__rquadratic,ok,,0.6770403076484831,0.019855133645127004,0.3400732368718273,0.06060010837592915,0.46079492030597596,0.017804391841254825,0.8493509103726606,0.016302047169915172,2.1854681996671084,0.0929154197942845,1.8153185940003216,0.1184628725366088,4.666666666666667,0.4714045207910317
minmax,dbscan,lda,kannc,canberra,minmax__dbscan__lda__kannc__canberra,ok,,0.5422779281204007,0.03618472089014007,0.1529141143023828,0.02352317591817047,0.0,0.0,0.5958269067339578,0.05285539706457992,0.45081190399954113,0.03168313732988977,0.38528062233308447,0.03261292420029017,4.666666666666667,0.4714045207910317
minmax,dbscan,lda,kannc,truncated,minmax__dbscan__lda__kannc__truncated,ok,,0.5648055832502492,0.050522494365325896,0.2098463212388683,0.07214868966506152,0.16074345474129528,0.09786942344667815,0.6829686777329753,0.06826577061739734,0.35104218466707,0.026923436506557718,0.26482107666743104,0.009586869547788975,4.666666666666667,0.4714045207910317
minmax,dbscan,lda,kridge,linear,minmax__dbscan__lda__kridge__linear,ok,,0.7220718795992974,0.05110358965692157,0.48574696751106544,0.09979317868558339,0.577799867683501,0.05896124966376303,0.8483454456953767,0.03669068606109332,0.009180068999436722,0.0005970062654202104,0.00044365633342143457,5.0246058389313825e-06,4.666666666666667,0.4714045207910317
minmax,dbscan,lda,kridge,poly,minmax__dbscan__lda__kridge__poly,ok,,0.7472819636329108,0.035741348887359956,0.5079570758204991,0.07221526712391621,0.5999925687643239,0.04604937022300945,0.8802182200739672,0.01948288716773137,0.008607022000433062,0.00023102218505223967,0.0004584246671583969,2.7824457148042572e-05,4.666666666666667,0.4714045207910317
minmax,dbscan,lda,kridge,rbf,minmax__dbscan__lda__kridge__rbf,ok,,0.7501542990077387,0.04395879754578946,0.4977559676000031,0.10777865256495026,0.6064228995466067,0.05296077345664311,0.8833235551290057,0.025188995338834803,0.00917288200010565,0.000938443713326544,0.00074102033310434,3.2069759473700548e-06,4.666666666666667,0.4714045207910317
minmax,dbscan,lda,kridge,hyperbolic,minmax__dbscan__lda__kridge__hyperbolic,ok,,0.5253762521957935,0.08906200973243206,0.3410030960704695,0.0648596931724176,0.35120436132703564,0.05792659847769766,0.6513881483944345,0.0964718869838127,0.009140296666979944,0.0003522383458530224,0.0007045773327263305,0.00029733292153624394,4.666666666666667,0.4714045207910317
minmax,dbscan,lda,kridge,triangle,minmax__dbscan__lda__kridge__triangle,ok,,0.7557328015952144,0.030682312916328357,0.5454790269114712,0.06443677373292228,0.6189872884564604,0.03319754553036845,0.8843380202749161,0.023496468798810368,0.009260175333717294,0.0003060286111652443,0.0010013606661232188,9.982793656323908e-05,4.666666666666667,0.4714045207910317
minmax,dbscan,lda,kridge,radial_basic,minmax__dbscan__lda__kridge__radial_basic,ok,,0.7614062574182215,0.0549071651474963,0.5272394843701732,0.11695541473155296,0.6286594770439633,0.07287160223660412,0.8933226252061982,0.01472090341442987,0.010011154333672797,0.0001063181438650999,0.001668306333158398,0.0001497499414208343,4.666666666666667,0.4714045207910317
minmax,dbscan,lda,kridge,rquadratic,minmax__dbscan__lda__kridge__rquadratic,ok,,0.7613587808004558,0.04134274397521521,0.5270783912546434,0.09205316877047877,0.6266312789642869,0.05255128090279827,0.8994225625266677,0.018167439715288405,0.008799746333655397,0.00029846795058721486,0.0009393889995408244,0.00015758421605175133,4.666666666666667,0.4714045207910317
minmax,dbscan,lda,kridge,canberra,minmax__dbscan__lda__kridge__canberra,ok,,0.7556615866685658,0.017573308293306396,0.49238348484314015,0.041551776417945954,0.6249520354275734,0.016416953711062023,0.8888014354926943,0.03129462614991802,0.012000594332979139,0.0010180916146659217,0.002319588666675069,0.00032294132264886274,4.666666666666667,0.4714045207910317
minmax,dbscan,lda,kridge,truncated,minmax__dbscan__lda__kridge__truncated,ok,,0.7472819636329109,0.0266929235040489,0.4985857614724007,0.033572681940354,0.603403305051711,0.02871642415882912,0.8763884063006814,0.02735843360486532,0.01451637466683072,0.0019292885725166946,0.0020692716667933078,0.00044310082636377313,4.666666666666667,0.4714045207910317
minmax,agglomerative,pca,ksvc,linear,minmax__agglomerative__pca__ksvc__linear,ok,,0.6655034895314057,0.05873002502038313,0.35398085844566474,0.03189592518352298,0.5100285719743524,0.028998435343594503,0.7652112869714843,0.03255816855407117,0.0028153149996796856,0.00011795596872125777,0.0007475293338454018,3.5302031707616914e-05,5.0,0.0
minmax,agglomerative,pca,ksvc,poly,minmax__agglomerative__pca__ksvc__poly,ok,,0.6571001281868679,0.0565179473299233,0.334783839141427,0.02328049605077197,0.4985829536812884,0.030474196736605223,0.773690933691494,0.023479116206782613,0.0027564593334924816,0.00014271249056163534,0.0007390403340347499,8.876477379451903e-06,5.0,0.0
minmax,agglomerative,pca,ksvc,rbf,minmax__agglomerative__pca__ksvc__rbf,ok,,0.6628210606276409,0.04259427941505207,0.3911402621608406,0.02996356089668766,0.5029772596366852,0.03047136166875699,0.8106930707553026,0.017067173564696357,0.002728673333573776,9.469802247218809e-05,0.0010897526669092865,0.00011866939852343673,5.0,0.0
minmax,agglomerative,pca,ksvc,hyperbolic,minmax__agglomerative__pca__ksvc__hyperbolic,ok,,0.5448179271708683,0.044245291313533074,0.22458454153870813,0.03349055130826556,0.246137825674148,0.08602712329994658,0.7742505607214613,0.03360461471276627,0.0026662433331997213,6.82879235949227e-05,0.0007449713333092708,1.418464243947524e-05,5.0,0.0
minmax,agglomerative,pca,ksvc,triangle,minmax__agglomerative__pca__ksvc__triangle,ok,,0.6994255329250344,0.031040196719630306,0.49029026436371215,0.08572046411129329,0.5545307205545283,0.0382190455661309,0.8661179754229943,0.03517776595398832,0.0029386373335000826,0.0001111696094009198,0.0011341676672600443,2.1635927247015154e-05,5.0,0.0
minmax,agglomerative,pca,ksvc,radial_basic,minmax__agglomerative__pca__ksvc__radial_basic,ok,,0.7246593552675308,0.02281297181283825,0.5461932914433766,0.06544756595956577,0.5942553458173722,0.016850733178929246,0.8555478808571794,0.032653801023494335,0.004194576333247824,6.490126645804571e-05,0.0019437453332405614,3.398229942082078e-05,5.0,0.0
minmax,agglomerative,pca,ksvc,rquadratic,minmax__agglomerative__pca__ksvc__rquadratic,ok,,0.6684707781417653,0.03241905654511977,0.4019442669788966,0.05765011397849353,0.5031972912032848,0.022646187251762744,0.8468593828533475,0.02576279971316572,0.003640456333111312,0.0008541828872778647,0.0016121393340047991,0.0006794487660207891,5.0,0.0
minmax,agglomerative,pca,ksvc,canberra,minmax__agglomerative__pca__ksvc__canberra,ok,,0.699330579689503,0.04645499105420874,0.4500680583035816,0.042501175559099234,0.5576408716285346,0.03992664284008785,0.8483288834811665,0.025039233231856264,0.005055295333780426,0.00031595889089334523,0.002511541999410838,1.9968589269991515e-05,5.0,0.0
minmax,agglomerative,pca,ksvc,truncated,minmax__agglomerative__pca__ksvc__truncated,ok,,0.7219769263637659,0.035159697117779984,0.5076107939381523,0.07766953643850485,0.5827105958497273,0.05868443377476708,0.8727037227562707,0.043156749547102476,0.006962498000575579,0.00020769652976170065,0.0020812343342792397,2.3623713238849255e-05,5.0,0.0
minmax,agglomerative,pca,kannc,linear,minmax__agglomerative__pca__kannc__linear,ok,,0.6037364098181645,0.06888748443185559,0.3459310164902906,0.033263053385822375,0.3999261856829201,0.039833852908260206,0.7902242173305437,0.04988527033264232,0.21273018333279956,0.01529633063939654,0.17312733033334857,0.011179954309307462,5.0,0.0
minmax,agglomerative,pca,kannc,poly,minmax__agglomerative__pca__kannc__poly,ok,,0.4658880501353084,0.10973515418807893,0.13545283131412886,0.009246214344002829,0.035171209726183685,0.03055513711633862,0.515391559627712,0.06604100030753504,0.23639265199987372,0.014594319597010097,0.1890902010006054,0.011396839682510691,5.0,0.0
minmax,agglomerative,pca,kannc,rbf,minmax__agglomerative__pca__kannc__rbf,ok,,0.474338888097612,0.10056800606712808,0.1799570672708147,0.052203564346757145,0.11439739943765152,0.12513874322572935,0.6359340593820576,0.11537209264671748,2.0856288246662493,0.011774902435763684,1.7178462650002377,0.02069403503230237,5.0,0.0
minmax,agglomerative,pca,kannc,hyperbolic,minmax__agglomerative__pca__kannc__hyperbolic,ok,,0.4687129088923705,0.10604257822969716,0.13618497593638834,0.00848901703514381,0.03995074707223958,0.05649888833649842,0.49459987336330546,0.07317547161383019,0.22999175233356559,0.010195228117801988,0.17835816399989804,0.001143535426037286,5.0,0.0
minmax,agglomerative,pca,kannc,triangle,minmax__agglomerative__pca__kannc__triangle,ok,,0.5592033423538907,0.0639894373632856,0.2985630435050725,0.13264040750665396,0.2590946580175669,0.18841826599026815,0.7132125548049415,0.10999317829335492,2.5706560790004005,0.026793860928131776,2.0980975086671,0.06468167152045391,5.0,0.0
minmax,agglomerative,pca,kannc,radial_basic,minmax__agglomerative__pca__kannc__radial_basic,ok,,0.5784076342401367,0.06479165180012138,0.3090504079164831,0.03065615768096653,0.35692699362448255,0.025013990409485685,0.8137900704475839,0.009136770775074464,0.284984405333186,0.013826302687000771,0.20843679466634057,0.0021861045300070403,5.0,0.0
minmax,agglomerative,pca,kannc,rquadratic,minmax__agglomerative__pca__kannc__rquadratic,ok,,0.46876038551013627,0.09830556785687944,0.1896272736606007,0.04591261345059984,0.1180119863594052,0.08678821099215331,0.6158634384118825,0.12521943923977807,2.090416178666904,0.03797323588656005,1.6763173476671607,0.06253302525844129,5.0,0.0
minmax,agglomerative,pca,kannc,canberra,minmax__agglomerative__pca__kannc__canberra,ok,,0.5337321369225657,0.03484641440611335,0.21040701848279117,0.10219442623096313,0.10631106720609501,0.19645942917698733,0.6051266321139884,0.177176271903029,0.4091052436663934,0.020695808135039476,0.3348492153339369,0.01615612319650242,5.0,0.0
minmax,agglomerative,pca,kannc,truncated,minmax__agglomerative__pca__kannc__truncated,ok,,0.5676541803161943,0.08369207347597306,0.25601929992430056,0.11767401253509814,0.24371023521368798,0.20744507732626913,0.6507425233539273,0.15814869550490274,0.3182979683333542,0.007107505879128357,0.2484077466663924,0.002670690935809492,5.0,0.0
minmax,agglomerative,pca,kridge,linear,minmax__agglomerative__pca__kridge__linear,ok,,0.6571238664957508,0.05673422052927499,0.4551095002336197,0.020764671223188272,0.506816334723425,0.0492392607977844,0.827728534395383,0.018709327944657152,0.0022765403336961754,0.00012385392468271784,0.00044428466632477165,8.619857328948819e-06,5.0,0.0
minmax,agglomerative,pca,kridge,poly,minmax__agglomerative__pca__kridge__poly,ok,,0.6740018041114751,0.04047424128730971,0.3944035919161301,0.038174807702568994,0.510329747060284,0.008757282522342055,0.848040101489837,0.018955005668293654,0.002224507665838852,3.7546236510438664e-05,0.00046095633297227323,9.392046467318789e-06,5.0,0.0
minmax,agglomerative,pca,kridge,rbf,minmax__agglomerative__pca__kridge__rbf,ok,,0.674025542420358,0.03589483493336828,0.4358510248518785,0.046711471364395525,0.5084633550774869,0.006213066357552136,0.8748347575157344,0.015924922286314452,0.0024171923329655933,0.00011746908572347444,0.0007677080005426736,1.5443099552782624e-05,5.0,0.0
minmax,agglomerative,pca,kridge,hyperbolic,minmax__agglomerative__pca__kridge__hyperbolic,ok,,0.6291601386317239,0.01507978757639713,0.32299245037822844,0.046277489067593186,0.4182306503631348,0.07114237050251025,0.83994114886621,0.023738266260445864,0.00231670733289017,6.565399676587069e-06,0.0005072450003353879,1.0921850644336345e-05,5.0,0.0
minmax,agglomerative,pca,kridge,triangle,minmax__agglomerative__pca__kridge__triangle,ok,,0.6460143379385652,0.030524843928984694,0.4485018876472365,0.0905331714651286,0.4710866443535335,0.02987897238211556,0.8589447964246636,0.021463036964661633,0.002620149666351305,6.792414287126992e-05,0.000958792665793832,6.514922920100077e-05,5.0,0.0
minmax,agglomerative,pca,kridge,radial_basic,minmax__agglomerative__pca__kridge__radial_basic,ok,,0.682571333618193,0.024234383616596897,0.46065515871521107,0.06996068820924214,0.5221240602288194,0.038313431048784666,0.8847575025950197,0.01388900130957369,0.004223675667162752,0.000275541378494456,0.0019222006661342068,6.410916046233686e-05,5.0,0.0
minmax,agglomerative,pca,kridge,rquadratic,minmax__agglomerative__pca__kridge__rquadratic,ok,,0.676874139486303,0.03338906011249807,0.48107886489095103,0.041630040748880284,0.5157752977324793,0.012105473212019095,0.8922050399097591,0.01734842021820763,0.0029305613334145164,0.0003005105274708553,0.0009847586661635432,0.00016444206555361356,5.0,0.0
minmax,agglomerative,pca,kridge,canberra,minmax__agglomerative__pca__kridge__canberra,ok,,0.679722736552248,0.03676811942298242,0.4292902373721427,0.04369224226110559,0.5285853499670252,0.0341077929773869,0.889368716576592,0.026427816941708048,0.005109088333483669,0.0003848694132716156,0.002631133667212756,0.00048033456389336295,5.0,0.0
minmax,agglomerative,pca,kridge,truncated,minmax__agglomerative__pca__kridge__truncated,ok,,0.7163509471585243,0.04374903993300789,0.5051266814895617,0.06625726660688808,0.5801474514805102,0.06307501267362844,0.87629873423924,0.03790558046876606,0.007404360999620015,8.281669613628905e-05,0.002006247666940908,6.878720791822748e-05,5.0,0.0
minmax,agglomerative,lda,ksvc,linear,minmax__agglomerative__lda__ksvc__linear,ok,,0.7274129990979442,0.05609073563821912,0.5900879252089377,0.07475975185699792,0.6105757333395877,0.0562775872164061,0.8788350315982646,0.045848400214150396,0.003820636333330185,0.0002638594762993212,0.0009110520010532733,0.00021523277581937471,5.0,0.0
minmax,agglomerative,lda,ksvc,poly,minmax__agglomerative__lda__ksvc__poly,ok,,0.7302853344727721,0.043179403120265004,0.5874080664411058,0.06945856874382222,0.6143356330340507,0.049343356777457555,0.8824808068750251,0.02997768953945342,0.004084980999929637,0.0004757744267955193,0.001032957665908422,0.00019069540185786575,5.0,0.0
minmax,agglomerative,lda,ksvc,rbf,minmax__agglomerative__lda__ksvc__rbf,ok,,0.7105587997911028,0.03995626340691232,0.5153478748065805,0.05857524661272629,0.5788412175248033,0.02524537634774289,0.8722956176474446,0.017711082270499473,0.0036422863334640474,0.000209878761257333,0.0012132346661625586,0.00012514935701735802,5.0,0.0
minmax,agglomerative,lda,ksvc,hyperbolic,minmax__agglomerative__lda__ksvc__hyperbolic,ok,,0.6091250059345773,0.11148599657453274,0.40616823794254664,0.05044424850191918,0.4347504039905094,0.10927525883196895,0.7654341210914826,0.04483122020035378,0.0031058596662963587,0.00011714503568383518,0.0007359343332306404,9.73451738475358e-06,5.0,0.0
minmax,agglomerative,lda,ksvc,triangle,minmax__agglomerative__lda__ksvc__triangle,ok,,0.7274129990979442,0.05609073563821912,0.5521428390337538,0.07065458658819602,0.6067223701155652,0.059431246206107166,0.8843759453731236,0.014604128540634654,0.003388695666217245,5.311009918600582e-05,0.0012458970001413643,8.327091408751053e-05,5.0,0.0
minmax,agglomerative,lda,ksvc,radial_basic,minmax__agglomerative__lda__ksvc__radial_basic,ok,,0.7273892607890614,0.046633108762931696,0.572618206195795,0.040660284277647236,0.6079790453858078,0.033698894070111805,0.8867117685839063,0.026952136426424637,0.00453664299978603,0.00023756510413075078,0.0020953113332022135,1.6234871127938648e-05,5.0,0.0
minmax,agglomerative,lda,ksvc,rquadratic,minmax__agglomerative__lda__ksvc__rquadratic,ok,,0.7330152399943027,0.052719924879919125,0.5583959468442531,0.062069326202156445,0.6198184563549679,0.05161972559131384,0.8917226426202026,0.01713797363266663,0.0037209959991741925,0.00019107626470752238,0.0010600059995340416,1.7893414130713263e-05,5.0,0.0
minmax,agglomerative,lda,ksvc,canberra,minmax__agglomerative__lda__ksvc__canberra,ok,,0.7244931871053506,0.06047991905973768,0.4974670811655972,0.019436688571465553,0.5955724128026026,0.053214605112139164,0.8827543736231817,0.008627505747728198,0.005393627666611185,0.00026929489928718915,0.0027656906671230295,9.553041899183228e-05,5.0,0.0
minmax,agglomerative,lda,ksvc,truncated,minmax__agglomerative__lda__ksvc__truncated,ok,,0.6936096472487301,0.054756092534630686,0.469416481166917,0.031868510770894254,0.5461802769299804,0.03126743353750932,0.8780893102513893,0.01155622837854514,0.00789062533294782,0.0003326032733215525,0.002074738666730506,5.123691250705553e-05,5.0,0.0
minmax,agglomerative,lda,kannc,linear,minmax__agglomerative__lda__kannc__linear,ok,,0.6372311636519015,0.10579122171527303,0.4196266623358316,0.04808399164399616,0.49307237252232716,0.08788996109530475,0.8736476904259373,0.01882908727266249,0.2075263573333359,0.009970257906461808,0.1590752653319214,0.005041211721648474,5.0,0.0
minmax,agglomerative,lda,kannc,poly,minmax__agglomerative__lda__kannc__poly,ok,,0.7105113231733372,0.04586827324304158,0.5085645183606499,0.04520100600540911,0.5771422922307373,0.019209385702297667,0.8992517248674642,0.004935471889264541,0.249421834666767,0.007128365382631846,0.19018348666698634,0.0015469597021748765,5.0,0.0
minmax,agglomerative,lda,kannc,rbf,minmax__agglomerative__lda__kannc__rbf,ok,,0.6430945259459716,0.04182543173795339,0.3577699536223942,0.062055401579927956,0.44718152871919603,0.06469299119067212,0.8351813582684131,0.026853376046267738,2.1291462133322057,0.03514647020200793,1.6785538646666585,0.03261969605762297,5.0,0.0
minmax,agglomerative,lda,kannc,hyperbolic,minmax__agglomerative__lda__kannc__hyperbolic,ok,,0.6798176897877796,0.0359292303136978,0.48637569261713054,0.09821670029741375,0.5342407179617084,0.04139451793405259,0.7942474152027907,0.04878276310368365,0.2382988416666194,0.0020795974334489476,0.1861586010005946,0.0038047444679151867,5.0,0.0
minmax,agglomerative,lda,kannc,triangle,minmax__agglomerative__lda__kannc__triangle,ok,,0.6852775008308408,0.03220916762883825,0.40650451020762385,0.05146971454231469,0.5242255268265276,0.012679671580655682,0.8989181516071669,0.021011532666617122,2.5365107449997595,0.06352510549696949,2.082959932333324,0.04456906546775897,5.0,0.0
minmax,agglomerative,lda,kannc,radial_basic,minmax__agglomerative__lda__kannc__radial_basic,ok,,0.6936808621753786,0.03656026340467448,0.4390327884052763,0.07037238843135145,0.5477495067976568,0.013741120352604668,0.8948694553027573,0.014897938766541557,0.27367002766732185,0.0019388147655141376,0.21091114233301292,0.0047022128771884875,5.0,0.0
minmax,agglomerative,lda,kannc,rquadratic,minmax__agglomerative__lda__kannc__rquadratic,ok,,0.6431657408726202,0.02358274049255077,0.35640022529314724,0.06407891183931971,0.4449905015718348,0.06412951464659149,0.8736881478817983,0.007386515246360377,2.1311128460001783,0.07422333272226837,1.716488084333226,0.045592010652915245,5.0,0.0
minmax,agglomerative,lda,kannc,canberra,minmax__agglomerative__lda__kannc__canberra,ok,,0.44055927455728056,0.12349465464398421,0.14819856391835054,0.007825928762676387,0.014617556343756727,0.06540781296393083,0.490487819712982,0.030007905010072135,0.39236723066702933,0.008931128501908655,0.3205879003332181,0.011359941254980906,5.0,0.0
minmax,agglomerative,lda,kannc,truncated,minmax__agglomerative__lda__kannc__truncated,ok,,0.4630869296871291,0.10925662331187175,0.16391752011164237,0.005427121637111142,0.06879185159207286,0.012983003265354266,0.6127767632759944,0.015004899043315935,0.31377953033309797,0.0028400340421908207,0.2559298889997687,0.00841624289700214,5.0,0.0
minmax,agglomerative,lda,kridge,linear,minmax__agglomerative__lda__kridge__linear,ok,,0.6853012391397236,0.07567617245838962,0.5190091793170571,0.06879345142883075,0.5586866043342557,0.07399946310837408,0.8535964590686332,0.0127397938323196,0.0029421603327743164,0.0001410949647859466,0.0006169269994037071,0.00021468976693787573,5.0,0.0
minmax,agglomerative,lda,kridge,poly,minmax__agglomerative__lda__kridge__poly,ok,,0.6992593647628542,0.05272505520490791,0.4893043431654245,0.03378016781550037,0.5581665046960936,0.025657434337681147,0.8700458629608617,0.016406619792259543,0.0033301969997410197,5.6498198871869656e-05,0.0005672056662054578,4.1063283420618175e-05,5.0,0.0
minmax,agglomerative,lda,kridge,rbf,minmax__agglomerative__lda__kridge__rbf,ok,,0.6908560034183164,0.05432390494268604,0.47646004646044676,0.030309953713260753,0.5443965829988717,0.03409364815057601,0.9027628796859434,0.011366725135816002,0.003134343667018887,0.00016190033593933926,0.0009028226668306161,8.035209720807973e-05,5.0,0.0
minmax,agglomerative,lda,kridge,hyperbolic,minmax__agglomerative__lda__kridge__hyperbolic,ok,,0.6569339600246878,0.09399883549793174,0.5396589958602268,0.06737315921911331,0.5193660167634487,0.10235512929686263,0.7643828859833834,0.05104654392517617,0.0026673326659268546,9.598666624966011e-05,0.00048471766664685373,9.186262349920093e-06,5.0,0.0
minmax,agglomerative,lda,kridge,triangle,minmax__agglomerative__lda__kridge__triangle,ok,,0.7021317001376822,0.0449683526390086,0.5116662492868763,0.07578638939157832,0.5608441028273052,0.03261088990394779,0.8835494717586497,0.015553314645190955,0.0027930690005935808,3.244342730131824e-05,0.0008459103331309356,4.266344554856016e-06,5.0,0.0
minmax,agglomerative,lda,kridge,radial_basic,minmax__agglomerative__lda__kridge__radial_basic,ok,,0.7049328205858615,0.05434457459907238,0.5410204567299116,0.0756551328713122,0.571518315768048,0.05214629830418548,0.9029881446104041,0.0070400018090235866,0.0044162560006952845,0.00014322210687546841,0.0019588239993026946,0.00020889385714747136,5.0,0.0
minmax,agglomerative,lda,kridge,rquadratic,minmax__agglomerative__lda__kridge__rquadratic,ok,,0.707686464416275,0.06580632584853048,0.5575887322003691,0.06995421906072279,0.5759195649172318,0.06121517527477553,0.9168583795932369,0.009329433159839156,0.0028213193333309996,4.779963488293645e-05,0.0008673786669533001,0.00018890470231177045,5.0,0.0
minmax,agglomerative,lda,kridge,canberra,minmax__agglomerative__lda__kridge__canberra,ok,,0.6963870293880264,0.06434617944265139,0.47490113681547913,0.025106113804632443,0.5540009920079411,0.04760535805253695,0.889745929933866,0.007861007512709945,0.004778267333070592,0.00020923715379907715,0.0023905846665002173,0.0002309241540533074,5.0,0.0
minmax,agglomerative,lda,kridge,truncated,minmax__agglomerative__lda__kridge__truncated,ok,,0.6964582443146751,0.05723962458966727,0.5500479211067676,0.04480646505749529,0.5550651878455798,0.03731869695251869,0.877393490441555,0.002324477460054653,0.007072480667072038,0.00020842132100086679,0.001754260666227007,2.324130651814196e-05,5.0,0.0
normalizer,uniform,pca,ksvc,linear,normalizer__uniform__pca__ksvc__linear,ok,,0.5365095190618621,0.013846293279507576,0.13964859887511824,0.002340459583541805,0.0,0.0,0.6507283575516033,0.041766348943607146,0.002201813999514949,0.00010932330003858978,0.0009269049999905595,1.6905895311412825e-05,5.0,0.0
normalizer,uniform,pca,ksvc,poly,normalizer__uniform__pca__ksvc__poly,ok,,0.5365095190618621,0.013846293279507576,0.13964859887511824,0.002340459583541805,0.0,0.0,0.6507283575516033,0.041766348943607146,0.0022777959996650075,0.00016205698592331515,0.0009647269998822594,6.924317405660904e-05,5.0,0.0
normalizer,uniform,pca,ksvc,rbf,normalizer__uniform__pca__ksvc__rbf,ok,,0.5504201680672268,0.03956427700791466,0.22547641614836542,0.03595132603319622,0.2083256177823503,0.0515233580407662,0.6426073425102053,0.038532412533727106,0.0025051866675009173,0.00024470225250101577,0.0012116386666699934,7.333374562049511e-05,5.0,0.0
normalizer,uniform,pca,ksvc,hyperbolic,normalizer__uniform__pca__ksvc__hyperbolic,ok,,0.5365095190618621,0.013846293279507576,0.13964859887511824,0.002340459583541805,0.0,0.0,0.6507283575516033,0.041766348943607146,0.002013241333164236,4.1939296872477406e-05,0.0009217889995246272,1.6083098454817858e-05,5.0,0.0
normalizer,uniform,pca,ksvc,triangle,normalizer__uniform__pca__ksvc__triangle,ok,,0.564473246925889,0.043387927433177174,0.2587296394176136,0.054300624885733145,0.24956444103370087,0.07483216606989362,0.6673712533189592,0.023710480416015593,0.0025074276666903947,8.478377187852121e-05,0.0014929953334406794,6.942986046912231e-05,5.0,0.0
normalizer,uniform,pca,ksvc,radial_basic,normalizer__uniform__pca__ksvc__radial_basic,ok,,0.553245026824289,0.03600599898015891,0.2212582864175221,0.03069550915763754,0.22239506350489768,0.058171234435291014,0.635485912876702,0.025968869109795352,0.0025570289999450324,0.00019968292131582847,0.0010709633327981767,8.216903893662822e-05,5.0,0.0
normalizer,uniform,pca,ksvc,rquadratic,normalizer__uniform__pca__ksvc__rquadratic,ok,,0.5504439063761097,0.03269591645898622,0.21666586800733145,0.028068962785387768,0.2095052103096391,0.04561858619952566,0.6390284044532893,0.024659942606995774,0.002664230334024372,0.00019479551018640527,0.0012332333341570727,3.825315718825168e-05,5.0,0.0
normalizer,uniform,pca,ksvc,canberra,normalizer__uniform__pca__ksvc__canberra,ok,,0.5756777287186061,0.05386524106160691,0.25506825072042466,0.0616776603466017,0.2715236018717287,0.08081196650664027,0.7053949556730165,0.03441478437055427,0.0026534963326412253,0.0003026746825348886,0.001263294000333796,0.00019565414938056753,5.0,0.0
normalizer,uniform,pca,ksvc,truncated,normalizer__uniform__pca__ksvc__truncated,ok,,0.564473246925889,0.043387927433177174,0.2587296394176136,0.054300624885733145,0.24956444103370087,0.07483216606989362,0.6672489291599378,0.02388210363769051,0.00382374933299919,0.00048669433151419123,0.0015118443328295446,0.0001887536894065964,5.0,0.0
normalizer,uniform,pca,kannc,linear,normalizer__uniform__pca__kannc__linear,ok,,0.5365095190618621,0.013846293279507576,0.13964859887511824,0.002340459583541805,0.0,0.0,0.6833898523808761,0.06429693798905685,0.19511380066614947,0.004493457103667377,0.1524121723329396,0.0016103005875176357,5.0,0.0
normalizer,uniform,pca,kannc,poly,normalizer__uniform__pca__kannc__poly,ok,,0.5365095190618621,0.013846293279507576,0.13964859887511824,0.002340459583541805,0.0,0.0,0.546060310090856,0.07103871057063348,0.22959376600010728,0.00868153785848247,0.18949553733303523,0.008870853086631672,5.0,0.0
normalizer,uniform,pca,kannc,rbf,normalizer__uniform__pca__kannc__rbf,ok,,0.5337321369225655,0.015021379781710163,0.18101397952275144,0.04851434010671348,0.07829004802515378,0.08091392022521475,0.6507717919195967,0.03755928185178918,2.0908503406668992,0.011190497019584762,1.6714511459995265,0.018491450782648914,5.0,0.0
normalizer,uniform,pca,kannc,hyperbolic,normalizer__uniform__pca__kannc__hyperbolic,ok,,0.5365095190618621,0.013846293279507576,0.13964859887511824,0.002340459583541805,0.0,0.0,0.546060310090856,0.07103871057063348,0.22058344066681457,0.00278275333741407,0.1838317809997534,0.004579378285560993,5.0,0.0
normalizer,uniform,pca,kannc,triangle,normalizer__uniform__pca__kannc__triangle,ok,,0.5477140008545791,0.029132099104978132,0.21502589106398498,0.055943058141258405,0.16552713045467252,0.0574752806289767,0.6493515890526332,0.02616292808698692,2.503113676666544,0.057380223362750726,2.0158625329998663,0.0417822994159446,5.0,0.0
normalizer,uniform,pca,kannc,radial_basic,normalizer__uniform__pca__kannc__radial_basic,ok,,0.5674167972273655,0.037738192594780735,0.22392601953510227,0.05688595651776618,0.20579318884329031,0.09037721638399125,0.6724887887948435,0.02607056029446727,0.2691125150001123,0.005773789719153795,0.2146435806662339,0.008026083961420148,5.0,0.0
normalizer,uniform,pca,kannc,rquadratic,normalizer__uniform__pca__kannc__rquadratic,ok,,0.525281298960262,0.010292466466394921,0.13902485335079898,0.0006133275941393656,-0.01158979083646349,0.04830583933595698,0.6613027654117665,0.03241458449544954,2.0900920903332008,0.02939916924665205,1.7524139413332402,0.04139022927790289,5.0,0.0
normalizer,uniform,pca,kannc,canberra,normalizer__uniform__pca__kannc__canberra,ok,,0.5308598015477378,0.016883829430559372,0.1697896600648785,0.04239104905498569,0.07613989495732197,0.10767807208630757,0.5711216569013025,0.030802991117657254,0.3883319173334409,0.002457545610838639,0.3127774983337683,0.004606536748375806,5.0,0.0
normalizer,uniform,pca,kannc,truncated,normalizer__uniform__pca__kannc__truncated,ok,,0.5477140008545791,0.029132099104978132,0.21502589106398498,0.055943058141258405,0.16552713045467252,0.0574752806289767,0.6493515890526332,0.02616292808698692,0.316769138000988,0.0017455770514452813,0.2599684843335126,0.00976567194185992,5.0,0.0
normalizer,uniform,pca,kridge,linear,normalizer__uniform__pca__kridge__linear,ok,,0.5363908275174477,0.03335231553264178,0.24024946988398552,0.012033493224365158,0.3305774875479674,0.02774795998200872,0.69543082489558,0.02185074516657726,0.0018660333328928875,0.0001309829044470153,0.0006961779999983264,6.30897197885747e-05,5.0,0.0
normalizer,uniform,pca,kridge,poly,normalizer__uniform__pca__kridge__poly,ok,,0.5365095190618621,0.013846293279507576,0.13964859887511824,0.002340459583541805,0.0,0.0,0.69543082489558,0.02185074516657726,0.0018848059996040927,0.0001329934577440764,0.0007791693333274452,2.415023919101004e-05,5.0,0.0
normalizer,uniform,pca,kridge,rbf,normalizer__uniform__pca__kridge__rbf,ok,,0.5588472677206475,0.03953402791427417,0.2264365551526247,0.029110357802314777,0.24139721461120897,0.05747551984950263,0.7166024628192028,0.03440379181886926,0.002116388333888608,0.0002840534494332521,0.0010015573340448707,0.00013997298035332996,5.0,0.0
normalizer,uniform,pca,kridge,hyperbolic,normalizer__uniform__pca__kridge__hyperbolic,ok,,0.5365095190618621,0.013846293279507576,0.13964859887511824,0.002340459583541805,0.0,0.0,0.69543082489558,0.02185074516657726,0.001975863334034026,5.9490579749792574e-05,0.0008118689996384395,4.2768697053051464e-05,5.0,0.0
normalizer,uniform,pca,kridge,triangle,normalizer__uniform__pca__kridge__triangle,ok,,0.5841760432986755,0.03884224268635792,0.33539270984602915,0.042947365291371074,0.29877496552505106,0.05763325122440051,0.749952278849479,0.012347994714183963,0.001969094000135859,0.0001379963334913928,0.0011476596670642418,0.00014358198789266822,5.0,0.0
normalizer,uniform,pca,kridge,radial_basic,normalizer__uniform__pca__kridge__radial_basic,ok,,0.5700754878222475,0.04283576357970129,0.27990719559309,0.028948531670596203,0.26959535045107474,0.06247410855371512,0.7252770410491355,0.04051307343319159,0.0017335876661187892,6.667356592049724e-05,0.0006902203337328198,5.192625139016747e-06,5.0,0.0
normalizer,uniform,pca,kridge,rquadratic,normalizer__uniform__pca__kridge__rquadratic,ok,,0.5700754878222475,0.04283576357970129,0.2863364327384397,0.0370746460509434,0.2689253276377718,0.06198444240681657,0.736197180379382,0.02460623853355691,0.0018990999997186009,0.0001291639147129466,0.0009229840003778614,6.944528114469091e-05,5.0,0.0
normalizer,uniform,pca,kridge,canberra,normalizer__uniform__pca__kridge__canberra,ok,,0.5953330484736267,0.04963683225561053,0.2889725730177111,0.052666145144896315,0.32142410564774027,0.07234181680654603,0.7502245987980993,0.007705537815687633,0.0019409200000761,1.065751423892886e-05,0.0008538359998055967,6.03099639597046e-05,5.0,0.0
normalizer,uniform,pca,kridge,truncated,normalizer__uniform__pca__kridge__truncated,ok,,0.5841760432986755,0.03884224268635792,0.33539270984602915,0.042947365291371074,0.29877496552505106,0.05763325122440051,0.749952278849479,0.012347994714183963,0.0025073706668384452,0.00012828722647157014,0.0009471836674492806,0.00016122458322025094,5.0,0.0
normalizer,uniform,lda,ksvc,linear,normalizer__uniform__lda__ksvc__linear,ok,,0.7218107582015857,0.03239166836168713,0.4345630376897069,0.0824080593078162,0.5670405281691036,0.04161238717383318,0.8190532638153002,0.03014388262103595,0.0025285443334723823,0.00013686198948786207,0.0008520423331598673,3.241370557249156e-05,5.0,0.0
normalizer,uniform,lda,ksvc,poly,normalizer__uniform__lda__ksvc__poly,ok,,0.7471395337796135,0.018874090395961465,0.4796415073483476,0.036902820581587684,0.6031285881864411,0.023094187654579885,0.836423174983092,0.020063632480303694,0.0026316680002006856,0.00012877365064472304,0.0010846226675009045,0.00016609748288943718,5.0,0.0
normalizer,uniform,lda,ksvc,rbf,normalizer__uniform__lda__ksvc__rbf,ok,,0.7470920571618477,0.04811745256151586,0.42014924264784287,0.109112438465892,0.6112531787285266,0.06352421916276445,0.8494573705296697,0.024741622282160865,0.0026422883329360047,0.00020345404754853132,0.001197187667154746,0.00013646339824465153,5.0,0.0
normalizer,uniform,lda,ksvc,hyperbolic,normalizer__uniform__lda__ksvc__hyperbolic,ok,,0.6657646109291174,0.009284804903805835,0.3744809772355711,0.007961182475430695,0.47440610453162213,0.022900140192329874,0.7286432870150769,0.022340394229856897,0.002334243667064584,9.415813645615851e-05,0.000864055333295255,1.8406092208910222e-05,5.0,0.0
normalizer,uniform,lda,ksvc,triangle,normalizer__uniform__lda__ksvc__triangle,ok,,0.7414423396477234,0.047532370056375055,0.4522619614130319,0.09074086578911046,0.598481859415743,0.06827323141441803,0.8797819820423406,0.019429791508456928,0.002761185000660286,8.778871481569087e-05,0.0014618559998780256,0.00014023445389774007,5.0,0.0
normalizer,uniform,lda,ksvc,radial_basic,normalizer__uniform__lda__ksvc__radial_basic,ok,,0.7470683188529649,0.0487647846649111,0.4759396748604279,0.08957206536218244,0.6067015976810287,0.07109561780373364,0.8354672133716533,0.034598119291143606,0.004096983999261283,0.0002212472685822425,0.0022397303340161065,5.8314170795443345e-05,5.0,0.0
normalizer,uniform,lda,ksvc,rquadratic,normalizer__uniform__lda__ksvc__rquadratic,ok,,0.7470683188529649,0.054248834812465105,0.4459685567509355,0.10762606838372546,0.6117466399185132,0.07490056725303948,0.8540824745937478,0.03738892529767097,0.0025591196663299343,0.00014493104266631793,0.0010964890000953649,1.208455697983388e-05,5.0,0.0
normalizer,uniform,lda,ksvc,canberra,normalizer__uniform__lda__ksvc__canberra,ok,,0.7471395337796135,0.036672360637012985,0.39246561982503764,0.08387405193236136,0.6169434046888854,0.042110112478867895,0.8515644150244395,0.023014171608237835,0.004486824000196066,9.64150826836095e-05,0.0027720859998225933,0.0001504432769380605,5.0,0.0
normalizer,uniform,lda,ksvc,truncated,normalizer__uniform__lda__ksvc__truncated,ok,,0.741561031192138,0.01741735225557907,0.43267618729449175,0.03005302782324219,0.5998434907721526,0.012461817848084998,0.8610630512327555,0.027434335224768746,0.007033703666214326,0.0003847809409702995,0.002277308333456555,5.532940140230573e-05,5.0,0.0
normalizer,uniform,lda,kannc,linear,normalizer__uniform__lda__kannc__linear,ok,,0.6940369368086218,0.056252409655124874,0.44799843536141415,0.07481849319251486,0.5379475859238348,0.07766652319345485,0.8673019017241522,0.03090879011276388,0.19899110533333442,0.00714006767382936,0.15790119466691976,0.004130959937776163,5.0,0.0
normalizer,uniform,lda,kannc,poly,normalizer__uniform__lda__kannc__poly,ok,,0.7192232825333523,0.03075107114688684,0.411180036733854,0.059879113480180414,0.5578149821101067,0.048626216709553485,0.8323578569348246,0.013056737747311614,0.2384211820002141,0.005209578157949167,0.18851774166614632,0.001669584469816955,5.0,0.0
normalizer,uniform,lda,kannc,rbf,normalizer__uniform__lda__kannc__rbf,ok,,0.6853961923752552,0.0035092575742676586,0.3053077634451679,0.011264049828065172,0.47886680162061684,0.01663734947388856,0.8025417999422985,0.032122325600893224,2.1048172263338834,0.03516815892039875,1.7025889876670892,0.038867257720056496,5.0,0.0
normalizer,uniform,lda,kannc,hyperbolic,normalizer__uniform__lda__kannc__hyperbolic,ok,,0.6629397521720553,0.01776789823152911,0.371545343773872,0.04354937522550001,0.4743320635133725,0.012834302565363859,0.738805323500456,0.06157866431723639,0.2301007296670529,0.002417836415685589,0.18279756366670577,0.0008004947898596968,5.0,0.0
normalizer,uniform,lda,kannc,triangle,normalizer__uniform__lda__kannc__triangle,ok,,0.6740967573470066,0.0229462651872117,0.31397293325852577,0.035448592874525724,0.4598218748539497,0.06573241480064133,0.8084543187687642,0.06748890109783537,2.5455478753337957,0.07302795741026517,2.0680899866668674,0.07619647141518017,5.0,0.0
normalizer,uniform,lda,kannc,radial_basic,normalizer__uniform__lda__kannc__radial_basic,ok,,0.7330627166120686,0.029392838858804796,0.3751378663574472,0.05478730985493302,0.5805499053443348,0.03709190147574229,0.905080143253869,0.0186195449454995,0.2713179526666257,0.004347469745131047,0.22387730199989164,0.011360659380479417,5.0,0.0
normalizer,uniform,lda,kannc,rquadratic,normalizer__uniform__lda__kannc__rquadratic,ok,,0.6853961923752552,0.0035092575742676586,0.2969221014880774,0.002864994723545018,0.47902274513654514,0.016418851759771005,0.8162480173557626,0.023453793657079898,2.1507114300008348,0.011019029292799097,1.7234039596672421,0.05928246612977698,5.0,0.0
normalizer,uniform,lda,kannc,canberra,normalizer__uniform__lda__kannc__canberra,ok,,0.5365095190618621,0.013846293279507576,0.13964859887511824,0.002340459583541805,0.0,0.0,0.5459603005626328,0.03558751513547918,0.4032192126663479,0.012730206461289171,0.33211119133314543,0.0069595169883900675,5.0,0.0
normalizer,uniform,lda,kannc,truncated,normalizer__uniform__lda__kannc__truncated,ok,,0.514053078858662,0.007160396356486803,0.13683078456821474,0.001977672542352441,-0.03678321222742203,0.03601306198589394,0.6092775476325444,0.026560414994549444,0.3231784203326242,0.006994830242893211,0.2497779976668729,0.0021112408840243844,5.0,0.0
normalizer,uniform,lda,kridge,linear,normalizer__uniform__lda__kridge__linear,ok,,0.6966481507857379,0.031241760965329,0.4195321335717193,0.03154508308401569,0.5421659699036733,0.03641599400004384,0.8346889870027875,0.02238163618625715,0.0019998290002452754,0.0001385296248393651,0.0008719736664109708,0.0002867407442778327,5.0,0.0
normalizer,uniform,lda,kridge,poly,normalizer__uniform__lda__kridge__poly,ok,,0.7444333665669657,0.033471991980054294,0.4406583438700185,0.07158118313168423,0.5977606877671298,0.04495380755506238,0.8725874753090697,0.016580165089034503,0.0026161046662309673,0.0004987262719853174,0.0008498013339703903,9.797719904103551e-05,5.0,0.0
normalizer,uniform,lda,kridge,rbf,normalizer__uniform__lda__kridge__rbf,ok,,0.7247068318852965,0.031030010589638463,0.3906732366780332,0.0524085246995276,0.5673142220284267,0.03508632941931712,0.8874534156769163,0.014166941412905643,0.0021158370000193827,0.0001928386978880584,0.0009275563334085746,7.495914106058948e-05,5.0,0.0
normalizer,uniform,lda,kridge,hyperbolic,normalizer__uniform__lda__kridge__hyperbolic,ok,,0.6177657503679438,0.06735605328562615,0.43461845051820264,0.08092475097766402,0.4342812507604273,0.0929304309841528,0.715726996241829,0.03972813282400031,0.002009143333755977,8.774617333921422e-05,0.0006506183332627794,4.251553201694385e-05,5.0,0.0
normalizer,uniform,lda,kridge,triangle,normalizer__uniform__lda__kridge__triangle,ok,,0.7387124341261928,0.024341132749531008,0.4679611091662081,0.05564622152017058,0.5899547728255233,0.032206776373166525,0.8793003837548828,0.010633321607145954,0.002477420666764374,0.00023703617544332232,0.0011182473335793475,8.995411885471323e-05,5.0,0.0
normalizer,uniform,lda,kridge,radial_basic,normalizer__uniform__lda__kridge__radial_basic,ok,,0.7471157954707306,0.048451313172761835,0.458444499795912,0.09318997918924796,0.6051254789971354,0.06769118079963421,0.8916059623130729,0.012872123171312163,0.0037361586661669812,0.00022434870249310487,0.0019593016671327255,6.023343278198236e-05,5.0,0.0
normalizer,uniform,lda,kridge,rquadratic,normalizer__uniform__lda__kridge__rquadratic,ok,,0.7611451360205099,0.03841858835742792,0.49237034122098167,0.0780184182017716,0.6265808241395475,0.05233899002688575,0.8946611650084751,0.014415605648183201,0.0023231793335677744,0.00012155643493427754,0.0011377910001707885,0.00035583799533649466,5.0,0.0
normalizer,uniform,lda,kridge,canberra,normalizer__uniform__lda__kridge__canberra,ok,,0.7359350519868965,0.027903410227924075,0.40242123651511835,0.05372993800060925,0.5901509961948642,0.029541986632787585,0.8909358475252391,0.01985484292345415,0.00399922366644508,0.00020262419499404412,0.002338137999686296,9.261235723546988e-05,5.0,0.0
normalizer,uniform,lda,kridge,truncated,normalizer__uniform__lda__kridge__truncated,ok,,0.7471632720884965,0.03165567351791686,0.4463349072855782,0.05852810363984291,0.6085359515020426,0.03797382263408851,0.8714764994845369,0.030366408508923227,0.006556018999617663,6.329701905818389e-05,0.0020395916671986924,6.0314105208285476e-05,5.0,0.0
normalizer,kmeans,pca,ksvc,linear,normalizer__kmeans__pca__ksvc__linear,ok,,0.32851445663010964,0.04021228886362592,0.09863583110640395,0.009120074302045828,0.0,0.0,0.6634826212446572,0.02602295560462161,0.008018105333879552,0.0008702514701712933,0.0010254999997414416,8.151501518039728e-05,5.0,0.0
normalizer,kmeans,pca,ksvc,poly,normalizer__kmeans__pca__ksvc__poly,ok,,0.32851445663010964,0.04021228886362592,0.09863583110640395,0.009120074302045828,0.0,0.0,0.6634826212446572,0.02602295560462161,0.0076206269998995895,0.000345270060459086,0.0011083173333948555,0.00012005612293730631,5.0,0.0
normalizer,kmeans,pca,ksvc,rbf,normalizer__kmeans__pca__ksvc__rbf,ok,,0.4383041352134074,0.026550170971471287,0.27139694705995937,0.04569767245467612,0.24000021878558317,0.043574017313245166,0.6790513428526154,0.005964428232625802,0.008816091666934275,0.0008406440796526474,0.001471397665833744,7.568628023638827e-05,5.0,0.0
normalizer,kmeans,pca,ksvc,hyperbolic,normalizer__kmeans__pca__ksvc__hyperbolic,ok,,0.32851445663010964,0.04021228886362592,0.09863583110640395,0.009120074302045828,0.0,0.0,0.6634826212446572,0.02602295560462161,0.008383723332978358,0.00031332955531255413,0.0011230130009304655,9.31041030818936e-05,5.0,0.0
normalizer,kmeans,pca,ksvc,triangle,normalizer__kmeans__pca__ksvc__triangle,ok,,0.44938992546171014,0.01262766475438328,0.2971138149514064,0.039444897792117774,0.2574951401407473,0.03121524801515378,0.6968341770865775,0.013846824180257691,0.008301402666499294,0.00018931736792407816,0.001487655000043257,1.9390369235344264e-05,5.0,0.0
normalizer,kmeans,pca,ksvc,radial_basic,normalizer__kmeans__pca__ksvc__radial_basic,ok,,0.46916393676114515,0.016179847445214515,0.2982093513572612,0.05143467492904995,0.2849745016096539,0.02469477297578358,0.6726737714374101,0.012618853140199898,0.008068347666873402,0.0008247943415153243,0.0014460159994390172,7.692706335114019e-05,5.0,0.0
normalizer,kmeans,pca,ksvc,rquadratic,normalizer__kmeans__pca__ksvc__rquadratic,ok,,0.44955609362389026,0.030459645259248515,0.2830149485704858,0.053942171487000146,0.256790447357727,0.04334281403687435,0.6767712398417927,0.020648265849645537,0.00711817166605518,0.00015086934319045656,0.0013087636671116343,0.00011158418093447368,5.0,0.0
normalizer,kmeans,pca,ksvc,canberra,normalizer__kmeans__pca__ksvc__canberra,ok,,0.4579831932773109,0.029710368957417962,0.3016381754273138,0.054984063111096104,0.28265805330677074,0.03262827583639118,0.7014982011414265,0.004806266059734211,0.007592486999783432,0.00033925836179819817,0.0011733286664821208,0.00014191923959326036,5.0,0.0
normalizer,kmeans,pca,ksvc,truncated,normalizer__kmeans__pca__ksvc__truncated,ok,,0.44938992546171014,0.01262766475438328,0.2971138149514064,0.039444897792117774,0.2574951401407473,0.03121524801515378,0.6968341770865775,0.013846824180257691,0.009308671333807675,0.001086506986085809,0.0010442826666500575,8.013064168598579e-06,5.0,0.0
normalizer,kmeans,pca,kannc,linear,normalizer__kmeans__pca__kannc__linear,ok,,0.32851445663010964,0.04021228886362592,0.09863583110640395,0.009120074302045828,0.0,0.0,0.6604626755039328,0.05412957581241799,0.19957949466758387,0.0022602525510628147,0.1546231740000318,0.00307209248239312,5.0,0.0
normalizer,kmeans,pca,kannc,poly,normalizer__kmeans__pca__kannc__poly,ok,,0.2977496083179034,0.06518747952850826,0.09099450115528877,0.015530649719830885,0.0,0.0,0.5016693156338919,0.029822072673303356,0.24203738166700836,0.012356359923373481,0.18572240466649723,0.007418207884554627,5.0,0.0
normalizer,kmeans,pca,kannc,rbf,normalizer__kmeans__pca__kannc__rbf,ok,,0.42982955894222097,0.024706026302342178,0.2689441682474077,0.034131053770708374,0.23111720264749228,0.010988440598192574,0.7082681937766006,0.033219908811524854,2.054613379666989,0.05664546798560798,1.7047711846662423,0.038372419003658835,5.0,0.0
normalizer,kmeans,pca,kannc,hyperbolic,normalizer__kmeans__pca__kannc__hyperbolic,ok,,0.3341641741442339,0.033598370854091446,0.09999784758334057,0.007505069135085171,0.0,0.0,0.5016693156338919,0.029822072673303356,0.23269936466628374,0.0040361029321390705,0.1826388016676598,0.0019715025440769692,5.0,0.0
normalizer,kmeans,pca,kannc,triangle,normalizer__kmeans__pca__kannc__triangle,ok,,0.43260694108151737,0.014862077270797636,0.2639999066049737,0.037772500388826485,0.21920202528627097,0.010652014970776008,0.6865640582276705,0.05431339142636103,2.4770759300002587,0.07457457590101312,2.027136460334077,0.05632039561690149,5.0,0.0
normalizer,kmeans,pca,kannc,radial_basic,normalizer__kmeans__pca__kannc__radial_basic,ok,,0.4663628163129659,0.019069768235961466,0.2793066905110202,0.0367386427925578,0.28036257738894615,0.018529586878115845,0.7060378975963578,0.044736973423137635,0.2818337199999708,0.0016952105456500349,0.20821722566627918,0.0020675255953665787,5.0,0.0
normalizer,kmeans,pca,kannc,rquadratic,normalizer__kmeans__pca__kannc__rquadratic,ok,,0.4522385225276551,0.0138950442648745,0.28124903350684477,0.039190622417687185,0.2628803858880599,0.009201129882064722,0.7101164421578879,0.04133922518845246,2.096984124333782,0.03652721628516902,1.693513318667101,0.06660223416206265,5.0,0.0
normalizer,kmeans,pca,kannc,canberra,normalizer__kmeans__pca__kannc__canberra,ok,,0.46918767507002807,0.022842445980812438,0.278059088815446,0.038606698753213826,0.28870834711058546,0.02402348200949855,0.6933706338253325,0.031121424830174046,0.40110276800017647,0.003095214546343654,0.31698921766655985,0.0044644826955431895,5.0,0.0
normalizer,kmeans,pca,kannc,truncated,normalizer__kmeans__pca__kannc__truncated,ok,,0.43260694108151737,0.014862077270797636,0.2639999066049737,0.037772500388826485,0.21920202528627097,0.010652014970776008,0.6865640582276705,0.05431339142636103,0.32943718166704156,0.01101219864610626,0.24992901600065429,0.0022934922094382543,5.0,0.0
normalizer,kmeans,pca,kridge,linear,normalizer__kmeans__pca__kridge__linear,ok,,0.38740920096852305,0.05861514835823628,0.2074673999876968,0.019943305586054557,0.26308289538591895,0.029107641867958747,0.6900311037343947,0.028471289233286276,0.00668994766601827,0.00024452163936707294,0.0006263853332105404,3.45680744061922e-06,5.0,0.0
normalizer,kmeans,pca,kridge,poly,normalizer__kmeans__pca__kridge__poly,ok,,0.32851445663010964,0.04021228886362592,0.09863583110640395,0.009120074302045828,0.0,0.0,0.6900311037343947,0.028471289233286276,0.006994295333546082,0.0001604677896963695,0.0006813403336612586,2.414637982566618e-05,5.0,0.0
normalizer,kmeans,pca,kridge,rbf,normalizer__kmeans__pca__kridge__rbf,ok,,0.438185443668993,0.005446273745514082,0.2819268669307485,0.04515664900891735,0.2440513619000806,0.021420387674101225,0.6820801006725313,0.018624060516731593,0.009600591001193001,0.0026355220888465074,0.0010358763338444987,9.339293724489385e-05,5.0,0.0
normalizer,kmeans,pca,kridge,hyperbolic,normalizer__kmeans__pca__kridge__hyperbolic,ok,,0.32851445663010964,0.04021228886362592,0.09863583110640395,0.009120074302045828,0.0,0.0,0.6900311037343947,0.028471289233286276,0.010528781999407025,0.0013498452954235256,0.0008803229999709098,2.2370625360710082e-05,5.0,0.0
normalizer,kmeans,pca,kridge,triangle,normalizer__kmeans__pca__kridge__triangle,ok,,0.4858519679058064,0.03777123761122113,0.34990427003475505,0.04409361741920984,0.31720919957346233,0.06831839558751011,0.7293145117352987,0.010555657558351158,0.008606006666620184,0.00024517671523234075,0.0012218479999622407,4.06870275358416e-06,5.0,0.0
normalizer,kmeans,pca,kridge,radial_basic,normalizer__kmeans__pca__kridge__radial_basic,ok,,0.4269572235673931,0.007231111268771548,0.28466390546914777,0.04072438641977885,0.22832230094736608,0.024066201375196508,0.6900506103874186,0.016376567050623552,0.008238712667662185,0.0001485066112546296,0.000825211333600843,4.611785123818407e-06,5.0,0.0
normalizer,kmeans,pca,kridge,rquadratic,normalizer__kmeans__pca__kridge__rquadratic,ok,,0.4382091819778759,0.013833223264662629,0.29226909780551424,0.04682552989903956,0.2474560248898641,0.03324354318167053,0.6955114910983576,0.019520013622444658,0.008232804999352084,0.0002748449357243464,0.0010518769995542243,5.155468118995418e-06,5.0,0.0
normalizer,kmeans,pca,kridge,canberra,normalizer__kmeans__pca__kridge__canberra,ok,,0.4831458006931586,0.003431314865511606,0.35013367888750985,0.025543759531069347,0.3162627251373363,0.00994527925029467,0.7161285930326619,0.013258687533958813,0.008357159000297543,8.583169571635167e-05,0.0009194480001800306,1.0544017959123952e-05,5.0,0.0
normalizer,kmeans,pca,kridge,truncated,normalizer__kmeans__pca__kridge__truncated,ok,,0.4858519679058064,0.03777123761122113,0.34990427003475505,0.04409361741920984,0.31720919957346233,0.06831839558751011,0.7293145117352987,0.010555657558351158,0.00870211300086036,0.0002462340170938401,0.0008771599999211807,1.5563640273799719e-06,5.0,0.0
normalizer,kmeans,lda,ksvc,linear,normalizer__kmeans__lda__ksvc__linear,ok,,0.6151545363908276,0.03790150904041031,0.5622460839276036,0.03523479366695713,0.49171709519389606,0.04549406883219865,0.8593710815760992,0.002796013667034438,0.009154793999793279,0.00015440492432012445,0.001100222999715091,1.614593865484658e-05,5.0,0.0
normalizer,kmeans,lda,ksvc,poly,normalizer__kmeans__lda__ksvc__poly,ok,,0.6237003275886627,0.0432805555330811,0.5642478736735997,0.04554103270351455,0.5039295576045042,0.052836911105174966,0.876661045073174,0.0037280476245181026,0.008636341667321782,0.0007239710834114687,0.0010596116662782151,5.541420210154517e-05,5.0,0.0
normalizer,kmeans,lda,ksvc,rbf,normalizer__kmeans__lda__ksvc__rbf,ok,,0.6292313535583726,0.04482485450001326,0.5483567062192488,0.05581804886449557,0.5101801675978709,0.05590261948259103,0.8801623653305155,0.012661061021131952,0.008573020999392611,0.0009013322996182838,0.0012685473332870363,6.354095848850104e-05,5.0,0.0
normalizer,kmeans,lda,ksvc,hyperbolic,normalizer__kmeans__lda__ksvc__hyperbolic,ok,,0.4690215069078479,0.02033341010167359,0.3758392828186879,0.030532560745144488,0.30643170346549736,0.034351701355734045,0.7497493083997249,0.03665422033403927,0.007193121333330055,0.00018549187743486977,0.0009651013333495939,7.395229789158099e-05,5.0,0.0
normalizer,kmeans,lda,ksvc,triangle,normalizer__kmeans__lda__ksvc__triangle,ok,,0.6236528509708968,0.031010118932167926,0.5588256242224791,0.03354419168305025,0.5045510953739707,0.037973994128500686,0.883536686858483,0.0033548023461036367,0.007598170666218114,0.00026625700375892866,0.0012981000005917547,1.1752088314109447e-05,5.0,0.0
normalizer,kmeans,lda,ksvc,radial_basic,normalizer__kmeans__lda__ksvc__radial_basic,ok,,0.6067511750462898,0.041238792526705925,0.5456931698949031,0.037636384609687615,0.48186802122798156,0.052191423344317284,0.8825229289679921,0.0025491531630690055,0.008924858666432556,0.00018988776963848125,0.00228755466681226,0.00010679665592203744,5.0,0.0
normalizer,kmeans,lda,ksvc,rquadratic,normalizer__kmeans__lda__ksvc__rquadratic,ok,,0.6320324740065518,0.04124481812915288,0.5569008017797142,0.056877185339267514,0.5171037415108208,0.05287644482893489,0.8881638450817085,0.008562153234940592,0.007611158333020285,0.00018380282437026126,0.001214597666451785,4.5575751379106866e-05,5.0,0.0
normalizer,kmeans,lda,ksvc,canberra,normalizer__kmeans__lda__ksvc__canberra,ok,,0.5982291221573376,0.05262959213138898,0.5202584379186423,0.057124439929212276,0.4665590818138963,0.06471957509269327,0.8722136180984795,0.0034310731716860688,0.009724284000185435,8.799913639235953e-05,0.002683306000108132,2.852989263890276e-05,5.0,0.0
normalizer,kmeans,lda,ksvc,truncated,normalizer__kmeans__lda__ksvc__truncated,ok,,0.5927693111142762,0.04505049480272032,0.5337592882196905,0.03137451950796202,0.4597254138240146,0.053708290013716395,0.8735614791224368,0.017298742284373725,0.012452933666281751,0.00015614641775238059,0.002305568666997715,3.91687623605734e-05,5.0,0.0
normalizer,kmeans,lda,kannc,linear,normalizer__kmeans__lda__kannc__linear,ok,,0.5616721264777097,0.049235873610566416,0.45259369459512416,0.036323005464286295,0.4249330697865727,0.05330275374997082,0.8770639887874879,0.016100767262776962,0.21940932366669585,0.012926987508441377,0.16360306433307414,0.009241871031278085,5.0,0.0
normalizer,kmeans,lda,kannc,poly,normalizer__kmeans__lda__kannc__poly,ok,,0.5900156672838627,0.06071881703396295,0.45981581898117274,0.06042373554807429,0.45785555772931225,0.06739102799238847,0.8855261605822143,0.009115274170691513,0.2454293973332824,0.0021874975637844077,0.1968583026664419,0.005759182637579907,5.0,0.0
normalizer,kmeans,lda,kannc,rbf,normalizer__kmeans__lda__kannc__rbf,ok,,0.5590609125005935,0.022763268296813303,0.39887505913659455,0.05464686247281261,0.4205241977481067,0.022955183275706243,0.866087201588618,0.018717984189376594,2.133376779334261,0.05850271298809178,1.6991378723329642,0.06311895462929729,5.0,0.0
normalizer,kmeans,lda,kannc,hyperbolic,normalizer__kmeans__lda__kannc__hyperbolic,ok,,0.5479751222522907,0.0912258732014435,0.4295259697719287,0.06017863245625338,0.40304222391481526,0.10417108561731588,0.7915965799144887,0.10236682172839122,0.24642563166707987,0.010353244008664846,0.18543827299981785,0.008398907971931555,5.0,0.0
normalizer,kmeans,lda,kannc,triangle,normalizer__kmeans__lda__kannc__triangle,ok,,0.5815648293215592,0.02710189324634168,0.428436339196074,0.042293496495541434,0.4473670437430612,0.030459060668165186,0.8778142479417177,0.01730836779259847,2.6184472019995155,0.07211784447142093,2.1036877440001263,0.04146601025990273,5.0,0.0
normalizer,kmeans,lda,kannc,radial_basic,normalizer__kmeans__lda__kannc__radial_basic,ok,,0.5816123059393249,0.07259655351049882,0.472942239227121,0.08748995928924057,0.46627337859710805,0.057733431346478695,0.8780428462438218,0.009707921561695343,0.2798442779997761,0.002086374500573957,0.21854028866619046,0.00961698896862863,5.0,0.0
normalizer,kmeans,lda,kannc,rquadratic,normalizer__kmeans__lda__kannc__rquadratic,ok,,0.5787874471822628,0.036827474995702776,0.41052402478218947,0.04584689656323624,0.444788742094014,0.04214396344516841,0.8548059854847314,0.038306150064194314,2.208982111666652,0.03537832129807743,1.7326645653332282,0.037988742328606474,5.0,0.0
normalizer,kmeans,lda,kannc,canberra,normalizer__kmeans__lda__kannc__canberra,ok,,0.5142667236386079,0.09665845285163478,0.3371858471898608,0.16082132838254554,0.2979971930591006,0.21085140709010808,0.7461522753924216,0.1605393670801214,0.4257143270006054,0.01727106807084093,0.3331114996672113,0.00244722248396791,5.0,0.0
normalizer,kmeans,lda,kannc,truncated,normalizer__kmeans__lda__kannc__truncated,ok,,0.5255661586668565,0.13990705973654027,0.3898082711260751,0.16590621458689564,0.344009916897736,0.20661474315858835,0.8025430785785735,0.08987914263671913,0.3703643416671791,0.04876648639041894,0.25329932299973734,0.0013803854629166588,5.0,0.0
normalizer,kmeans,lda,kridge,linear,normalizer__kmeans__lda__kridge__linear,ok,,0.6040450078336419,0.03711621046750408,0.5103099084911867,0.029216803730040836,0.4752029055170137,0.045383497740394435,0.8320946146901281,0.01604650802848137,0.007926570666313637,0.000672462466732995,0.0006701389999458721,1.689661135824267e-05,5.0,0.0
normalizer,kmeans,lda,kridge,poly,normalizer__kmeans__lda__kridge__poly,ok,,0.6096472487300004,0.044905301575323645,0.5184934231780624,0.03400288037896809,0.48166640398314825,0.053233178083248164,0.8713852424365457,0.00825982869319193,0.00738197166659423,0.0007979585652269413,0.0006164860005810624,4.659863446491274e-06,5.0,0.0
normalizer,kmeans,lda,kridge,rbf,normalizer__kmeans__lda__kridge__rbf,ok,,0.604021269524759,0.04093086126493184,0.503057114695386,0.02937705515809701,0.4747599923372932,0.050346656562008596,0.8818489092983027,0.00702127459464445,0.008030105000216281,0.0006330264955659216,0.0012053663340338971,0.00034069838060487646,5.0,0.0
normalizer,kmeans,lda,kridge,hyperbolic,normalizer__kmeans__lda__kridge__hyperbolic,ok,,0.3682998623178085,0.10626222167075308,0.3297983913377435,0.12041378872003602,0.2012326410784191,0.10965379613199724,0.6197335666478664,0.1066902376725811,0.007096894332789816,0.00031993160651909154,0.0006454180008101199,4.037701420290211e-06,5.0,0.0
normalizer,kmeans,lda,kridge,triangle,normalizer__kmeans__lda__kridge__triangle,ok,,0.6320562123154346,0.03868123744168508,0.5735143898442531,0.0379424435256001,0.5169017514824154,0.047770870100024905,0.8788952538995339,0.017630745944132654,0.008508595000118172,0.0010974328913915272,0.001012735667245579,1.930226313042362e-05,5.0,0.0
normalizer,kmeans,lda,kridge,radial_basic,normalizer__kmeans__lda__kridge__radial_basic,ok,,0.6012438873854626,0.05677806509220022,0.5391826029356191,0.06129290388308601,0.47173862857371246,0.07051220795822649,0.8881594219033137,0.003059742240506524,0.009581862333410148,0.0001848401937027734,0.0019287529994471697,2.894390257583945e-05,5.0,0.0
normalizer,kmeans,lda,kridge,rquadratic,normalizer__kmeans__lda__kridge__rquadratic,ok,,0.6236528509708968,0.056756981038169396,0.5636790862852091,0.05070718425331885,0.504155631302431,0.07048904706318693,0.8955429241710563,0.005452313695876385,0.007653055666499616,0.0006220031450161626,0.0009185426667196831,5.497175372471899e-05,5.0,0.0
normalizer,kmeans,lda,kridge,canberra,normalizer__kmeans__lda__kridge__canberra,ok,,0.6095997721122348,0.016105283609051866,0.524953927591694,0.03683679597956855,0.4802282009745731,0.01514081141058101,0.8832241877964148,0.00630787651252607,0.009052332000161792,0.00016928705787558717,0.002336822000264268,9.024372479895415e-06,5.0,0.0
normalizer,kmeans,lda,kridge,truncated,normalizer__kmeans__lda__kridge__truncated,ok,,0.5732326829036699,0.0743086573741327,0.5215409585302414,0.08669925024016283,0.4317646824822516,0.09039793558000773,0.8657462803258271,0.023489343454518148,0.013273673332757122,0.0012502970847865723,0.0021145079996737572,2.4880847713260718e-05,5.0,0.0
normalizer,dbscan,pca,ksvc,linear,normalizer__dbscan__pca__ksvc__linear,ok,,0.5422779281204007,0.03618472089014007,0.1529141143023828,0.02352317591817047,0.0,0.0,0.7199583471697286,0.005490494529996453,0.00977375500042399,0.0008370282836781956,0.0010629113336714606,0.00018831424018762245,4.666666666666667,0.4714045207910317
normalizer,dbscan,pca,ksvc,poly,normalizer__dbscan__pca__ksvc__poly,ok,,0.5422779281204007,0.03618472089014007,0.1529141143023828,0.02352317591817047,0.0,0.0,0.7199583471697286,0.005490494529996453,0.00876449266676597,0.00014560308971184424,0.0011471319994598161,0.00022837419941694202,4.666666666666667,0.4714045207910317
normalizer,dbscan,pca,ksvc,rbf,normalizer__dbscan__pca__ksvc__rbf,ok,,0.5701704410577789,0.015289424414347224,0.2535528678338659,0.02316139662416657,0.24391881304033325,0.06732069015772618,0.6758762316884551,0.015291049202214982,0.00892432133271844,0.00037602763876115673,0.0011278283327555982,4.273612626046329e-05,4.666666666666667,0.4714045207910317
normalizer,dbscan,pca,ksvc,hyperbolic,normalizer__dbscan__pca__ksvc__hyperbolic,ok,,0.5422779281204007,0.03618472089014007,0.1529141143023828,0.02352317591817047,0.0,0.0,0.6786115458229274,0.05942972466603469,0.00915096300013829,0.0001649340828680892,0.0009208839989393406,2.299864190511285e-05,4.666666666666667,0.4714045207910317
normalizer,dbscan,pca,ksvc,triangle,normalizer__dbscan__pca__ksvc__triangle,ok,,0.5954992166358068,0.020646925509609185,0.2948914096495236,0.04947264556941096,0.29632332498962866,0.06260525410560884,0.7129940683209298,0.026503916718046985,0.009609778666951266,0.00011743140070255213,0.0013312699999611748,4.8712889680285766e-05,4.666666666666667,0.4714045207910317
normalizer,dbscan,pca,ksvc,radial_basic,normalizer__dbscan__pca__ksvc__radial_basic,ok,,0.5870246403646204,0.024668957495476554,0.2709716915077494,0.046907919926566094,0.2790636688610543,0.0738050524020185,0.6754506649777143,0.018344126835325453,0.008818572666617305,0.00022467550732622714,0.0011673103338883568,0.0002013151615061033,4.666666666666667,0.4714045207910317
normalizer,dbscan,pca,ksvc,rquadratic,normalizer__dbscan__pca__ksvc__rquadratic,ok,,0.5842235199164412,0.020716105404069478,0.2711297675023993,0.04653266002089281,0.27404776813979337,0.06800774890653774,0.6753970796585138,0.017990257184588732,0.008916592999715553,8.657416447050365e-05,0.0011346779998954541,3.391925809750989e-05,4.666666666666667,0.4714045207910317
normalizer,dbscan,pca,ksvc,canberra,normalizer__dbscan__pca__ksvc__canberra,ok,,0.5758201585719033,0.008903163430723423,0.2477839948822743,0.01592679103430226,0.2734348058291709,0.036172267623564965,0.7108367221641619,0.04303906085231133,0.009198367000256743,0.00013526545198630537,0.0010425793340497573,7.408121308109942e-05,4.666666666666667,0.4714045207910317
normalizer,dbscan,pca,ksvc,truncated,normalizer__dbscan__pca__ksvc__truncated,ok,,0.5954992166358068,0.020646925509609185,0.2948914096495236,0.04947264556941096,0.29632332498962866,0.06260525410560884,0.7130368033636648,0.02650228899640205,0.009575580666326763,0.00021023143794369649,0.001015357000142103,3.323326405042635e-05,4.666666666666667,0.4714045207910317
normalizer,dbscan,pca,kannc,linear,normalizer__dbscan__pca__kannc__linear,ok,,0.5422779281204007,0.03618472089014007,0.1529141143023828,0.02352317591817047,0.0,0.0,0.688720923303945,0.026499471934486724,0.20546087333301935,0.003975033476960706,0.15023793733356192,0.0008812024733058759,4.666666666666667,0.4714045207910317
normalizer,dbscan,pca,kannc,poly,normalizer__dbscan__pca__kannc__poly,ok,,0.5422779281204007,0.03618472089014007,0.1529141143023828,0.02352317591817047,0.0,0.0,0.5953960303249856,0.08628673225094652,0.23621838866711187,0.004160115661317752,0.1840698319999016,0.002809093459062353,4.666666666666667,0.4714045207910317
normalizer,dbscan,pca,kannc,rbf,normalizer__dbscan__pca__kannc__rbf,ok,,0.5506100745382899,0.02102198479441423,0.20912978120141545,0.0332072994389393,0.1568291395346818,0.06223085300254898,0.6567500980226124,0.016201547116324044,2.0413994940002644,0.06424689388569532,1.6761159563326753,0.016433430527586872,4.666666666666667,0.4714045207910317
normalizer,dbscan,pca,kannc,hyperbolic,normalizer__dbscan__pca__kannc__hyperbolic,ok,,0.5422779281204007,0.03618472089014007,0.1529141143023828,0.02352317591817047,0.0,0.0,0.5953960303249856,0.08628673225094652,0.2350673993332748,0.004331283341129513,0.18352106166639715,0.0010118779788635976,4.666666666666667,0.4714045207910317
normalizer,dbscan,pca,kannc,triangle,normalizer__dbscan__pca__kannc__triangle,ok,,0.5392394245833927,0.03502114246132616,0.253183986353511,0.050704833486741374,0.18617316322167732,0.08300609891926622,0.5944763594952475,0.040305665876359066,2.4621549066675166,0.009331915232383395,1.9936719759995565,0.060693683580803244,4.666666666666667,0.4714045207910317
normalizer,dbscan,pca,kannc,radial_basic,normalizer__dbscan__pca__kannc__radial_basic,ok,,0.5618857712576556,0.030242791845164086,0.22766834616372147,0.045742973985877386,0.17770678943644427,0.0683883272306957,0.6293221359934432,0.025662310822385744,0.27607880333319673,0.007313381332597942,0.2165108366674152,0.0071679891306692806,4.666666666666667,0.4714045207910317
normalizer,dbscan,pca,kannc,rquadratic,normalizer__dbscan__pca__kannc__rquadratic,ok,,0.5477852157812277,0.018994326187800465,0.20795145679266938,0.03214942337200373,0.15957763581454923,0.06194135176835584,0.6352515839362685,0.021825073693515846,2.0236012550012674,0.014109826486478695,1.6576152766665473,0.03796172584955719,4.666666666666667,0.4714045207910317
normalizer,dbscan,pca,kannc,canberra,normalizer__dbscan__pca__kannc__canberra,ok,,0.48578075297915774,0.04401125999706546,0.16223142251525705,0.03669712398308918,0.03915184829982873,0.055369074857591793,0.5934278178992717,0.06605261406369424,0.4091231013335346,0.004016694859448445,0.31984325300012034,0.010662521135312285,4.666666666666667,0.4714045207910317
normalizer,dbscan,pca,kannc,truncated,normalizer__dbscan__pca__kannc__truncated,ok,,0.5392394245833927,0.03502114246132616,0.253183986353511,0.050704833486741374,0.18617316322167732,0.08300609891926622,0.5944763594952475,0.040305665876359066,0.31523427599980397,0.0016154988868956968,0.2453256393328047,0.0014453123271833633,4.666666666666667,0.4714045207910317
normalizer,dbscan,pca,kridge,linear,normalizer__dbscan__pca__kridge__linear,ok,,0.5110145753216541,0.06370968517213578,0.24518314491725923,0.013552792916223874,0.31866783021339223,0.0618474195783918,0.7191608990038595,0.004470447932911965,0.00832693133391634,0.0002489866944412433,0.0006271166657825233,5.984816909045357e-06,4.666666666666667,0.4714045207910317
normalizer,dbscan,pca,kridge,poly,normalizer__dbscan__pca__kridge__poly,ok,,0.5422779281204007,0.03618472089014007,0.1529141143023828,0.02352317591817047,0.0,0.0,0.7191608990038595,0.004470447932911965,0.008917097000448848,0.0004299653387612765,0.000696348999554175,3.6484597406046526e-05,4.666666666666667,0.4714045207910317
normalizer,dbscan,pca,kridge,rbf,normalizer__dbscan__pca__kridge__rbf,ok,,0.595475478326924,0.018756298669655697,0.29151367147164514,0.04516719292349081,0.299688613115823,0.06289212011706896,0.7295909360722823,0.0206419729085721,0.00836482999875443,9.256023235697778e-05,0.0009117859996573922,8.546724020510762e-06,4.666666666666667,0.4714045207910317
normalizer,dbscan,pca,kridge,hyperbolic,normalizer__dbscan__pca__kridge__hyperbolic,ok,,0.5422779281204007,0.03618472089014007,0.1529141143023828,0.02352317591817047,0.0,0.0,0.7191608990038595,0.004470447932911965,0.008392763332570516,0.0002340229829805743,0.0006925813334722383,5.378584890935866e-06,4.666666666666667,0.4714045207910317
normalizer,dbscan,pca,kridge,triangle,normalizer__dbscan__pca__kridge__triangle,ok,,0.6039263162892275,0.02064433255425593,0.3184226682340254,0.043429749747214065,0.3129579246761455,0.05939888628846363,0.7672186897832581,0.025186608202624552,0.008950100333701508,0.0003213912147610067,0.00106186599926635,2.7824581839645928e-05,4.666666666666667,0.4714045207910317
normalizer,dbscan,pca,kridge,radial_basic,normalizer__dbscan__pca__kridge__radial_basic,ok,,0.5926743578787447,0.021333780770912924,0.29030352074878985,0.04787424292295082,0.2859335992775482,0.07113440845915739,0.7338155581851691,0.025947022383234316,0.008398875332810954,0.00022393796029282077,0.0007772733333695214,8.83903752292879e-05,4.666666666666667,0.4714045207910317
normalizer,dbscan,pca,kridge,rquadratic,normalizer__dbscan__pca__kridge__rquadratic,ok,,0.5954992166358068,0.020646925509609185,0.2977213492596503,0.052428037312681815,0.2938282340639173,0.06546001872392639,0.7397086257761276,0.017656184502714285,0.008827098999972804,0.00039331179309313617,0.0008887253334251,8.880706909709952e-06,4.666666666666667,0.4714045207910317
normalizer,dbscan,pca,kridge,canberra,normalizer__dbscan__pca__kridge__canberra,ok,,0.6039263162892275,0.01381304432970773,0.30572287938996323,0.04870062815960703,0.3208808922708222,0.04820429642863049,0.770558808419613,0.030068343452101503,0.009412285666864287,0.0008724059200682538,0.0008769466664186135,7.624884219167301e-05,4.666666666666667,0.4714045207910317
normalizer,dbscan,pca,kridge,truncated,normalizer__dbscan__pca__kridge__truncated,ok,,0.6039263162892275,0.02064433255425593,0.3184226682340254,0.043429749747214065,0.3129579246761455,0.05939888628846363,0.7672186897832581,0.025186608202624552,0.010486003667513918,0.0004968943951491381,0.0008430786662453708,7.887862416692553e-05,4.666666666666667,0.4714045207910317
normalizer,dbscan,lda,ksvc,linear,normalizer__dbscan__lda__ksvc__linear,ok,,0.7697621421449936,0.034648873458021874,0.543864993054565,0.07556078788974858,0.6416551316015672,0.03951334067026397,0.8535095723361262,0.02271436818907565,0.008802164666121826,0.00017407582216680037,0.0008758476663691303,5.303872240843935e-05,4.666666666666667,0.4714045207910317
normalizer,dbscan,lda,ksvc,poly,normalizer__dbscan__lda__ksvc__poly,ok,,0.7697384038361107,0.0202020679464012,0.5455469211544354,0.04463661799862012,0.6391126534752215,0.017178220949795518,0.850671281071444,0.024583471472244853,0.00896020633384372,0.00015852570887059188,0.0008764023332332727,9.854918168626909e-05,4.666666666666667,0.4714045207910317
normalizer,dbscan,lda,ksvc,rbf,normalizer__dbscan__lda__ksvc__rbf,ok,,0.7585101837345108,0.027075224556719794,0.4790869721806695,0.060434875889931995,0.6305257161703524,0.02738308892037594,0.8639951213244316,0.021134062752882272,0.008745610333183626,0.0002909731569066601,0.0011044506663893117,5.9221858837415364e-05,4.666666666666667,0.4714045207910317
normalizer,dbscan,lda,ksvc,hyperbolic,normalizer__dbscan__lda__ksvc__hyperbolic,ok,,0.6995442244694487,0.033704603614058685,0.45311399184385953,0.07640131629758203,0.5296754754788132,0.03606511956892678,0.7446642033208645,0.048869352367424825,0.00859723033378638,0.00021443325723190975,0.0008740240003438279,4.395968308170699e-05,4.666666666666667,0.4714045207910317
normalizer,dbscan,lda,ksvc,triangle,normalizer__dbscan__lda__ksvc__triangle,ok,,0.7668898067701657,0.025656445066702456,0.5158051250981773,0.04924376385556189,0.6365388303756351,0.035600845438389504,0.8714550293584941,0.008911720774958942,0.00893254699925213,0.0002517424547638888,0.0012975260002955717,0.00012331113413035664,4.666666666666667,0.4714045207910317
normalizer,dbscan,lda,ksvc,radial_basic,normalizer__dbscan__lda__ksvc__radial_basic,ok,,0.7782129801072971,0.037199937193089894,0.5530094001960583,0.08508947292849903,0.653912026918587,0.045182397663759664,0.8373999557699051,0.060562339770693877,0.010399726333465273,9.271119481243036e-05,0.0020455730003353287,0.00018428253324857984,4.666666666666667,0.4714045207910317
normalizer,dbscan,lda,ksvc,rquadratic,normalizer__dbscan__lda__ksvc__rquadratic,ok,,0.7640886863219865,0.029571797612604825,0.49871228368409654,0.05469545769820529,0.636204474725974,0.03929760573447748,0.8731129101351626,0.019214171981929783,0.008863692334368048,0.0004652111454449313,0.0010746940006356454,1.0621966656497544e-05,4.666666666666667,0.4714045207910317
normalizer,dbscan,lda,ksvc,canberra,normalizer__dbscan__lda__ksvc__canberra,ok,,0.738878602288373,0.03061906914999528,0.43663780663780666,0.0739646471134622,0.6006594015978494,0.030358936673000124,0.8572690662919168,0.04115013715763154,0.01089458066659669,0.00036622068405030425,0.0024706843329719654,8.179209017190978e-05,4.666666666666667,0.4714045207910317
normalizer,dbscan,lda,ksvc,truncated,normalizer__dbscan__lda__ksvc__truncated,ok,,0.7528842045292694,0.023383957322271175,0.4947606688067839,0.051151723131891765,0.6141380562858759,0.023517569160911612,0.853032031303917,0.03106125520567496,0.013170599666409544,0.0005443915675412494,0.0021451159997620075,0.00019644795230524734,4.666666666666667,0.4714045207910317
normalizer,dbscan,lda,kannc,linear,normalizer__dbscan__lda__kannc__linear,ok,,0.6966956274035038,0.019632342090634435,0.40905259128384763,0.03458624167761066,0.5336855481325027,0.018074717842097004,0.8767072861018473,0.023232532373009363,0.21865498466710656,0.015301417899481022,0.16785371133361573,0.018730349984242726,4.666666666666667,0.4714045207910317
normalizer,dbscan,lda,kannc,poly,normalizer__dbscan__lda__kannc__poly,ok,,0.7557802782129802,0.060483384982241456,0.5350460751091853,0.1472617190121309,0.6206029776599781,0.07926104086738629,0.8466746965565465,0.10262606524068021,0.24397126133286898,0.0051207291397118715,0.18608871400041002,0.005516321811488404,4.666666666666667,0.4714045207910317
normalizer,dbscan,lda,kannc,rbf,normalizer__dbscan__lda__kannc__rbf,ok,,0.7024165598442768,0.042635218729853985,0.3683618742157296,0.0925849453458314,0.5175361038270482,0.0594799225217876,0.8750880368800096,0.0438910414705089,2.011271956666557,0.02273916611315546,1.6240243476665153,0.023796093367730985,4.666666666666667,0.4714045207910317
normalizer,dbscan,lda,kannc,hyperbolic,normalizer__dbscan__lda__kannc__hyperbolic,ok,,0.7134786117836965,0.020615569849479345,0.41234620800434013,0.032682902442704435,0.5545308195522796,0.03387757786567501,0.78405550531845,0.09405196197937847,0.2378090970002328,0.004702579933494987,0.18086084866687693,0.0014000108076101107,4.666666666666667,0.4714045207910317
normalizer,dbscan,lda,kannc,triangle,normalizer__dbscan__lda__kannc__triangle,ok,,0.677064045957366,0.02667315653444996,0.3751775416196595,0.050941181188979,0.4881321037679484,0.05531167585530639,0.8465501456231458,0.06151880617591586,2.4467258703334664,0.024828867262406684,1.9799295320002177,0.03221994920943332,4.666666666666667,0.4714045207910317
normalizer,dbscan,lda,kannc,radial_basic,normalizer__dbscan__lda__kannc__radial_basic,ok,,0.7080425390495182,0.04582031077220963,0.37506991582851007,0.10171548953651606,0.5302745425567322,0.06883148001563365,0.8857611078507657,0.038069285887650156,0.27602423933300696,0.005581275531505492,0.2115728280004987,0.005676394742190028,4.666666666666667,0.4714045207910317
normalizer,dbscan,lda,kannc,rquadratic,normalizer__dbscan__lda__kannc__rquadratic,ok,,0.6713905901343589,0.012662157259441816,0.32844231604643065,0.04646947440120024,0.45243273662357203,0.01866579092228293,0.8501261454674504,0.025530748164256694,2.039151374665986,0.011135824089694272,1.6685971333329992,0.02249771360173135,4.666666666666667,0.4714045207910317
normalizer,dbscan,lda,kannc,canberra,normalizer__dbscan__lda__kannc__canberra,ok,,0.5422779281204007,0.03618472089014007,0.1529141143023828,0.02352317591817047,0.0,0.0,0.6072215255244636,0.07316401694048527,0.39073584733341704,0.0014906724239498999,0.31161371133324184,0.0021576139216498277,4.666666666666667,0.4714045207910317
normalizer,dbscan,lda,kannc,truncated,normalizer__dbscan__lda__kannc__truncated,ok,,0.5731377296681385,0.03330727524803823,0.2526472350636984,0.028081946032207733,0.219970110442982,0.04837878913834746,0.6592002130367914,0.10658317164795957,0.3250197199995455,0.009457794522736795,0.2519240993333369,0.00934417257454623,4.666666666666667,0.4714045207910317
normalizer,dbscan,lda,kridge,linear,normalizer__dbscan__lda__kridge__linear,ok,,0.7220244029815316,0.04745349102016398,0.49075441740354203,0.07994747488700964,0.5771347584240999,0.05271129277638146,0.8534087616567468,0.035740130203154495,0.008865151665910767,0.00024030876551301396,0.0007351189991216719,0.00017000741463246098,4.666666666666667,0.4714045207910317
normalizer,dbscan,lda,kridge,poly,normalizer__dbscan__lda__kridge__poly,ok,,0.7473057019417936,0.037553179354772454,0.5038079704450539,0.08915061917530726,0.5978060452135607,0.04605690810623704,0.8787071349457816,0.022025534881655418,0.008654546333370186,0.00037150006121517586,0.000700319666066207,6.389935356506935e-05,4.666666666666667,0.4714045207910317
normalizer,dbscan,lda,kridge,rbf,normalizer__dbscan__lda__kridge__rbf,ok,,0.7585339220433936,0.03389098997059417,0.5057187134075573,0.09421065525319253,0.6213823188239974,0.03858761629755713,0.8883978834192773,0.023588411866624776,0.008995864332973724,0.0004639810061604467,0.0008865883331357812,2.4167676205909583e-05,4.666666666666667,0.4714045207910317
normalizer,dbscan,lda,kridge,hyperbolic,normalizer__dbscan__lda__kridge__hyperbolic,ok,,0.5062669135450791,0.21115558405268486,0.354675187122405,0.1357816182514948,0.33755519530174594,0.2020531555548193,0.670121850971849,0.08613162796967004,0.00866324600065127,0.0002488387693330799,0.0006605666670414697,3.029719878995837e-05,4.666666666666667,0.4714045207910317
normalizer,dbscan,lda,kridge,triangle,normalizer__dbscan__lda__kridge__triangle,ok,,0.7585101837345108,0.02334003355678415,0.5383582735632295,0.06629307708846084,0.622018715661324,0.022520621957265164,0.879235522361053,0.021228442786371707,0.008657963000587188,0.00024205423968924427,0.0009966283329655805,7.655135261812439e-06,4.666666666666667,0.4714045207910317
normalizer,dbscan,lda,kridge,radial_basic,normalizer__dbscan__lda__kridge__radial_basic,ok,,0.7725632625931729,0.03580594793094125,0.5466283324263029,0.07312541804108226,0.6463303976288878,0.04504963389196489,0.8892142942205421,0.014147098575424927,0.01053262033383362,9.378991357357784e-05,0.0018485639993741643,0.0001720395910601231,4.666666666666667,0.4714045207910317
normalizer,dbscan,lda,kridge,rquadratic,normalizer__dbscan__lda__kridge__rquadratic,ok,,0.7725870009020558,0.04234014708215117,0.5544626307940431,0.07824008295320953,0.6450270807781612,0.054784644929083214,0.8996447865019247,0.01894403996363014,0.008835648333842983,9.911828436805945e-05,0.0008948000001206916,5.3981953248783345e-05,4.666666666666667,0.4714045207910317
normalizer,dbscan,lda,kridge,canberra,normalizer__dbscan__lda__kridge__canberra,ok,,0.7473057019417938,0.030650688960270105,0.4724142249194088,0.08320509884953403,0.6061755511444914,0.03027211036385594,0.8859872146825988,0.03680759096605841,0.010775483334631039,0.00016356413411496506,0.002303084667194829,0.00012174463903638176,4.666666666666667,0.4714045207910317
normalizer,dbscan,lda,kridge,truncated,normalizer__dbscan__lda__kridge__truncated,ok,,0.7304277643260694,0.030738094448613626,0.47046320497606686,0.0669379777195785,0.5740060047016207,0.03469682510395764,0.8705800572958488,0.034129655969071526,0.012822539333380215,0.0005801687947325041,0.0019090290000652506,0.00011990761872862288,4.666666666666667,0.4714045207910317
normalizer,agglomerative,pca,ksvc,linear,normalizer__agglomerative__pca__ksvc__linear,ok,,0.4602383326211841,0.11717983325986463,0.12424269599410842,0.022824284845812694,0.0,0.0,0.6882845905996797,0.0484663930303773,0.002704022333394581,5.040654306488584e-05,0.000938951333106767,7.463022493110603e-05,5.0,0.0
normalizer,agglomerative,pca,ksvc,poly,normalizer__agglomerative__pca__ksvc__poly,ok,,0.4602383326211841,0.11717983325986463,0.12424269599410842,0.022824284845812694,0.0,0.0,0.6882845905996797,0.0484663930303773,0.002802977999332749,4.3696957079423204e-05,0.0009528650001205582,6.490676616520428e-05,5.0,0.0
normalizer,agglomerative,pca,ksvc,rbf,normalizer__agglomerative__pca__ksvc__rbf,ok,,0.5305749418411433,0.09463740024045571,0.2642597485224491,0.03109522325104075,0.2653561682474708,0.05629639936136348,0.7059828962330853,0.03646594160042683,0.003023749332593676,8.517296059975964e-05,0.0012679423331671085,0.00011639053106835698,5.0,0.0
normalizer,agglomerative,pca,ksvc,hyperbolic,normalizer__agglomerative__pca__ksvc__hyperbolic,ok,,0.4602383326211841,0.11717983325986463,0.12424269599410842,0.022824284845812694,0.0,0.0,0.6882845905996797,0.0484663930303773,0.002740229000361675,0.00011148355209167125,0.0009318009997514309,3.1135024176389785e-05,5.0,0.0
normalizer,agglomerative,pca,ksvc,triangle,normalizer__agglomerative__pca__ksvc__triangle,ok,,0.5671794141385368,0.07044790214958421,0.331064991495099,0.018329474326186534,0.31405208982553323,0.017087303249919358,0.7181940583791203,0.024156793379764344,0.0031046270002358747,0.00010733832360186951,0.0013866723335619706,5.2066409314794284e-05,5.0,0.0
normalizer,agglomerative,pca,ksvc,radial_basic,normalizer__agglomerative__pca__ksvc__radial_basic,ok,,0.5418031619427431,0.08687621735450701,0.29806451226069136,0.029806031257796746,0.2793363409916892,0.04093980126441258,0.6923217699009337,0.02023654733141912,0.002937033666360852,8.067597832067311e-05,0.0009796490006313736,8.59729500289517e-06,5.0,0.0
normalizer,agglomerative,pca,ksvc,rquadratic,normalizer__agglomerative__pca__ksvc__rquadratic,ok,,0.5362009210463846,0.0830764030879616,0.28382722082412487,0.030904892506901382,0.2633530874684182,0.033237209396520376,0.6989234867022666,0.028871375752953322,0.002878091666692247,7.486119442031234e-05,0.001165373666784338,6.039033098522129e-06,5.0,0.0
normalizer,agglomerative,pca,ksvc,canberra,normalizer__agglomerative__pca__ksvc__canberra,ok,,0.5419455917960404,0.05676825860612866,0.27859598495467336,0.065458718577522,0.2793830291525456,0.0050814307974404015,0.7344243096142916,0.04299058733022528,0.0028716693335203067,3.764227117423484e-05,0.0010649786672729533,6.041926971460603e-05,5.0,0.0
normalizer,agglomerative,pca,ksvc,truncated,normalizer__agglomerative__pca__ksvc__truncated,ok,,0.5671794141385368,0.07044790214958421,0.331064991495099,0.018329474326186534,0.31405208982553323,0.017087303249919358,0.7181940583791203,0.024156793379764344,0.0036114369995630113,0.00022678927404266822,0.0010432309997365035,9.06660615571584e-06,5.0,0.0
normalizer,agglomerative,pca,kannc,linear,normalizer__agglomerative__pca__kannc__linear,ok,,0.4602383326211841,0.11717983325986463,0.12424269599410842,0.022824284845812694,0.0,0.0,0.6545117082553689,0.011290365197259542,0.19808714733335364,0.008647102824766061,0.1492064353327199,0.001510154060479213,5.0,0.0
normalizer,agglomerative,pca,kannc,poly,normalizer__agglomerative__pca__kannc__poly,ok,,0.4602383326211841,0.11717983325986463,0.12424269599410842,0.022824284845812694,0.0,0.0,0.47038819517817076,0.07002060708765281,0.22662750966628664,0.00294283922805513,0.17765234033322486,0.001984259927771228,5.0,0.0
normalizer,agglomerative,pca,kannc,rbf,normalizer__agglomerative__pca__kannc__rbf,ok,,0.46028580923894985,0.10360374898242769,0.15539351224360712,0.006474984027613522,0.03327737549080668,0.04865466359326139,0.5815898432773873,0.08501763169376665,2.0183920586666013,0.007300743579626659,1.6267096349996184,0.02359117922099103,5.0,0.0
normalizer,agglomerative,pca,kannc,hyperbolic,normalizer__agglomerative__pca__kannc__hyperbolic,ok,,0.4602383326211841,0.11717983325986463,0.12424269599410842,0.022824284845812694,0.0,0.0,0.47038819517817076,0.07002060708765281,0.2267961509999926,0.005597895017158598,0.17883958233323938,0.002274422785760141,5.0,0.0
normalizer,agglomerative,pca,kannc,triangle,normalizer__agglomerative__pca__kannc__triangle,ok,,0.502658690594882,0.04674073621839223,0.21926364007630048,0.05510449609014257,0.12856554108149934,0.10009459375982621,0.621744635813132,0.0424087974577708,2.448497908666468,0.03271592256239473,1.9848887003324005,0.03389550803753645,5.0,0.0
normalizer,agglomerative,pca,kannc,radial_basic,normalizer__agglomerative__pca__kannc__radial_basic,ok,,0.4715377676494327,0.09981141136166302,0.18832690448093622,0.01700511799344248,0.08294641775601418,0.02960795409499721,0.6119471006785505,0.05778417513862694,0.26276650333359913,0.000897695254912867,0.2113753980005034,0.003728750310778971,5.0,0.0
normalizer,agglomerative,pca,kannc,rquadratic,normalizer__agglomerative__pca__kannc__rquadratic,ok,,0.46876038551013627,0.09238030613433562,0.15646948864340168,0.007954248419230986,0.03578777401865805,0.07273151750303404,0.6066934823909808,0.06636871294431541,2.041412663000301,0.017064743999379097,1.6707881573335424,0.04850210222009826,5.0,0.0
normalizer,agglomerative,pca,kannc,canberra,normalizer__agglomerative__pca__kannc__canberra,ok,,0.5280349427906755,0.043429247454605,0.20424034692199192,0.09166541491629146,0.10784863320585435,0.15252099976312053,0.5816486529024774,0.09824785530783424,0.390307995000209,0.009619655430022949,0.31362127866668743,0.006453783233111387,5.0,0.0
normalizer,agglomerative,pca,kannc,truncated,normalizer__agglomerative__pca__kannc__truncated,ok,,0.502658690594882,0.04674073621839223,0.21926364007630048,0.05510449609014257,0.12856554108149934,0.10009459375982621,0.621744635813132,0.0424087974577708,0.30570540133400453,0.0014759027669971703,0.24711817566640093,0.0015044591241699552,5.0,0.0
normalizer,agglomerative,pca,kridge,linear,normalizer__agglomerative__pca__kridge__linear,ok,,0.44340787162322554,0.10385832700954455,0.21316900484171467,0.026690356177997563,0.28595806709744837,0.050212221536077066,0.7112077329723635,0.037668079297116935,0.0025579610003963658,0.00021785924951819537,0.0006505213332275162,1.3052158107953223e-05,5.0,0.0
normalizer,agglomerative,pca,kridge,poly,normalizer__agglomerative__pca__kridge__poly,ok,,0.4602383326211841,0.11717983325986463,0.12424269599410842,0.022824284845812694,0.0,0.0,0.7112077329723635,0.037668079297116935,0.002388607333462763,0.00011500607021109004,0.0007885813338361913,8.845960598599442e-05,5.0,0.0
normalizer,agglomerative,pca,kridge,rbf,normalizer__agglomerative__pca__kridge__rbf,ok,,0.5304562502967288,0.11398080950641852,0.30267990958406044,0.03647730920806325,0.27540108594373586,0.08958700833743313,0.7096495524243421,0.03489914576601777,0.0026087909997537886,6.242785950335442e-05,0.0009120703325606883,3.5393799118582014e-05,5.0,0.0
normalizer,agglomerative,pca,kridge,hyperbolic,normalizer__agglomerative__pca__kridge__hyperbolic,ok,,0.4602383326211841,0.11717983325986463,0.12424269599410842,0.022824284845812694,0.0,0.0,0.7112077329723635,0.037668079297116935,0.002334334333378744,4.880563555448367e-05,0.000698305665840356,3.411906664984014e-05,5.0,0.0
normalizer,agglomerative,pca,kridge,triangle,normalizer__agglomerative__pca__kridge__triangle,ok,,0.5671794141385368,0.07434943693379505,0.3462065206083393,0.025435972036604377,0.3214322703546151,0.03966016823645369,0.7395395375669519,0.03254782598471661,0.002661368000190123,9.559109698242497e-05,0.0012822329996803699,0.00012146529420380771,5.0,0.0
normalizer,agglomerative,pca,kridge,radial_basic,normalizer__agglomerative__pca__kridge__radial_basic,ok,,0.5417794236338603,0.09581885385815983,0.3084404581855856,0.015494267226181711,0.2842799840442296,0.05858393146640982,0.7148859888544855,0.025528943529211957,0.002469985999899412,0.0001716258498511533,0.0006981520006471934,2.8031096292243676e-05,5.0,0.0
normalizer,agglomerative,pca,kridge,rquadratic,normalizer__agglomerative__pca__kridge__rquadratic,ok,,0.5475003560746332,0.07065353429658117,0.3192238988797001,0.008718723226988866,0.2745262158318916,0.010978398443892534,0.7186796276056535,0.02901433098419542,0.00262515233286346,0.00022852130299402446,0.0008761483337972701,8.36700396194665e-06,5.0,0.0
normalizer,agglomerative,pca,kridge,canberra,normalizer__agglomerative__pca__kridge__canberra,ok,,0.5812324929971989,0.06366004581156029,0.35063821707070764,0.032765609088107786,0.34454904573532036,0.013340071329045767,0.7419836141290962,0.026098296793222172,0.0024483383331244113,0.00012121882485811641,0.0007529429998006284,7.1177734207378085e-06,5.0,0.0
normalizer,agglomerative,pca,kridge,truncated,normalizer__agglomerative__pca__kridge__truncated,ok,,0.5671794141385368,0.07434943693379505,0.3462065206083393,0.025435972036604377,0.3214322703546151,0.03966016823645369,0.7395395375669519,0.03254782598471661,0.003088713333757672,4.684546591095429e-05,0.0008060343334364006,6.282336529990972e-05,5.0,0.0
normalizer,agglomerative,lda,ksvc,linear,normalizer__agglomerative__lda__ksvc__linear,ok,,0.7189384228267578,0.05807102652426042,0.5781970835399605,0.051203543476489734,0.5942359054271473,0.04946504749126844,0.8639904742205301,0.03218439696633366,0.003284670332504902,0.0001181191457705932,0.0009876913336483994,0.0001876199477287139,5.0,0.0
normalizer,agglomerative,lda,ksvc,poly,normalizer__agglomerative__lda__ksvc__poly,ok,,0.7049328205858615,0.043790688363471525,0.5365557861893314,0.03580172372141007,0.5705283521428135,0.023115041344086155,0.8658647647845118,0.008960365809619201,0.0032102886671054875,7.536319523051474e-05,0.0008727753326335611,1.939769178178447e-05,5.0,0.0
normalizer,agglomerative,lda,ksvc,rbf,normalizer__agglomerative__lda__ksvc__rbf,ok,,0.6795565683900678,0.06312322092538512,0.458745070048536,0.028177504119342424,0.5403604856491976,0.03909708515053578,0.870211773486186,0.021392561581032147,0.003036266666943751,0.00012743878031187326,0.0012690146662256059,0.0001728075401813574,5.0,0.0
normalizer,agglomerative,lda,ksvc,hyperbolic,normalizer__agglomerative__lda__ksvc__hyperbolic,ok,,0.5783126810046052,0.09474860445634291,0.3713119830390208,0.02539610652917751,0.39366138009225016,0.08287728832352982,0.7495913956807437,0.04417102286792756,0.0030544779995883196,0.00024129003835393712,0.0008741009999842694,2.1659353882707274e-05,5.0,0.0
normalizer,agglomerative,lda,ksvc,triangle,normalizer__agglomerative__lda__ksvc__triangle,ok,,0.718914684517875,0.06022242877344668,0.5325050525278611,0.02504257482592078,0.598024588697243,0.04909944175528568,0.8877777036660071,0.017593070202188005,0.0032782846659150286,0.00010350259217766309,0.001249002999732814,1.685161494715296e-05,5.0,0.0
normalizer,agglomerative,lda,ksvc,radial_basic,normalizer__agglomerative__lda__ksvc__radial_basic,ok,,0.7160660874519299,0.05853419333222249,0.5600999260542192,0.019363144802182777,0.5907092698361007,0.0360012297466994,0.889122029722944,0.020082450813949014,0.004302255333338205,8.109750716462078e-05,0.0021156803334937044,8.15973136522059e-06,5.0,0.0
normalizer,agglomerative,lda,ksvc,rquadratic,normalizer__agglomerative__lda__ksvc__rquadratic,ok,,0.6992593647628543,0.049501392548309694,0.49678357024782205,0.02942508487309407,0.5695794436628809,0.01956040988358028,0.8911543574158772,0.020754497868859387,0.002955412333297621,4.822865263116243e-05,0.0010950893332240714,1.666298104903256e-05,5.0,0.0
normalizer,agglomerative,lda,ksvc,canberra,normalizer__agglomerative__lda__ksvc__canberra,ok,,0.6906898352561365,0.09077780105104187,0.4654505416326417,0.04832360183241348,0.5480596453629626,0.09498071859977496,0.8792517492761972,0.020241125748030817,0.004861916333538829,6.800670384076113e-05,0.0025324053331132745,1.6777495381503187e-06,5.0,0.0
normalizer,agglomerative,lda,ksvc,truncated,normalizer__agglomerative__lda__ksvc__truncated,ok,,0.68238142714713,0.05386573274645049,0.4740421204000826,0.04794164191074233,0.5313691537953855,0.0273605355737183,0.874707916143724,0.009107127727410012,0.006980239000161721,0.00019323811546901796,0.0021841339997384543,2.2074155233676014e-05,5.0,0.0
normalizer,agglomerative,lda,kannc,linear,normalizer__agglomerative__lda__kannc__linear,ok,,0.6541091012676257,0.1082276805726158,0.43455978581100263,0.058689138315862165,0.5215014341805654,0.10142633678463045,0.8827053757089209,0.022467717252870157,0.19769689566722567,0.0024999727743208115,0.15256177699969461,0.002367136844030765,5.0,0.0
normalizer,agglomerative,lda,kannc,poly,normalizer__agglomerative__lda__kannc__poly,ok,,0.6768029245596544,0.04112452200320567,0.43360881121472694,0.0548858536866324,0.5280270382243514,0.025910653195646303,0.8158387206123212,0.09997296418497803,0.2427689773333744,0.0015163000084731759,0.2008455169992279,0.003016646642370035,5.0,0.0
normalizer,agglomerative,lda,kannc,rbf,normalizer__agglomerative__lda__kannc__rbf,ok,,0.6486967668423301,0.04573776469438218,0.3632244660998765,0.06527012692844783,0.4572223571573744,0.05735277589632277,0.8310242020733524,0.03216656782387236,2.00911029933377,0.026497587661771516,1.6062641916663172,0.0456294386127437,5.0,0.0
normalizer,agglomerative,lda,kannc,hyperbolic,normalizer__agglomerative__lda__kannc__hyperbolic,ok,,0.6376584532117932,0.058497011766558166,0.41381264870812684,0.07101321389383265,0.47788688211249797,0.06557244680980481,0.7543350547095184,0.09151358333957907,0.2310126833332712,0.00456431202173639,0.18203952133383913,0.0005053873770080622,5.0,0.0
normalizer,agglomerative,lda,kannc,triangle,normalizer__agglomerative__lda__kannc__triangle,ok,,0.6264302331101933,0.08259032890488589,0.3707618176769369,0.06206047832209312,0.43528917975346676,0.11272311973853424,0.8563373478131088,0.06959989234356359,2.348181890332853,0.08421700704862924,1.923900800333892,0.0841978787763305,5.0,0.0
normalizer,agglomerative,lda,kannc,radial_basic,normalizer__agglomerative__lda__kannc__radial_basic,ok,,0.6824051654560129,0.04560500457139759,0.4012068943822165,0.07967911413898661,0.5244387249484292,0.047705147936877836,0.8775042018968828,0.01213039768919523,0.27381229233348375,0.0038197271007314763,0.21088791100009985,0.0006825445768928081,5.0,0.0
normalizer,agglomerative,lda,kannc,rquadratic,normalizer__agglomerative__lda__kannc__rquadratic,ok,,0.6318663058443716,0.039461095580372446,0.3503847998079664,0.061479078171086395,0.4280913013853119,0.049624795439926254,0.8575582048796306,0.004990928145505806,1.9277567079995304,0.0743337280843164,1.531601927000035,0.05473199502709737,5.0,0.0
normalizer,agglomerative,lda,kannc,canberra,normalizer__agglomerative__lda__kannc__canberra,ok,,0.47721122347243977,0.09138628003306881,0.16458690568859288,0.01603009569036344,0.07347423930076874,0.05447041610109265,0.5258230967206894,0.04616495455219001,0.3889090893341442,0.003328523821866394,0.3115498326666663,0.0022645079174624895,5.0,0.0
normalizer,agglomerative,lda,kannc,truncated,normalizer__agglomerative__lda__kannc__truncated,ok,,0.5760100650429664,0.054332472447844934,0.2941593984029469,0.17479506881693027,0.21907756846454307,0.21340049421411417,0.7315730609004566,0.10768085082817226,0.32424752000042645,0.01470423925858922,0.24814131133401438,0.0025504488275201243,5.0,0.0
normalizer,agglomerative,lda,kridge,linear,normalizer__agglomerative__lda__kridge__linear,ok,,0.6768029245596544,0.07419242772603721,0.5140899759459175,0.04360286844816319,0.5478421130396119,0.06922536333927172,0.8508307909531657,0.016359272836244457,0.002630642333315336,0.00012511015859578432,0.0005964146663851958,4.228191863328573e-06,5.0,0.0
normalizer,agglomerative,lda,kridge,poly,normalizer__agglomerative__lda__kridge__poly,ok,,0.6880548829701372,0.05052775858667911,0.4861297050596245,0.03517684278802514,0.5420855454336234,0.025193976693513094,0.8716412023892941,0.010056391588591576,0.002541789999061924,3.4467629081550754e-05,0.000595683333206883,5.067465741348579e-06,5.0,0.0
normalizer,agglomerative,lda,kridge,rbf,normalizer__agglomerative__lda__kridge__rbf,ok,,0.7077102027251579,0.05427562782891231,0.5082669252803469,0.030239677882481244,0.5716670930827426,0.03608578703781153,0.8984895525381772,0.022891805843340725,0.002662977332875016,4.35683881475803e-05,0.0008687870000964418,7.4495591005600405e-06,5.0,0.0
normalizer,agglomerative,lda,kridge,hyperbolic,normalizer__agglomerative__lda__kridge__hyperbolic,ok,,0.4016521862982481,0.009035787012272872,0.29009482429328765,0.0198749524956011,0.23164190503059712,0.03823617479233381,0.6591831772590352,0.03599079328589363,0.0026369410000673574,4.958639302511797e-05,0.0006396906671094863,1.327997678907244e-05,5.0,0.0
normalizer,agglomerative,lda,kridge,triangle,normalizer__agglomerative__lda__kridge__triangle,ok,,0.6908797417271993,0.05833081670773242,0.4871784451973397,0.05494979682183349,0.5497415908476677,0.05306899713208087,0.8907579423544537,0.011119291663268343,0.002806231666909298,7.16202492416374e-05,0.000983946999743542,2.8506337287058887e-06,5.0,0.0
normalizer,agglomerative,lda,kridge,radial_basic,normalizer__agglomerative__lda__kridge__radial_basic,ok,,0.7105587997911029,0.04494665590189995,0.5394998678162112,0.06119601913853735,0.5770304512812081,0.028146778644067127,0.901228981347504,0.013127190200579649,0.004031218333693687,0.0001407439889203862,0.0018498860002485646,2.4714999380754253e-05,5.0,0.0
normalizer,agglomerative,lda,kridge,rquadratic,normalizer__agglomerative__lda__kridge__rquadratic,ok,,0.7048853439680958,0.05294062276541125,0.5249948900513549,0.03178191218830254,0.5692148577733459,0.03237928777000604,0.9134971406850904,0.015103372383365685,0.002734206666597553,4.27296491682965e-05,0.0008767866668980181,3.811604588741046e-06,5.0,0.0
normalizer,agglomerative,lda,kridge,canberra,normalizer__agglomerative__lda__kridge__canberra,ok,,0.6823339505293644,0.06530584370949455,0.46826969843522687,0.033539831752392,0.5335411458596303,0.04739812199874093,0.8984019906901023,0.012134966579706466,0.004406578000877441,6.654688819884588e-05,0.0022810223326814594,1.4001994322390795e-05,5.0,0.0
normalizer,agglomerative,lda,kridge,truncated,normalizer__agglomerative__lda__kridge__truncated,ok,,0.6795565683900678,0.0560102065462404,0.4896495966948488,0.07581452909404844,0.5222213149143268,0.05443584315327459,0.8861771904852448,0.005045386669212867,0.006424798667164093,0.00014343017568986438,0.001896802666427296,1.7365510176241304e-05,5.0,0.0
